"regulator_ensg"	"regulator_symbol"	"paired_donor_set"	"paired_donors"	"case_guide_A"	"case_guide_B"	"cal_guide_A"	"cal_guide_B"	"distance_A"	"distance_B"	"total_score"	"feasible_unordered_pairs"	"feasible_ordered_pairs"	"cal_selection_status"	"target_or_expression_values_used"	"methods_config_sha256"	"amendment_sha256"	"case_support_sha256"	"ntc_support_sha256"
"ENSG00000004487"	"KDM1A"	"D1,D2,D3,D4"	4	"KDM1A-1"	"KDM1A-2"	"NTC-334"	"NTC-785"	0.517870909639147	0.516352393779127	1.03422330341827	9958	19916	"FIXED_PREOUTCOME_K1"	FALSE	"171992cf0c2a40eb19a4bb206ba84a5db0ef2780818561d5986199607ea37fe4"	"dde9b2fb0353bc60fcbd6bc2998b6e9e98bfb59409f59fc606a6acef4039b6f1"	"1955afd3c66c0adbb8a6d8a73e9aebd2eba41ecfe9640ab5d612713cf6f6b8ab"	"936b7a8579a900caeb1e7ece74ebaa019b3d4492e86a3107756dc8a049fb4588"
"ENSG00000005339"	"CREBBP"	"D1,D2,D3,D4"	4	"CREBBP-1"	"CREBBP-2"	"NTC-322"	"NTC-651"	0.493790177085469	0.526535298225698	1.02032547531117	9958	19916	"FIXED_PREOUTCOME_K1"	FALSE	"171992cf0c2a40eb19a4bb206ba84a5db0ef2780818561d5986199607ea37fe4"	"dde9b2fb0353bc60fcbd6bc2998b6e9e98bfb59409f59fc606a6acef4039b6f1"	"1955afd3c66c0adbb8a6d8a73e9aebd2eba41ecfe9640ab5d612713cf6f6b8ab"	"936b7a8579a900caeb1e7ece74ebaa019b3d4492e86a3107756dc8a049fb4588"
"ENSG00000008838"	"MED24"	"D1,D3,D4"	3	"MED24-1"	"MED24-2"	"NTC-367"	"NTC-278"	0.46294337947081	0.55688711403917	1.01983049350998	15589	31178	"FIXED_PREOUTCOME_K1"	FALSE	"171992cf0c2a40eb19a4bb206ba84a5db0ef2780818561d5986199607ea37fe4"	"dde9b2fb0353bc60fcbd6bc2998b6e9e98bfb59409f59fc606a6acef4039b6f1"	"1955afd3c66c0adbb8a6d8a73e9aebd2eba41ecfe9640ab5d612713cf6f6b8ab"	"936b7a8579a900caeb1e7ece74ebaa019b3d4492e86a3107756dc8a049fb4588"
"ENSG00000009307"	"CSDE1"	"D2,D3,D4"	3	"CSDE1-1"	"CSDE1-2"	"NTC-265"	"NTC-022"	0.506081490180289	0.565430085399661	1.07151157557995	11591	23182	"FIXED_PREOUTCOME_K1"	FALSE	"171992cf0c2a40eb19a4bb206ba84a5db0ef2780818561d5986199607ea37fe4"	"dde9b2fb0353bc60fcbd6bc2998b6e9e98bfb59409f59fc606a6acef4039b6f1"	"1955afd3c66c0adbb8a6d8a73e9aebd2eba41ecfe9640ab5d612713cf6f6b8ab"	"936b7a8579a900caeb1e7ece74ebaa019b3d4492e86a3107756dc8a049fb4588"
"ENSG00000011028"	"MRC2"	"D1,D2,D3,D4"	4	"MRC2-1"	"MRC2-2"	"NTC-249"	"NTC-846"	0.569229808441475	0.473781850411426	1.0430116588529	9958	19916	"FIXED_PREOUTCOME_K1"	FALSE	"171992cf0c2a40eb19a4bb206ba84a5db0ef2780818561d5986199607ea37fe4"	"dde9b2fb0353bc60fcbd6bc2998b6e9e98bfb59409f59fc606a6acef4039b6f1"	"1955afd3c66c0adbb8a6d8a73e9aebd2eba41ecfe9640ab5d612713cf6f6b8ab"	"936b7a8579a900caeb1e7ece74ebaa019b3d4492e86a3107756dc8a049fb4588"
"ENSG00000027001"	"MIPEP"	"D1,D3,D4"	3	"MIPEP-1"	"MIPEP-2"	"NTC-708"	"NTC-278"	0.460325629047051	0.556651577840793	1.01697720688784	15589	31178	"FIXED_PREOUTCOME_K1"	FALSE	"171992cf0c2a40eb19a4bb206ba84a5db0ef2780818561d5986199607ea37fe4"	"dde9b2fb0353bc60fcbd6bc2998b6e9e98bfb59409f59fc606a6acef4039b6f1"	"1955afd3c66c0adbb8a6d8a73e9aebd2eba41ecfe9640ab5d612713cf6f6b8ab"	"936b7a8579a900caeb1e7ece74ebaa019b3d4492e86a3107756dc8a049fb4588"
"ENSG00000037897"	"METTL1"	"D2,D3,D4"	3	"METTL1-1"	"METTL1-2"	"NTC-125"	"NTC-656"	0.546719864331462	0.579429737797682	1.12614960212914	11591	23182	"FIXED_PREOUTCOME_K1"	FALSE	"171992cf0c2a40eb19a4bb206ba84a5db0ef2780818561d5986199607ea37fe4"	"dde9b2fb0353bc60fcbd6bc2998b6e9e98bfb59409f59fc606a6acef4039b6f1"	"1955afd3c66c0adbb8a6d8a73e9aebd2eba41ecfe9640ab5d612713cf6f6b8ab"	"936b7a8579a900caeb1e7ece74ebaa019b3d4492e86a3107756dc8a049fb4588"
"ENSG00000040633"	"PHF23"	"D1,D2,D4"	3	"PHF23-1"	"PHF23-2"	"NTC-375"	"NTC-435"	0.476193574257764	0.529153159417068	1.00534673367483	17174	34348	"FIXED_PREOUTCOME_K1"	FALSE	"171992cf0c2a40eb19a4bb206ba84a5db0ef2780818561d5986199607ea37fe4"	"dde9b2fb0353bc60fcbd6bc2998b6e9e98bfb59409f59fc606a6acef4039b6f1"	"1955afd3c66c0adbb8a6d8a73e9aebd2eba41ecfe9640ab5d612713cf6f6b8ab"	"936b7a8579a900caeb1e7ece74ebaa019b3d4492e86a3107756dc8a049fb4588"
"ENSG00000054118"	"THRAP3"	"D1,D2,D3,D4"	4	"THRAP3-1"	"THRAP3-2"	"NTC-249"	"NTC-290"	0.543643786652293	0.500714009251654	1.04435779590395	9958	19916	"FIXED_PREOUTCOME_K1"	FALSE	"171992cf0c2a40eb19a4bb206ba84a5db0ef2780818561d5986199607ea37fe4"	"dde9b2fb0353bc60fcbd6bc2998b6e9e98bfb59409f59fc606a6acef4039b6f1"	"1955afd3c66c0adbb8a6d8a73e9aebd2eba41ecfe9640ab5d612713cf6f6b8ab"	"936b7a8579a900caeb1e7ece74ebaa019b3d4492e86a3107756dc8a049fb4588"
"ENSG00000064995"	"TAF11"	"D1,D2,D3,D4"	4	"TAF11-1"	"TAF11-2"	"NTC-634"	"NTC-446"	0.55592789544633	0.605719043398697	1.16164693884503	9958	19916	"FIXED_PREOUTCOME_K1"	FALSE	"171992cf0c2a40eb19a4bb206ba84a5db0ef2780818561d5986199607ea37fe4"	"dde9b2fb0353bc60fcbd6bc2998b6e9e98bfb59409f59fc606a6acef4039b6f1"	"1955afd3c66c0adbb8a6d8a73e9aebd2eba41ecfe9640ab5d612713cf6f6b8ab"	"936b7a8579a900caeb1e7ece74ebaa019b3d4492e86a3107756dc8a049fb4588"
"ENSG00000065615"	"CYB5R4"	"D1,D2,D4"	3	"CYB5R4-1"	"CYB5R4-2"	"NTC-656"	"NTC-368"	0.508875198313725	0.414828858692088	0.923704057005813	17174	34348	"FIXED_PREOUTCOME_K1"	FALSE	"171992cf0c2a40eb19a4bb206ba84a5db0ef2780818561d5986199607ea37fe4"	"dde9b2fb0353bc60fcbd6bc2998b6e9e98bfb59409f59fc606a6acef4039b6f1"	"1955afd3c66c0adbb8a6d8a73e9aebd2eba41ecfe9640ab5d612713cf6f6b8ab"	"936b7a8579a900caeb1e7ece74ebaa019b3d4492e86a3107756dc8a049fb4588"
"ENSG00000065883"	"CDK13"	"D1,D2,D3,D4"	4	"CDK13-1"	"CDK13-2"	"NTC-525"	"NTC-426"	0.568894758912666	0.507402847931239	1.0762976068439	9958	19916	"FIXED_PREOUTCOME_K1"	FALSE	"171992cf0c2a40eb19a4bb206ba84a5db0ef2780818561d5986199607ea37fe4"	"dde9b2fb0353bc60fcbd6bc2998b6e9e98bfb59409f59fc606a6acef4039b6f1"	"1955afd3c66c0adbb8a6d8a73e9aebd2eba41ecfe9640ab5d612713cf6f6b8ab"	"936b7a8579a900caeb1e7ece74ebaa019b3d4492e86a3107756dc8a049fb4588"
"ENSG00000066044"	"ELAVL1"	"D2,D3,D4"	3	"ELAVL1-1"	"ELAVL1-2"	"NTC-058"	"NTC-438"	0.547972079267632	0.537061063070019	1.08503314233765	11591	23182	"FIXED_PREOUTCOME_K1"	FALSE	"171992cf0c2a40eb19a4bb206ba84a5db0ef2780818561d5986199607ea37fe4"	"dde9b2fb0353bc60fcbd6bc2998b6e9e98bfb59409f59fc606a6acef4039b6f1"	"1955afd3c66c0adbb8a6d8a73e9aebd2eba41ecfe9640ab5d612713cf6f6b8ab"	"936b7a8579a900caeb1e7ece74ebaa019b3d4492e86a3107756dc8a049fb4588"
"ENSG00000066933"	"MYO9A"	"D1,D2,D3,D4"	4	"MYO9A-1"	"MYO9A-2"	"NTC-023"	"NTC-982"	0.439127708904537	0.552240143721287	0.991367852625824	9958	19916	"FIXED_PREOUTCOME_K1"	FALSE	"171992cf0c2a40eb19a4bb206ba84a5db0ef2780818561d5986199607ea37fe4"	"dde9b2fb0353bc60fcbd6bc2998b6e9e98bfb59409f59fc606a6acef4039b6f1"	"1955afd3c66c0adbb8a6d8a73e9aebd2eba41ecfe9640ab5d612713cf6f6b8ab"	"936b7a8579a900caeb1e7ece74ebaa019b3d4492e86a3107756dc8a049fb4588"
"ENSG00000071655"	"MBD3"	"D1,D2,D3,D4"	4	"MBD3-1"	"MBD3-2"	"NTC-577"	"NTC-989"	0.478532390483308	0.503752287213019	0.982284677696327	9958	19916	"FIXED_PREOUTCOME_K1"	FALSE	"171992cf0c2a40eb19a4bb206ba84a5db0ef2780818561d5986199607ea37fe4"	"dde9b2fb0353bc60fcbd6bc2998b6e9e98bfb59409f59fc606a6acef4039b6f1"	"1955afd3c66c0adbb8a6d8a73e9aebd2eba41ecfe9640ab5d612713cf6f6b8ab"	"936b7a8579a900caeb1e7ece74ebaa019b3d4492e86a3107756dc8a049fb4588"
"ENSG00000075945"	"KIFAP3"	"D1,D3,D4"	3	"KIFAP3-1"	"KIFAP3-2"	"NTC-527"	"NTC-125"	0.532518317430284	0.482862600320523	1.01538091775081	15589	31178	"FIXED_PREOUTCOME_K1"	FALSE	"171992cf0c2a40eb19a4bb206ba84a5db0ef2780818561d5986199607ea37fe4"	"dde9b2fb0353bc60fcbd6bc2998b6e9e98bfb59409f59fc606a6acef4039b6f1"	"1955afd3c66c0adbb8a6d8a73e9aebd2eba41ecfe9640ab5d612713cf6f6b8ab"	"936b7a8579a900caeb1e7ece74ebaa019b3d4492e86a3107756dc8a049fb4588"
"ENSG00000077150"	"NFKB2"	"D1,D2,D3,D4"	4	"NFKB2-1"	"NFKB2-2"	"NTC-188"	"NTC-030"	0.532048120687974	0.626050605506704	1.15809872619468	9958	19916	"FIXED_PREOUTCOME_K1"	FALSE	"171992cf0c2a40eb19a4bb206ba84a5db0ef2780818561d5986199607ea37fe4"	"dde9b2fb0353bc60fcbd6bc2998b6e9e98bfb59409f59fc606a6acef4039b6f1"	"1955afd3c66c0adbb8a6d8a73e9aebd2eba41ecfe9640ab5d612713cf6f6b8ab"	"936b7a8579a900caeb1e7ece74ebaa019b3d4492e86a3107756dc8a049fb4588"
"ENSG00000078804"	"TP53INP2"	"D1,D3,D4"	3	"TP53INP2-1"	"TP53INP2-2"	"NTC-138"	"NTC-577"	0.43715997647272	0.444871836824962	0.882031813297682	15589	31178	"FIXED_PREOUTCOME_K1"	FALSE	"171992cf0c2a40eb19a4bb206ba84a5db0ef2780818561d5986199607ea37fe4"	"dde9b2fb0353bc60fcbd6bc2998b6e9e98bfb59409f59fc606a6acef4039b6f1"	"1955afd3c66c0adbb8a6d8a73e9aebd2eba41ecfe9640ab5d612713cf6f6b8ab"	"936b7a8579a900caeb1e7ece74ebaa019b3d4492e86a3107756dc8a049fb4588"
"ENSG00000083312"	"TNPO1"	"D1,D2,D3,D4"	4	"TNPO1-1"	"TNPO1-2"	"NTC-706"	"NTC-188"	0.523467956217915	0.606119730680226	1.12958768689814	9958	19916	"FIXED_PREOUTCOME_K1"	FALSE	"171992cf0c2a40eb19a4bb206ba84a5db0ef2780818561d5986199607ea37fe4"	"dde9b2fb0353bc60fcbd6bc2998b6e9e98bfb59409f59fc606a6acef4039b6f1"	"1955afd3c66c0adbb8a6d8a73e9aebd2eba41ecfe9640ab5d612713cf6f6b8ab"	"936b7a8579a900caeb1e7ece74ebaa019b3d4492e86a3107756dc8a049fb4588"
"ENSG00000086598"	"TMED2"	"D1,D2,D4"	3	"TMED2-1"	"TMED2-2"	"NTC-661"	"NTC-768"	0.51822008134699	0.42401601312905	0.94223609447604	17174	34348	"FIXED_PREOUTCOME_K1"	FALSE	"171992cf0c2a40eb19a4bb206ba84a5db0ef2780818561d5986199607ea37fe4"	"dde9b2fb0353bc60fcbd6bc2998b6e9e98bfb59409f59fc606a6acef4039b6f1"	"1955afd3c66c0adbb8a6d8a73e9aebd2eba41ecfe9640ab5d612713cf6f6b8ab"	"936b7a8579a900caeb1e7ece74ebaa019b3d4492e86a3107756dc8a049fb4588"
"ENSG00000087152"	"ATXN7L3"	"D1,D2,D3,D4"	4	"ATXN7L3-1"	"ATXN7L3-2"	"NTC-083"	"NTC-462"	0.446335542687852	0.603217682113782	1.04955322480163	9958	19916	"FIXED_PREOUTCOME_K1"	FALSE	"171992cf0c2a40eb19a4bb206ba84a5db0ef2780818561d5986199607ea37fe4"	"dde9b2fb0353bc60fcbd6bc2998b6e9e98bfb59409f59fc606a6acef4039b6f1"	"1955afd3c66c0adbb8a6d8a73e9aebd2eba41ecfe9640ab5d612713cf6f6b8ab"	"936b7a8579a900caeb1e7ece74ebaa019b3d4492e86a3107756dc8a049fb4588"
"ENSG00000087299"	"L2HGDH"	"D1,D2,D3,D4"	4	"L2HGDH-1"	"L2HGDH-2"	"NTC-660"	"NTC-634"	0.493142560983889	0.576854757204663	1.06999731818855	9958	19916	"FIXED_PREOUTCOME_K1"	FALSE	"171992cf0c2a40eb19a4bb206ba84a5db0ef2780818561d5986199607ea37fe4"	"dde9b2fb0353bc60fcbd6bc2998b6e9e98bfb59409f59fc606a6acef4039b6f1"	"1955afd3c66c0adbb8a6d8a73e9aebd2eba41ecfe9640ab5d612713cf6f6b8ab"	"936b7a8579a900caeb1e7ece74ebaa019b3d4492e86a3107756dc8a049fb4588"
"ENSG00000090447"	"TFAP4"	"D2,D3,D4"	3	"TFAP4-1"	"TFAP4-2"	"NTC-138"	"NTC-805"	0.57604793405902	0.569544570129895	1.14559250418892	11591	23182	"FIXED_PREOUTCOME_K1"	FALSE	"171992cf0c2a40eb19a4bb206ba84a5db0ef2780818561d5986199607ea37fe4"	"dde9b2fb0353bc60fcbd6bc2998b6e9e98bfb59409f59fc606a6acef4039b6f1"	"1955afd3c66c0adbb8a6d8a73e9aebd2eba41ecfe9640ab5d612713cf6f6b8ab"	"936b7a8579a900caeb1e7ece74ebaa019b3d4492e86a3107756dc8a049fb4588"
"ENSG00000090905"	"TNRC6A"	"D1,D2,D3,D4"	4	"TNRC6A-1"	"TNRC6A-2"	"NTC-831"	"NTC-847"	0.562172415935787	0.54775204490779	1.10992446084358	9958	19916	"FIXED_PREOUTCOME_K1"	FALSE	"171992cf0c2a40eb19a4bb206ba84a5db0ef2780818561d5986199607ea37fe4"	"dde9b2fb0353bc60fcbd6bc2998b6e9e98bfb59409f59fc606a6acef4039b6f1"	"1955afd3c66c0adbb8a6d8a73e9aebd2eba41ecfe9640ab5d612713cf6f6b8ab"	"936b7a8579a900caeb1e7ece74ebaa019b3d4492e86a3107756dc8a049fb4588"
"ENSG00000091732"	"ZC3HC1"	"D1,D2,D4"	3	"ZC3HC1-1"	"ZC3HC1-2"	"NTC-435"	"NTC-931"	0.472227644231672	0.44212302269406	0.914350666925732	17174	34348	"FIXED_PREOUTCOME_K1"	FALSE	"171992cf0c2a40eb19a4bb206ba84a5db0ef2780818561d5986199607ea37fe4"	"dde9b2fb0353bc60fcbd6bc2998b6e9e98bfb59409f59fc606a6acef4039b6f1"	"1955afd3c66c0adbb8a6d8a73e9aebd2eba41ecfe9640ab5d612713cf6f6b8ab"	"936b7a8579a900caeb1e7ece74ebaa019b3d4492e86a3107756dc8a049fb4588"
"ENSG00000095564"	"BTAF1"	"D1,D2,D3,D4"	4	"BTAF1-1"	"BTAF1-2"	"NTC-831"	"NTC-059"	0.559847655550952	0.548485823392438	1.10833347894339	9958	19916	"FIXED_PREOUTCOME_K1"	FALSE	"171992cf0c2a40eb19a4bb206ba84a5db0ef2780818561d5986199607ea37fe4"	"dde9b2fb0353bc60fcbd6bc2998b6e9e98bfb59409f59fc606a6acef4039b6f1"	"1955afd3c66c0adbb8a6d8a73e9aebd2eba41ecfe9640ab5d612713cf6f6b8ab"	"936b7a8579a900caeb1e7ece74ebaa019b3d4492e86a3107756dc8a049fb4588"
"ENSG00000095787"	"WAC"	"D1,D2,D3,D4"	4	"WAC-1"	"WAC-2"	"NTC-417"	"NTC-401"	0.606877958042854	0.541369975411475	1.14824793345433	9958	19916	"FIXED_PREOUTCOME_K1"	FALSE	"171992cf0c2a40eb19a4bb206ba84a5db0ef2780818561d5986199607ea37fe4"	"dde9b2fb0353bc60fcbd6bc2998b6e9e98bfb59409f59fc606a6acef4039b6f1"	"1955afd3c66c0adbb8a6d8a73e9aebd2eba41ecfe9640ab5d612713cf6f6b8ab"	"936b7a8579a900caeb1e7ece74ebaa019b3d4492e86a3107756dc8a049fb4588"
"ENSG00000099917"	"MED15"	"D1,D2,D3,D4"	4	"MED15-1"	"MED15-2"	"NTC-633"	"NTC-355"	0.4560143557886	0.507579633968422	0.963593989757022	9958	19916	"FIXED_PREOUTCOME_K1"	FALSE	"171992cf0c2a40eb19a4bb206ba84a5db0ef2780818561d5986199607ea37fe4"	"dde9b2fb0353bc60fcbd6bc2998b6e9e98bfb59409f59fc606a6acef4039b6f1"	"1955afd3c66c0adbb8a6d8a73e9aebd2eba41ecfe9640ab5d612713cf6f6b8ab"	"936b7a8579a900caeb1e7ece74ebaa019b3d4492e86a3107756dc8a049fb4588"
"ENSG00000100129"	"EIF3L"	"D1,D2,D4"	3	"EIF3L-1"	"EIF3L-2"	"NTC-183"	"NTC-891"	0.46371056750787	0.341066029309661	0.804776596817531	17174	34348	"FIXED_PREOUTCOME_K1"	FALSE	"171992cf0c2a40eb19a4bb206ba84a5db0ef2780818561d5986199607ea37fe4"	"dde9b2fb0353bc60fcbd6bc2998b6e9e98bfb59409f59fc606a6acef4039b6f1"	"1955afd3c66c0adbb8a6d8a73e9aebd2eba41ecfe9640ab5d612713cf6f6b8ab"	"936b7a8579a900caeb1e7ece74ebaa019b3d4492e86a3107756dc8a049fb4588"
"ENSG00000100294"	"MCAT"	"D1,D3,D4"	3	"MCAT-1"	"MCAT-2"	"NTC-367"	"NTC-633"	0.444790089745005	0.574538585557814	1.01932867530282	15589	31178	"FIXED_PREOUTCOME_K1"	FALSE	"171992cf0c2a40eb19a4bb206ba84a5db0ef2780818561d5986199607ea37fe4"	"dde9b2fb0353bc60fcbd6bc2998b6e9e98bfb59409f59fc606a6acef4039b6f1"	"1955afd3c66c0adbb8a6d8a73e9aebd2eba41ecfe9640ab5d612713cf6f6b8ab"	"936b7a8579a900caeb1e7ece74ebaa019b3d4492e86a3107756dc8a049fb4588"
"ENSG00000100811"	"YY1"	"D1,D3,D4"	3	"YY1-1"	"YY1-2"	"NTC-975"	"NTC-678"	0.463894020735481	0.476822878820795	0.940716899556277	15589	31178	"FIXED_PREOUTCOME_K1"	FALSE	"171992cf0c2a40eb19a4bb206ba84a5db0ef2780818561d5986199607ea37fe4"	"dde9b2fb0353bc60fcbd6bc2998b6e9e98bfb59409f59fc606a6acef4039b6f1"	"1955afd3c66c0adbb8a6d8a73e9aebd2eba41ecfe9640ab5d612713cf6f6b8ab"	"936b7a8579a900caeb1e7ece74ebaa019b3d4492e86a3107756dc8a049fb4588"
"ENSG00000101457"	"DNTTIP1"	"D1,D2,D3,D4"	4	"DNTTIP1-1"	"DNTTIP1-2"	"NTC-725"	"NTC-812"	0.625429951619349	0.537270383462507	1.16270033508186	9958	19916	"FIXED_PREOUTCOME_K1"	FALSE	"171992cf0c2a40eb19a4bb206ba84a5db0ef2780818561d5986199607ea37fe4"	"dde9b2fb0353bc60fcbd6bc2998b6e9e98bfb59409f59fc606a6acef4039b6f1"	"1955afd3c66c0adbb8a6d8a73e9aebd2eba41ecfe9640ab5d612713cf6f6b8ab"	"936b7a8579a900caeb1e7ece74ebaa019b3d4492e86a3107756dc8a049fb4588"
"ENSG00000102710"	"SUPT20H"	"D1,D2,D3,D4"	4	"SUPT20H-1"	"SUPT20H-2"	"NTC-083"	"NTC-340"	0.491206565649872	0.528867194995934	1.02007376064581	9958	19916	"FIXED_PREOUTCOME_K1"	FALSE	"171992cf0c2a40eb19a4bb206ba84a5db0ef2780818561d5986199607ea37fe4"	"dde9b2fb0353bc60fcbd6bc2998b6e9e98bfb59409f59fc606a6acef4039b6f1"	"1955afd3c66c0adbb8a6d8a73e9aebd2eba41ecfe9640ab5d612713cf6f6b8ab"	"936b7a8579a900caeb1e7ece74ebaa019b3d4492e86a3107756dc8a049fb4588"
"ENSG00000103197"	"TSC2"	"D1,D2,D4"	3	"TSC2-1"	"TSC2-2"	"NTC-401"	"NTC-083"	0.534701417856905	0.484231775376506	1.01893319323341	17174	34348	"FIXED_PREOUTCOME_K1"	FALSE	"171992cf0c2a40eb19a4bb206ba84a5db0ef2780818561d5986199607ea37fe4"	"dde9b2fb0353bc60fcbd6bc2998b6e9e98bfb59409f59fc606a6acef4039b6f1"	"1955afd3c66c0adbb8a6d8a73e9aebd2eba41ecfe9640ab5d612713cf6f6b8ab"	"936b7a8579a900caeb1e7ece74ebaa019b3d4492e86a3107756dc8a049fb4588"
"ENSG00000104517"	"UBR5"	"D1,D2,D3,D4"	4	"UBR5-1"	"UBR5-2"	"NTC-471"	"NTC-462"	0.555609107727197	0.508101170560324	1.06371027828752	9958	19916	"FIXED_PREOUTCOME_K1"	FALSE	"171992cf0c2a40eb19a4bb206ba84a5db0ef2780818561d5986199607ea37fe4"	"dde9b2fb0353bc60fcbd6bc2998b6e9e98bfb59409f59fc606a6acef4039b6f1"	"1955afd3c66c0adbb8a6d8a73e9aebd2eba41ecfe9640ab5d612713cf6f6b8ab"	"936b7a8579a900caeb1e7ece74ebaa019b3d4492e86a3107756dc8a049fb4588"
"ENSG00000105122"	"RASAL3"	"D1,D2,D3,D4"	4	"RASAL3-1"	"RASAL3-2"	"NTC-083"	"NTC-720"	0.544587957405009	0.952125958801985	1.49671391620699	9958	19916	"FIXED_PREOUTCOME_K1"	FALSE	"171992cf0c2a40eb19a4bb206ba84a5db0ef2780818561d5986199607ea37fe4"	"dde9b2fb0353bc60fcbd6bc2998b6e9e98bfb59409f59fc606a6acef4039b6f1"	"1955afd3c66c0adbb8a6d8a73e9aebd2eba41ecfe9640ab5d612713cf6f6b8ab"	"936b7a8579a900caeb1e7ece74ebaa019b3d4492e86a3107756dc8a049fb4588"
"ENSG00000105220"	"GPI"	"D1,D3,D4"	3	"GPI-1"	"GPI-2"	"NTC-061"	"NTC-530"	0.493541287223866	0.559214256835404	1.05275554405927	15589	31178	"FIXED_PREOUTCOME_K1"	FALSE	"171992cf0c2a40eb19a4bb206ba84a5db0ef2780818561d5986199607ea37fe4"	"dde9b2fb0353bc60fcbd6bc2998b6e9e98bfb59409f59fc606a6acef4039b6f1"	"1955afd3c66c0adbb8a6d8a73e9aebd2eba41ecfe9640ab5d612713cf6f6b8ab"	"936b7a8579a900caeb1e7ece74ebaa019b3d4492e86a3107756dc8a049fb4588"
"ENSG00000105771"	"SMG9"	"D1,D3,D4"	3	"SMG9-1"	"SMG9-2"	"NTC-708"	"NTC-894"	0.428021962533807	0.481383848760706	0.909405811294513	15589	31178	"FIXED_PREOUTCOME_K1"	FALSE	"171992cf0c2a40eb19a4bb206ba84a5db0ef2780818561d5986199607ea37fe4"	"dde9b2fb0353bc60fcbd6bc2998b6e9e98bfb59409f59fc606a6acef4039b6f1"	"1955afd3c66c0adbb8a6d8a73e9aebd2eba41ecfe9640ab5d612713cf6f6b8ab"	"936b7a8579a900caeb1e7ece74ebaa019b3d4492e86a3107756dc8a049fb4588"
"ENSG00000106009"	"BRAT1"	"D1,D2,D4"	3	"BRAT1-1"	"BRAT1-2"	"NTC-081"	"NTC-768"	0.429985295159023	0.579002225117917	1.00898752027694	17174	34348	"FIXED_PREOUTCOME_K1"	FALSE	"171992cf0c2a40eb19a4bb206ba84a5db0ef2780818561d5986199607ea37fe4"	"dde9b2fb0353bc60fcbd6bc2998b6e9e98bfb59409f59fc606a6acef4039b6f1"	"1955afd3c66c0adbb8a6d8a73e9aebd2eba41ecfe9640ab5d612713cf6f6b8ab"	"936b7a8579a900caeb1e7ece74ebaa019b3d4492e86a3107756dc8a049fb4588"
"ENSG00000106546"	"AHR"	"D1,D3,D4"	3	"AHR-1"	"AHR-2"	"NTC-537"	"NTC-118"	0.56829823767786	0.546097198695635	1.1143954363735	15589	31178	"FIXED_PREOUTCOME_K1"	FALSE	"171992cf0c2a40eb19a4bb206ba84a5db0ef2780818561d5986199607ea37fe4"	"dde9b2fb0353bc60fcbd6bc2998b6e9e98bfb59409f59fc606a6acef4039b6f1"	"1955afd3c66c0adbb8a6d8a73e9aebd2eba41ecfe9640ab5d612713cf6f6b8ab"	"936b7a8579a900caeb1e7ece74ebaa019b3d4492e86a3107756dc8a049fb4588"
"ENSG00000107485"	"GATA3"	"D1,D3,D4"	3	"GATA3-1"	"GATA3-2"	"NTC-038"	"NTC-804"	0.562479257225035	0.447051090259534	1.00953034748457	15589	31178	"FIXED_PREOUTCOME_K1"	FALSE	"171992cf0c2a40eb19a4bb206ba84a5db0ef2780818561d5986199607ea37fe4"	"dde9b2fb0353bc60fcbd6bc2998b6e9e98bfb59409f59fc606a6acef4039b6f1"	"1955afd3c66c0adbb8a6d8a73e9aebd2eba41ecfe9640ab5d612713cf6f6b8ab"	"936b7a8579a900caeb1e7ece74ebaa019b3d4492e86a3107756dc8a049fb4588"
"ENSG00000107872"	"FBXL15"	"D1,D2,D3,D4"	4	"FBXL15-1"	"FBXL15-2"	"NTC-078"	"NTC-346"	0.664064567539329	0.541731518391491	1.20579608593082	9958	19916	"FIXED_PREOUTCOME_K1"	FALSE	"171992cf0c2a40eb19a4bb206ba84a5db0ef2780818561d5986199607ea37fe4"	"dde9b2fb0353bc60fcbd6bc2998b6e9e98bfb59409f59fc606a6acef4039b6f1"	"1955afd3c66c0adbb8a6d8a73e9aebd2eba41ecfe9640ab5d612713cf6f6b8ab"	"936b7a8579a900caeb1e7ece74ebaa019b3d4492e86a3107756dc8a049fb4588"
"ENSG00000108064"	"TFAM"	"D1,D2,D4"	3	"TFAM-1"	"TFAM-2"	"NTC-977"	"NTC-444"	0.44130278600835	0.564141448697022	1.00544423470537	17174	34348	"FIXED_PREOUTCOME_K1"	FALSE	"171992cf0c2a40eb19a4bb206ba84a5db0ef2780818561d5986199607ea37fe4"	"dde9b2fb0353bc60fcbd6bc2998b6e9e98bfb59409f59fc606a6acef4039b6f1"	"1955afd3c66c0adbb8a6d8a73e9aebd2eba41ecfe9640ab5d612713cf6f6b8ab"	"936b7a8579a900caeb1e7ece74ebaa019b3d4492e86a3107756dc8a049fb4588"
"ENSG00000110066"	"KMT5B"	"D1,D2,D4"	3	"KMT5B-1"	"KMT5B-2"	"NTC-411"	"NTC-894"	0.494003679677797	0.546469173853102	1.0404728535309	17174	34348	"FIXED_PREOUTCOME_K1"	FALSE	"171992cf0c2a40eb19a4bb206ba84a5db0ef2780818561d5986199607ea37fe4"	"dde9b2fb0353bc60fcbd6bc2998b6e9e98bfb59409f59fc606a6acef4039b6f1"	"1955afd3c66c0adbb8a6d8a73e9aebd2eba41ecfe9640ab5d612713cf6f6b8ab"	"936b7a8579a900caeb1e7ece74ebaa019b3d4492e86a3107756dc8a049fb4588"
"ENSG00000110717"	"NDUFS8"	"D2,D3,D4"	3	"NDUFS8-1"	"NDUFS8-2"	"NTC-273"	"NTC-138"	0.585851515382836	0.519416975659271	1.10526849104211	11591	23182	"FIXED_PREOUTCOME_K1"	FALSE	"171992cf0c2a40eb19a4bb206ba84a5db0ef2780818561d5986199607ea37fe4"	"dde9b2fb0353bc60fcbd6bc2998b6e9e98bfb59409f59fc606a6acef4039b6f1"	"1955afd3c66c0adbb8a6d8a73e9aebd2eba41ecfe9640ab5d612713cf6f6b8ab"	"936b7a8579a900caeb1e7ece74ebaa019b3d4492e86a3107756dc8a049fb4588"
"ENSG00000111530"	"CAND1"	"D1,D2,D3,D4"	4	"CAND1-1"	"CAND1-2"	"NTC-366"	"NTC-444"	0.473528805192651	0.451190382334579	0.924719187527231	9958	19916	"FIXED_PREOUTCOME_K1"	FALSE	"171992cf0c2a40eb19a4bb206ba84a5db0ef2780818561d5986199607ea37fe4"	"dde9b2fb0353bc60fcbd6bc2998b6e9e98bfb59409f59fc606a6acef4039b6f1"	"1955afd3c66c0adbb8a6d8a73e9aebd2eba41ecfe9640ab5d612713cf6f6b8ab"	"936b7a8579a900caeb1e7ece74ebaa019b3d4492e86a3107756dc8a049fb4588"
"ENSG00000111642"	"CHD4"	"D1,D2,D4"	3	"CHD4-1"	"CHD4-2"	"NTC-656"	"NTC-768"	0.548378921667006	0.42734529167704	0.975724213344046	17174	34348	"FIXED_PREOUTCOME_K1"	FALSE	"171992cf0c2a40eb19a4bb206ba84a5db0ef2780818561d5986199607ea37fe4"	"dde9b2fb0353bc60fcbd6bc2998b6e9e98bfb59409f59fc606a6acef4039b6f1"	"1955afd3c66c0adbb8a6d8a73e9aebd2eba41ecfe9640ab5d612713cf6f6b8ab"	"936b7a8579a900caeb1e7ece74ebaa019b3d4492e86a3107756dc8a049fb4588"
"ENSG00000112237"	"CCNC"	"D1,D2,D4"	3	"CCNC-1"	"CCNC-2"	"NTC-030"	"NTC-203"	0.868505323233556	0.41256746410964	1.2810727873432	17174	34348	"FIXED_PREOUTCOME_K1"	FALSE	"171992cf0c2a40eb19a4bb206ba84a5db0ef2780818561d5986199607ea37fe4"	"dde9b2fb0353bc60fcbd6bc2998b6e9e98bfb59409f59fc606a6acef4039b6f1"	"1955afd3c66c0adbb8a6d8a73e9aebd2eba41ecfe9640ab5d612713cf6f6b8ab"	"936b7a8579a900caeb1e7ece74ebaa019b3d4492e86a3107756dc8a049fb4588"
"ENSG00000112282"	"MED23"	"D1,D2,D3,D4"	4	"MED23-1"	"MED23-2"	"NTC-847"	"NTC-444"	0.562291506861272	0.522201301544385	1.08449280840566	9958	19916	"FIXED_PREOUTCOME_K1"	FALSE	"171992cf0c2a40eb19a4bb206ba84a5db0ef2780818561d5986199607ea37fe4"	"dde9b2fb0353bc60fcbd6bc2998b6e9e98bfb59409f59fc606a6acef4039b6f1"	"1955afd3c66c0adbb8a6d8a73e9aebd2eba41ecfe9640ab5d612713cf6f6b8ab"	"936b7a8579a900caeb1e7ece74ebaa019b3d4492e86a3107756dc8a049fb4588"
"ENSG00000114030"	"KPNA1"	"D2,D3,D4"	3	"KPNA1-1"	"KPNA1-2"	"NTC-626"	"NTC-575"	0.581777390510828	0.759084038540967	1.34086142905179	11591	23182	"FIXED_PREOUTCOME_K1"	FALSE	"171992cf0c2a40eb19a4bb206ba84a5db0ef2780818561d5986199607ea37fe4"	"dde9b2fb0353bc60fcbd6bc2998b6e9e98bfb59409f59fc606a6acef4039b6f1"	"1955afd3c66c0adbb8a6d8a73e9aebd2eba41ecfe9640ab5d612713cf6f6b8ab"	"936b7a8579a900caeb1e7ece74ebaa019b3d4492e86a3107756dc8a049fb4588"
"ENSG00000115685"	"PPP1R7"	"D1,D2,D3,D4"	4	"PPP1R7-1"	"PPP1R7-2"	"NTC-411"	"NTC-447"	0.560817704870814	0.583325375036735	1.14414307990755	9958	19916	"FIXED_PREOUTCOME_K1"	FALSE	"171992cf0c2a40eb19a4bb206ba84a5db0ef2780818561d5986199607ea37fe4"	"dde9b2fb0353bc60fcbd6bc2998b6e9e98bfb59409f59fc606a6acef4039b6f1"	"1955afd3c66c0adbb8a6d8a73e9aebd2eba41ecfe9640ab5d612713cf6f6b8ab"	"936b7a8579a900caeb1e7ece74ebaa019b3d4492e86a3107756dc8a049fb4588"
"ENSG00000116747"	"RO60"	"D1,D2,D3,D4"	4	"TROVE2-1"	"TROVE2-2"	"NTC-401"	"NTC-634"	0.576440869316323	0.524417276495641	1.10085814581196	9958	19916	"FIXED_PREOUTCOME_K1"	FALSE	"171992cf0c2a40eb19a4bb206ba84a5db0ef2780818561d5986199607ea37fe4"	"dde9b2fb0353bc60fcbd6bc2998b6e9e98bfb59409f59fc606a6acef4039b6f1"	"1955afd3c66c0adbb8a6d8a73e9aebd2eba41ecfe9640ab5d612713cf6f6b8ab"	"936b7a8579a900caeb1e7ece74ebaa019b3d4492e86a3107756dc8a049fb4588"
"ENSG00000116754"	"SRSF11"	"D1,D2,D4"	3	"SRSF11-1"	"SRSF11-2"	"NTC-393"	"NTC-203"	0.566835925932466	0.371252099657858	0.938088025590324	17174	34348	"FIXED_PREOUTCOME_K1"	FALSE	"171992cf0c2a40eb19a4bb206ba84a5db0ef2780818561d5986199607ea37fe4"	"dde9b2fb0353bc60fcbd6bc2998b6e9e98bfb59409f59fc606a6acef4039b6f1"	"1955afd3c66c0adbb8a6d8a73e9aebd2eba41ecfe9640ab5d612713cf6f6b8ab"	"936b7a8579a900caeb1e7ece74ebaa019b3d4492e86a3107756dc8a049fb4588"
"ENSG00000117505"	"DR1"	"D1,D2,D3,D4"	4	"DR1-1"	"DR1-2"	"NTC-880"	"NTC-099"	0.582688270282301	0.573152306263886	1.15584057654619	9958	19916	"FIXED_PREOUTCOME_K1"	FALSE	"171992cf0c2a40eb19a4bb206ba84a5db0ef2780818561d5986199607ea37fe4"	"dde9b2fb0353bc60fcbd6bc2998b6e9e98bfb59409f59fc606a6acef4039b6f1"	"1955afd3c66c0adbb8a6d8a73e9aebd2eba41ecfe9640ab5d612713cf6f6b8ab"	"936b7a8579a900caeb1e7ece74ebaa019b3d4492e86a3107756dc8a049fb4588"
"ENSG00000118513"	"MYB"	"D1,D3,D4"	3	"MYB-1"	"MYB-2"	"NTC-584"	"NTC-061"	0.704562703627173	0.469300153732138	1.17386285735931	15589	31178	"FIXED_PREOUTCOME_K1"	FALSE	"171992cf0c2a40eb19a4bb206ba84a5db0ef2780818561d5986199607ea37fe4"	"dde9b2fb0353bc60fcbd6bc2998b6e9e98bfb59409f59fc606a6acef4039b6f1"	"1955afd3c66c0adbb8a6d8a73e9aebd2eba41ecfe9640ab5d612713cf6f6b8ab"	"936b7a8579a900caeb1e7ece74ebaa019b3d4492e86a3107756dc8a049fb4588"
"ENSG00000119231"	"SENP5"	"D1,D3,D4"	3	"SENP5-1"	"SENP5-2"	"NTC-930"	"NTC-485"	0.34761467793356	0.829847502413577	1.17746218034714	15589	31178	"FIXED_PREOUTCOME_K1"	FALSE	"171992cf0c2a40eb19a4bb206ba84a5db0ef2780818561d5986199607ea37fe4"	"dde9b2fb0353bc60fcbd6bc2998b6e9e98bfb59409f59fc606a6acef4039b6f1"	"1955afd3c66c0adbb8a6d8a73e9aebd2eba41ecfe9640ab5d612713cf6f6b8ab"	"936b7a8579a900caeb1e7ece74ebaa019b3d4492e86a3107756dc8a049fb4588"
"ENSG00000119421"	"NDUFA8"	"D1,D2,D3,D4"	4	"NDUFA8-1"	"NDUFA8-2"	"NTC-847"	"NTC-895"	0.553746661160834	0.477261683963011	1.03100834512385	9958	19916	"FIXED_PREOUTCOME_K1"	FALSE	"171992cf0c2a40eb19a4bb206ba84a5db0ef2780818561d5986199607ea37fe4"	"dde9b2fb0353bc60fcbd6bc2998b6e9e98bfb59409f59fc606a6acef4039b6f1"	"1955afd3c66c0adbb8a6d8a73e9aebd2eba41ecfe9640ab5d612713cf6f6b8ab"	"936b7a8579a900caeb1e7ece74ebaa019b3d4492e86a3107756dc8a049fb4588"
"ENSG00000119760"	"SUPT7L"	"D1,D2,D3,D4"	4	"SUPT7L-1"	"SUPT7L-2"	"NTC-890"	"NTC-485"	0.608575750228849	0.838621990441028	1.44719774066988	9958	19916	"FIXED_PREOUTCOME_K1"	FALSE	"171992cf0c2a40eb19a4bb206ba84a5db0ef2780818561d5986199607ea37fe4"	"dde9b2fb0353bc60fcbd6bc2998b6e9e98bfb59409f59fc606a6acef4039b6f1"	"1955afd3c66c0adbb8a6d8a73e9aebd2eba41ecfe9640ab5d612713cf6f6b8ab"	"936b7a8579a900caeb1e7ece74ebaa019b3d4492e86a3107756dc8a049fb4588"
"ENSG00000120526"	"NUDCD1"	"D1,D2,D3,D4"	4	"NUDCD1-1"	"NUDCD1-2"	"NTC-411"	"NTC-882"	0.548990986455914	0.489329883900916	1.03832087035683	9958	19916	"FIXED_PREOUTCOME_K1"	FALSE	"171992cf0c2a40eb19a4bb206ba84a5db0ef2780818561d5986199607ea37fe4"	"dde9b2fb0353bc60fcbd6bc2998b6e9e98bfb59409f59fc606a6acef4039b6f1"	"1955afd3c66c0adbb8a6d8a73e9aebd2eba41ecfe9640ab5d612713cf6f6b8ab"	"936b7a8579a900caeb1e7ece74ebaa019b3d4492e86a3107756dc8a049fb4588"
"ENSG00000120686"	"UFM1"	"D1,D3,D4"	3	"UFM1-1"	"UFM1-2"	"NTC-312"	"NTC-909"	0.54759014540545	0.462021571802805	1.00961171720826	15589	31178	"FIXED_PREOUTCOME_K1"	FALSE	"171992cf0c2a40eb19a4bb206ba84a5db0ef2780818561d5986199607ea37fe4"	"dde9b2fb0353bc60fcbd6bc2998b6e9e98bfb59409f59fc606a6acef4039b6f1"	"1955afd3c66c0adbb8a6d8a73e9aebd2eba41ecfe9640ab5d612713cf6f6b8ab"	"936b7a8579a900caeb1e7ece74ebaa019b3d4492e86a3107756dc8a049fb4588"
"ENSG00000121940"	"CLCC1"	"D1,D2,D4"	3	"CLCC1-1"	"CLCC1-2"	"NTC-583"	"NTC-703"	0.52588632530063	0.470060793813952	0.995947119114582	17174	34348	"FIXED_PREOUTCOME_K1"	FALSE	"171992cf0c2a40eb19a4bb206ba84a5db0ef2780818561d5986199607ea37fe4"	"dde9b2fb0353bc60fcbd6bc2998b6e9e98bfb59409f59fc606a6acef4039b6f1"	"1955afd3c66c0adbb8a6d8a73e9aebd2eba41ecfe9640ab5d612713cf6f6b8ab"	"936b7a8579a900caeb1e7ece74ebaa019b3d4492e86a3107756dc8a049fb4588"
"ENSG00000122694"	"GLIPR2"	"D1,D2,D3,D4"	4	"GLIPR2-1"	"GLIPR2-2"	"NTC-083"	"NTC-078"	0.506672970214044	0.546829712913216	1.05350268312726	9958	19916	"FIXED_PREOUTCOME_K1"	FALSE	"171992cf0c2a40eb19a4bb206ba84a5db0ef2780818561d5986199607ea37fe4"	"dde9b2fb0353bc60fcbd6bc2998b6e9e98bfb59409f59fc606a6acef4039b6f1"	"1955afd3c66c0adbb8a6d8a73e9aebd2eba41ecfe9640ab5d612713cf6f6b8ab"	"936b7a8579a900caeb1e7ece74ebaa019b3d4492e86a3107756dc8a049fb4588"
"ENSG00000122696"	"SLC25A51"	"D1,D2,D4"	3	"SLC25A51-1"	"SLC25A51-2"	"NTC-079"	"NTC-471"	0.457425383334379	0.481898240303967	0.939323623638346	17174	34348	"FIXED_PREOUTCOME_K1"	FALSE	"171992cf0c2a40eb19a4bb206ba84a5db0ef2780818561d5986199607ea37fe4"	"dde9b2fb0353bc60fcbd6bc2998b6e9e98bfb59409f59fc606a6acef4039b6f1"	"1955afd3c66c0adbb8a6d8a73e9aebd2eba41ecfe9640ab5d612713cf6f6b8ab"	"936b7a8579a900caeb1e7ece74ebaa019b3d4492e86a3107756dc8a049fb4588"
"ENSG00000123338"	"NCKAP1L"	"D1,D2,D4"	3	"NCKAP1L-1"	"NCKAP1L-2"	"NTC-931"	"NTC-882"	0.421282989481773	0.514652343772821	0.935935333254593	17174	34348	"FIXED_PREOUTCOME_K1"	FALSE	"171992cf0c2a40eb19a4bb206ba84a5db0ef2780818561d5986199607ea37fe4"	"dde9b2fb0353bc60fcbd6bc2998b6e9e98bfb59409f59fc606a6acef4039b6f1"	"1955afd3c66c0adbb8a6d8a73e9aebd2eba41ecfe9640ab5d612713cf6f6b8ab"	"936b7a8579a900caeb1e7ece74ebaa019b3d4492e86a3107756dc8a049fb4588"
"ENSG00000124222"	"STX16"	"D1,D2,D4"	3	"STX16-1"	"STX16-2"	"NTC-471"	"NTC-079"	0.476376702795546	0.409611756141376	0.885988458936922	17174	34348	"FIXED_PREOUTCOME_K1"	FALSE	"171992cf0c2a40eb19a4bb206ba84a5db0ef2780818561d5986199607ea37fe4"	"dde9b2fb0353bc60fcbd6bc2998b6e9e98bfb59409f59fc606a6acef4039b6f1"	"1955afd3c66c0adbb8a6d8a73e9aebd2eba41ecfe9640ab5d612713cf6f6b8ab"	"936b7a8579a900caeb1e7ece74ebaa019b3d4492e86a3107756dc8a049fb4588"
"ENSG00000124422"	"USP22"	"D1,D2,D4"	3	"USP22-1"	"USP22-2"	"NTC-030"	"NTC-977"	0.53042000528644	0.389389214452479	0.919809219738918	17174	34348	"FIXED_PREOUTCOME_K1"	FALSE	"171992cf0c2a40eb19a4bb206ba84a5db0ef2780818561d5986199607ea37fe4"	"dde9b2fb0353bc60fcbd6bc2998b6e9e98bfb59409f59fc606a6acef4039b6f1"	"1955afd3c66c0adbb8a6d8a73e9aebd2eba41ecfe9640ab5d612713cf6f6b8ab"	"936b7a8579a900caeb1e7ece74ebaa019b3d4492e86a3107756dc8a049fb4588"
"ENSG00000126698"	"DNAJC8"	"D2,D3,D4"	3	"DNAJC8-1"	"DNAJC8-2"	"NTC-805"	"NTC-290"	0.620784618924873	0.597142283232119	1.21792690215699	11591	23182	"FIXED_PREOUTCOME_K1"	FALSE	"171992cf0c2a40eb19a4bb206ba84a5db0ef2780818561d5986199607ea37fe4"	"dde9b2fb0353bc60fcbd6bc2998b6e9e98bfb59409f59fc606a6acef4039b6f1"	"1955afd3c66c0adbb8a6d8a73e9aebd2eba41ecfe9640ab5d612713cf6f6b8ab"	"936b7a8579a900caeb1e7ece74ebaa019b3d4492e86a3107756dc8a049fb4588"
"ENSG00000127511"	"SIN3B"	"D1,D2,D3,D4"	4	"SIN3B-1"	"SIN3B-2"	"NTC-477"	"NTC-188"	0.513170927957019	0.503648888472763	1.01681981642978	9958	19916	"FIXED_PREOUTCOME_K1"	FALSE	"171992cf0c2a40eb19a4bb206ba84a5db0ef2780818561d5986199607ea37fe4"	"dde9b2fb0353bc60fcbd6bc2998b6e9e98bfb59409f59fc606a6acef4039b6f1"	"1955afd3c66c0adbb8a6d8a73e9aebd2eba41ecfe9640ab5d612713cf6f6b8ab"	"936b7a8579a900caeb1e7ece74ebaa019b3d4492e86a3107756dc8a049fb4588"
"ENSG00000130150"	"MOSPD2"	"D1,D2,D4"	3	"MOSPD2-1"	"MOSPD2-2"	"NTC-366"	"NTC-030"	0.481331139730913	0.672753756049863	1.15408489578078	17174	34348	"FIXED_PREOUTCOME_K1"	FALSE	"171992cf0c2a40eb19a4bb206ba84a5db0ef2780818561d5986199607ea37fe4"	"dde9b2fb0353bc60fcbd6bc2998b6e9e98bfb59409f59fc606a6acef4039b6f1"	"1955afd3c66c0adbb8a6d8a73e9aebd2eba41ecfe9640ab5d612713cf6f6b8ab"	"936b7a8579a900caeb1e7ece74ebaa019b3d4492e86a3107756dc8a049fb4588"
"ENSG00000130165"	"ELOF1"	"D1,D2,D3,D4"	4	"ELOF1-1"	"ELOF1-2"	"NTC-322"	"NTC-720"	0.502305191355485	0.997488981194954	1.49979417255044	9958	19916	"FIXED_PREOUTCOME_K1"	FALSE	"171992cf0c2a40eb19a4bb206ba84a5db0ef2780818561d5986199607ea37fe4"	"dde9b2fb0353bc60fcbd6bc2998b6e9e98bfb59409f59fc606a6acef4039b6f1"	"1955afd3c66c0adbb8a6d8a73e9aebd2eba41ecfe9640ab5d612713cf6f6b8ab"	"936b7a8579a900caeb1e7ece74ebaa019b3d4492e86a3107756dc8a049fb4588"
"ENSG00000130311"	"DDA1"	"D1,D2,D3,D4"	4	"DDA1-1"	"DDA1-2"	"NTC-447"	"NTC-401"	0.630134857299328	0.556999295084353	1.18713415238368	9958	19916	"FIXED_PREOUTCOME_K1"	FALSE	"171992cf0c2a40eb19a4bb206ba84a5db0ef2780818561d5986199607ea37fe4"	"dde9b2fb0353bc60fcbd6bc2998b6e9e98bfb59409f59fc606a6acef4039b6f1"	"1955afd3c66c0adbb8a6d8a73e9aebd2eba41ecfe9640ab5d612713cf6f6b8ab"	"936b7a8579a900caeb1e7ece74ebaa019b3d4492e86a3107756dc8a049fb4588"
"ENSG00000131323"	"TRAF3"	"D1,D2,D3,D4"	4	"TRAF3-1"	"TRAF3-2"	"NTC-955"	"NTC-720"	0.491392409777855	1.3359288270275	1.82732123680535	9958	19916	"FIXED_PREOUTCOME_K1"	FALSE	"171992cf0c2a40eb19a4bb206ba84a5db0ef2780818561d5986199607ea37fe4"	"dde9b2fb0353bc60fcbd6bc2998b6e9e98bfb59409f59fc606a6acef4039b6f1"	"1955afd3c66c0adbb8a6d8a73e9aebd2eba41ecfe9640ab5d612713cf6f6b8ab"	"936b7a8579a900caeb1e7ece74ebaa019b3d4492e86a3107756dc8a049fb4588"
"ENSG00000134014"	"ELP3"	"D1,D2,D4"	3	"ELP3-1"	"ELP3-2"	"NTC-889"	"NTC-039"	0.505942975274175	0.383297668034544	0.88924064330872	17174	34348	"FIXED_PREOUTCOME_K1"	FALSE	"171992cf0c2a40eb19a4bb206ba84a5db0ef2780818561d5986199607ea37fe4"	"dde9b2fb0353bc60fcbd6bc2998b6e9e98bfb59409f59fc606a6acef4039b6f1"	"1955afd3c66c0adbb8a6d8a73e9aebd2eba41ecfe9640ab5d612713cf6f6b8ab"	"936b7a8579a900caeb1e7ece74ebaa019b3d4492e86a3107756dc8a049fb4588"
"ENSG00000134107"	"BHLHE40"	"D1,D2,D4"	3	"BHLHE40-1"	"BHLHE40-2"	"NTC-357"	"NTC-889"	0.574344187591238	0.522811069875041	1.09715525746628	17174	34348	"FIXED_PREOUTCOME_K1"	FALSE	"171992cf0c2a40eb19a4bb206ba84a5db0ef2780818561d5986199607ea37fe4"	"dde9b2fb0353bc60fcbd6bc2998b6e9e98bfb59409f59fc606a6acef4039b6f1"	"1955afd3c66c0adbb8a6d8a73e9aebd2eba41ecfe9640ab5d612713cf6f6b8ab"	"936b7a8579a900caeb1e7ece74ebaa019b3d4492e86a3107756dc8a049fb4588"
"ENSG00000134283"	"PPHLN1"	"D1,D2,D4"	3	"PPHLN1-1"	"PPHLN1-2"	"NTC-567"	"NTC-931"	0.553956565644632	0.450162465175043	1.00411903081968	17174	34348	"FIXED_PREOUTCOME_K1"	FALSE	"171992cf0c2a40eb19a4bb206ba84a5db0ef2780818561d5986199607ea37fe4"	"dde9b2fb0353bc60fcbd6bc2998b6e9e98bfb59409f59fc606a6acef4039b6f1"	"1955afd3c66c0adbb8a6d8a73e9aebd2eba41ecfe9640ab5d612713cf6f6b8ab"	"936b7a8579a900caeb1e7ece74ebaa019b3d4492e86a3107756dc8a049fb4588"
"ENSG00000134516"	"DOCK2"	"D1,D3,D4"	3	"DOCK2-1"	"DOCK2-2"	"NTC-846"	"NTC-553"	0.479957186059378	0.505955262423154	0.985912448482531	15589	31178	"FIXED_PREOUTCOME_K1"	FALSE	"171992cf0c2a40eb19a4bb206ba84a5db0ef2780818561d5986199607ea37fe4"	"dde9b2fb0353bc60fcbd6bc2998b6e9e98bfb59409f59fc606a6acef4039b6f1"	"1955afd3c66c0adbb8a6d8a73e9aebd2eba41ecfe9640ab5d612713cf6f6b8ab"	"936b7a8579a900caeb1e7ece74ebaa019b3d4492e86a3107756dc8a049fb4588"
"ENSG00000136940"	"PDCL"	"D1,D2,D4"	3	"PDCL-1"	"PDCL-2"	"NTC-029"	"NTC-891"	0.489812839599948	0.571275244420598	1.06108808402055	17174	34348	"FIXED_PREOUTCOME_K1"	FALSE	"171992cf0c2a40eb19a4bb206ba84a5db0ef2780818561d5986199607ea37fe4"	"dde9b2fb0353bc60fcbd6bc2998b6e9e98bfb59409f59fc606a6acef4039b6f1"	"1955afd3c66c0adbb8a6d8a73e9aebd2eba41ecfe9640ab5d612713cf6f6b8ab"	"936b7a8579a900caeb1e7ece74ebaa019b3d4492e86a3107756dc8a049fb4588"
"ENSG00000140995"	"DEF8"	"D1,D2,D3,D4"	4	"DEF8-1"	"DEF8-2"	"NTC-334"	"NTC-946"	0.487574504519213	0.599883641391867	1.08745814591108	9958	19916	"FIXED_PREOUTCOME_K1"	FALSE	"171992cf0c2a40eb19a4bb206ba84a5db0ef2780818561d5986199607ea37fe4"	"dde9b2fb0353bc60fcbd6bc2998b6e9e98bfb59409f59fc606a6acef4039b6f1"	"1955afd3c66c0adbb8a6d8a73e9aebd2eba41ecfe9640ab5d612713cf6f6b8ab"	"936b7a8579a900caeb1e7ece74ebaa019b3d4492e86a3107756dc8a049fb4588"
"ENSG00000141027"	"NCOR1"	"D1,D2,D3,D4"	4	"NCOR1-1"	"NCOR1-2"	"NTC-138"	"NTC-884"	0.52935966618565	0.51622119173951	1.04558085792516	9958	19916	"FIXED_PREOUTCOME_K1"	FALSE	"171992cf0c2a40eb19a4bb206ba84a5db0ef2780818561d5986199607ea37fe4"	"dde9b2fb0353bc60fcbd6bc2998b6e9e98bfb59409f59fc606a6acef4039b6f1"	"1955afd3c66c0adbb8a6d8a73e9aebd2eba41ecfe9640ab5d612713cf6f6b8ab"	"936b7a8579a900caeb1e7ece74ebaa019b3d4492e86a3107756dc8a049fb4588"
"ENSG00000141510"	"TP53"	"D1,D2,D3,D4"	4	"TP53-1"	"TP53-2"	"NTC-720"	"NTC-485"	0.696361016886759	0.468638561943631	1.16499957883039	9958	19916	"FIXED_PREOUTCOME_K1"	FALSE	"171992cf0c2a40eb19a4bb206ba84a5db0ef2780818561d5986199607ea37fe4"	"dde9b2fb0353bc60fcbd6bc2998b6e9e98bfb59409f59fc606a6acef4039b6f1"	"1955afd3c66c0adbb8a6d8a73e9aebd2eba41ecfe9640ab5d612713cf6f6b8ab"	"936b7a8579a900caeb1e7ece74ebaa019b3d4492e86a3107756dc8a049fb4588"
"ENSG00000143155"	"TIPRL"	"D1,D2,D3,D4"	4	"TIPRL-1"	"TIPRL-2"	"NTC-393"	"NTC-290"	0.571604327119773	0.519152348434443	1.09075667555422	9958	19916	"FIXED_PREOUTCOME_K1"	FALSE	"171992cf0c2a40eb19a4bb206ba84a5db0ef2780818561d5986199607ea37fe4"	"dde9b2fb0353bc60fcbd6bc2998b6e9e98bfb59409f59fc606a6acef4039b6f1"	"1955afd3c66c0adbb8a6d8a73e9aebd2eba41ecfe9640ab5d612713cf6f6b8ab"	"936b7a8579a900caeb1e7ece74ebaa019b3d4492e86a3107756dc8a049fb4588"
"ENSG00000143374"	"TARS2"	"D1,D2,D4"	3	"TARS2-1"	"TARS2-2"	"NTC-792"	"NTC-034"	0.591860279430828	0.500351645016291	1.09221192444712	17174	34348	"FIXED_PREOUTCOME_K1"	FALSE	"171992cf0c2a40eb19a4bb206ba84a5db0ef2780818561d5986199607ea37fe4"	"dde9b2fb0353bc60fcbd6bc2998b6e9e98bfb59409f59fc606a6acef4039b6f1"	"1955afd3c66c0adbb8a6d8a73e9aebd2eba41ecfe9640ab5d612713cf6f6b8ab"	"936b7a8579a900caeb1e7ece74ebaa019b3d4492e86a3107756dc8a049fb4588"
"ENSG00000143379"	"SETDB1"	"D1,D2,D3,D4"	4	"SETDB1-2"	"SETDB1-1"	"NTC-030"	"NTC-378"	0.834881648361658	0.773625738341117	1.60850738670277	9958	19916	"FIXED_PREOUTCOME_K1"	FALSE	"171992cf0c2a40eb19a4bb206ba84a5db0ef2780818561d5986199607ea37fe4"	"dde9b2fb0353bc60fcbd6bc2998b6e9e98bfb59409f59fc606a6acef4039b6f1"	"1955afd3c66c0adbb8a6d8a73e9aebd2eba41ecfe9640ab5d612713cf6f6b8ab"	"936b7a8579a900caeb1e7ece74ebaa019b3d4492e86a3107756dc8a049fb4588"
"ENSG00000143437"	"ARNT"	"D1,D3,D4"	3	"ARNT-1"	"ARNT-2"	"NTC-118"	"NTC-956"	0.561444292906202	0.551230119135832	1.11267441204203	15589	31178	"FIXED_PREOUTCOME_K1"	FALSE	"171992cf0c2a40eb19a4bb206ba84a5db0ef2780818561d5986199607ea37fe4"	"dde9b2fb0353bc60fcbd6bc2998b6e9e98bfb59409f59fc606a6acef4039b6f1"	"1955afd3c66c0adbb8a6d8a73e9aebd2eba41ecfe9640ab5d612713cf6f6b8ab"	"936b7a8579a900caeb1e7ece74ebaa019b3d4492e86a3107756dc8a049fb4588"
"ENSG00000143569"	"UBAP2L"	"D1,D2,D3,D4"	4	"UBAP2L-1"	"UBAP2L-2"	"NTC-411"	"NTC-140"	0.583665374417236	0.562116406586872	1.14578178100411	9958	19916	"FIXED_PREOUTCOME_K1"	FALSE	"171992cf0c2a40eb19a4bb206ba84a5db0ef2780818561d5986199607ea37fe4"	"dde9b2fb0353bc60fcbd6bc2998b6e9e98bfb59409f59fc606a6acef4039b6f1"	"1955afd3c66c0adbb8a6d8a73e9aebd2eba41ecfe9640ab5d612713cf6f6b8ab"	"936b7a8579a900caeb1e7ece74ebaa019b3d4492e86a3107756dc8a049fb4588"
"ENSG00000146757"	"ZNF92"	"D1,D2,D3,D4"	4	"ZNF92-1"	"ZNF92-2"	"NTC-669"	"NTC-444"	0.507873537231372	0.557343616280181	1.06521715351155	9958	19916	"FIXED_PREOUTCOME_K1"	FALSE	"171992cf0c2a40eb19a4bb206ba84a5db0ef2780818561d5986199607ea37fe4"	"dde9b2fb0353bc60fcbd6bc2998b6e9e98bfb59409f59fc606a6acef4039b6f1"	"1955afd3c66c0adbb8a6d8a73e9aebd2eba41ecfe9640ab5d612713cf6f6b8ab"	"936b7a8579a900caeb1e7ece74ebaa019b3d4492e86a3107756dc8a049fb4588"
"ENSG00000152234"	"ATP5F1A"	"D1,D2,D4"	3	"ATP5F1A-1"	"ATP5F1A-2"	"NTC-081"	"NTC-038"	0.426205185590012	0.570599261870651	0.996804447460663	17174	34348	"FIXED_PREOUTCOME_K1"	FALSE	"171992cf0c2a40eb19a4bb206ba84a5db0ef2780818561d5986199607ea37fe4"	"dde9b2fb0353bc60fcbd6bc2998b6e9e98bfb59409f59fc606a6acef4039b6f1"	"1955afd3c66c0adbb8a6d8a73e9aebd2eba41ecfe9640ab5d612713cf6f6b8ab"	"936b7a8579a900caeb1e7ece74ebaa019b3d4492e86a3107756dc8a049fb4588"
"ENSG00000153391"	"INO80C"	"D1,D3,D4"	3	"INO80C-1"	"INO80C-2"	"NTC-367"	"NTC-876"	0.4460997177449	0.53644888041623	0.98254859816113	15589	31178	"FIXED_PREOUTCOME_K1"	FALSE	"171992cf0c2a40eb19a4bb206ba84a5db0ef2780818561d5986199607ea37fe4"	"dde9b2fb0353bc60fcbd6bc2998b6e9e98bfb59409f59fc606a6acef4039b6f1"	"1955afd3c66c0adbb8a6d8a73e9aebd2eba41ecfe9640ab5d612713cf6f6b8ab"	"936b7a8579a900caeb1e7ece74ebaa019b3d4492e86a3107756dc8a049fb4588"
"ENSG00000153827"	"TRIP12"	"D1,D3,D4"	3	"TRIP12-1"	"TRIP12-2"	"NTC-669"	"NTC-934"	0.49132908358123	0.377753219232611	0.869082302813841	15589	31178	"FIXED_PREOUTCOME_K1"	FALSE	"171992cf0c2a40eb19a4bb206ba84a5db0ef2780818561d5986199607ea37fe4"	"dde9b2fb0353bc60fcbd6bc2998b6e9e98bfb59409f59fc606a6acef4039b6f1"	"1955afd3c66c0adbb8a6d8a73e9aebd2eba41ecfe9640ab5d612713cf6f6b8ab"	"936b7a8579a900caeb1e7ece74ebaa019b3d4492e86a3107756dc8a049fb4588"
"ENSG00000155463"	"OXA1L"	"D1,D2,D3,D4"	4	"OXA1L-1"	"OXA1L-2"	"NTC-964"	"NTC-447"	0.586998274687394	0.549290594408481	1.13628886909588	9958	19916	"FIXED_PREOUTCOME_K1"	FALSE	"171992cf0c2a40eb19a4bb206ba84a5db0ef2780818561d5986199607ea37fe4"	"dde9b2fb0353bc60fcbd6bc2998b6e9e98bfb59409f59fc606a6acef4039b6f1"	"1955afd3c66c0adbb8a6d8a73e9aebd2eba41ecfe9640ab5d612713cf6f6b8ab"	"936b7a8579a900caeb1e7ece74ebaa019b3d4492e86a3107756dc8a049fb4588"
"ENSG00000155903"	"RASA2"	"D1,D2,D3,D4"	4	"RASA2-1"	"RASA2-2"	"NTC-895"	"NTC-499"	0.521641806938832	0.594365837184792	1.11600764412362	9958	19916	"FIXED_PREOUTCOME_K1"	FALSE	"171992cf0c2a40eb19a4bb206ba84a5db0ef2780818561d5986199607ea37fe4"	"dde9b2fb0353bc60fcbd6bc2998b6e9e98bfb59409f59fc606a6acef4039b6f1"	"1955afd3c66c0adbb8a6d8a73e9aebd2eba41ecfe9640ab5d612713cf6f6b8ab"	"936b7a8579a900caeb1e7ece74ebaa019b3d4492e86a3107756dc8a049fb4588"
"ENSG00000156603"	"MED19"	"D1,D2,D4"	3	"MED19-1"	"MED19-2"	"NTC-203"	"NTC-188"	0.527878639543551	0.544007059519319	1.07188569906287	17174	34348	"FIXED_PREOUTCOME_K1"	FALSE	"171992cf0c2a40eb19a4bb206ba84a5db0ef2780818561d5986199607ea37fe4"	"dde9b2fb0353bc60fcbd6bc2998b6e9e98bfb59409f59fc606a6acef4039b6f1"	"1955afd3c66c0adbb8a6d8a73e9aebd2eba41ecfe9640ab5d612713cf6f6b8ab"	"936b7a8579a900caeb1e7ece74ebaa019b3d4492e86a3107756dc8a049fb4588"
"ENSG00000156804"	"FBXO32"	"D1,D2,D3,D4"	4	"FBXO32-1"	"FBXO32-2"	"NTC-138"	"NTC-793"	0.558705749265374	0.733697228103994	1.29240297736937	9958	19916	"FIXED_PREOUTCOME_K1"	FALSE	"171992cf0c2a40eb19a4bb206ba84a5db0ef2780818561d5986199607ea37fe4"	"dde9b2fb0353bc60fcbd6bc2998b6e9e98bfb59409f59fc606a6acef4039b6f1"	"1955afd3c66c0adbb8a6d8a73e9aebd2eba41ecfe9640ab5d612713cf6f6b8ab"	"936b7a8579a900caeb1e7ece74ebaa019b3d4492e86a3107756dc8a049fb4588"
"ENSG00000156983"	"BRPF1"	"D1,D2,D3,D4"	4	"BRPF1-1"	"BRPF1-2"	"NTC-346"	"NTC-129"	0.548383550736967	0.460622617539284	1.00900616827625	9958	19916	"FIXED_PREOUTCOME_K1"	FALSE	"171992cf0c2a40eb19a4bb206ba84a5db0ef2780818561d5986199607ea37fe4"	"dde9b2fb0353bc60fcbd6bc2998b6e9e98bfb59409f59fc606a6acef4039b6f1"	"1955afd3c66c0adbb8a6d8a73e9aebd2eba41ecfe9640ab5d612713cf6f6b8ab"	"936b7a8579a900caeb1e7ece74ebaa019b3d4492e86a3107756dc8a049fb4588"
"ENSG00000157106"	"SMG1"	"D2,D3,D4"	3	"SMG1-1"	"SMG1-2"	"NTC-656"	"NTC-249"	0.531493693070429	0.567619035894122	1.09911272896455	11591	23182	"FIXED_PREOUTCOME_K1"	FALSE	"171992cf0c2a40eb19a4bb206ba84a5db0ef2780818561d5986199607ea37fe4"	"dde9b2fb0353bc60fcbd6bc2998b6e9e98bfb59409f59fc606a6acef4039b6f1"	"1955afd3c66c0adbb8a6d8a73e9aebd2eba41ecfe9640ab5d612713cf6f6b8ab"	"936b7a8579a900caeb1e7ece74ebaa019b3d4492e86a3107756dc8a049fb4588"
"ENSG00000157212"	"PAXIP1"	"D2,D3,D4"	3	"PAXIP1-1"	"PAXIP1-2"	"NTC-927"	"NTC-543"	0.55263845489865	0.505774321844824	1.05841277674347	11591	23182	"FIXED_PREOUTCOME_K1"	FALSE	"171992cf0c2a40eb19a4bb206ba84a5db0ef2780818561d5986199607ea37fe4"	"dde9b2fb0353bc60fcbd6bc2998b6e9e98bfb59409f59fc606a6acef4039b6f1"	"1955afd3c66c0adbb8a6d8a73e9aebd2eba41ecfe9640ab5d612713cf6f6b8ab"	"936b7a8579a900caeb1e7ece74ebaa019b3d4492e86a3107756dc8a049fb4588"
"ENSG00000158195"	"WASF2"	"D2,D3,D4"	3	"WASF2-1"	"WASF2-2"	"NTC-078"	"NTC-198"	0.467057999293417	0.512258276953424	0.979316276246841	11591	23182	"FIXED_PREOUTCOME_K1"	FALSE	"171992cf0c2a40eb19a4bb206ba84a5db0ef2780818561d5986199607ea37fe4"	"dde9b2fb0353bc60fcbd6bc2998b6e9e98bfb59409f59fc606a6acef4039b6f1"	"1955afd3c66c0adbb8a6d8a73e9aebd2eba41ecfe9640ab5d612713cf6f6b8ab"	"936b7a8579a900caeb1e7ece74ebaa019b3d4492e86a3107756dc8a049fb4588"
"ENSG00000159063"	"ALG8"	"D1,D2,D3,D4"	4	"ALG8-1"	"ALG8-2"	"NTC-964"	"NTC-426"	0.520143571618482	0.524525654780264	1.04466922639875	9958	19916	"FIXED_PREOUTCOME_K1"	FALSE	"171992cf0c2a40eb19a4bb206ba84a5db0ef2780818561d5986199607ea37fe4"	"dde9b2fb0353bc60fcbd6bc2998b6e9e98bfb59409f59fc606a6acef4039b6f1"	"1955afd3c66c0adbb8a6d8a73e9aebd2eba41ecfe9640ab5d612713cf6f6b8ab"	"936b7a8579a900caeb1e7ece74ebaa019b3d4492e86a3107756dc8a049fb4588"
"ENSG00000160199"	"PKNOX1"	"D2,D3,D4"	3	"PKNOX1-1"	"PKNOX1-2"	"NTC-022"	"NTC-847"	0.54833554755473	0.515860243089976	1.06419579064471	11591	23182	"FIXED_PREOUTCOME_K1"	FALSE	"171992cf0c2a40eb19a4bb206ba84a5db0ef2780818561d5986199607ea37fe4"	"dde9b2fb0353bc60fcbd6bc2998b6e9e98bfb59409f59fc606a6acef4039b6f1"	"1955afd3c66c0adbb8a6d8a73e9aebd2eba41ecfe9640ab5d612713cf6f6b8ab"	"936b7a8579a900caeb1e7ece74ebaa019b3d4492e86a3107756dc8a049fb4588"
"ENSG00000161654"	"LSM12"	"D1,D2,D4"	3	"LSM12-1"	"LSM12-2"	"NTC-039"	"NTC-942"	0.445402519322739	0.462604737810653	0.908007257133392	17174	34348	"FIXED_PREOUTCOME_K1"	FALSE	"171992cf0c2a40eb19a4bb206ba84a5db0ef2780818561d5986199607ea37fe4"	"dde9b2fb0353bc60fcbd6bc2998b6e9e98bfb59409f59fc606a6acef4039b6f1"	"1955afd3c66c0adbb8a6d8a73e9aebd2eba41ecfe9640ab5d612713cf6f6b8ab"	"936b7a8579a900caeb1e7ece74ebaa019b3d4492e86a3107756dc8a049fb4588"
"ENSG00000162063"	"CCNF"	"D1,D2,D3,D4"	4	"CCNF-1"	"CCNF-2"	"NTC-989"	"NTC-138"	0.512837004607165	0.526625425517704	1.03946243012487	9958	19916	"FIXED_PREOUTCOME_K1"	FALSE	"171992cf0c2a40eb19a4bb206ba84a5db0ef2780818561d5986199607ea37fe4"	"dde9b2fb0353bc60fcbd6bc2998b6e9e98bfb59409f59fc606a6acef4039b6f1"	"1955afd3c66c0adbb8a6d8a73e9aebd2eba41ecfe9640ab5d612713cf6f6b8ab"	"936b7a8579a900caeb1e7ece74ebaa019b3d4492e86a3107756dc8a049fb4588"
"ENSG00000162227"	"TAF6L"	"D1,D3,D4"	3	"TAF6L-1"	"TAF6L-2"	"NTC-367"	"NTC-890"	0.448125378689759	0.529262236113878	0.977387614803637	15589	31178	"FIXED_PREOUTCOME_K1"	FALSE	"171992cf0c2a40eb19a4bb206ba84a5db0ef2780818561d5986199607ea37fe4"	"dde9b2fb0353bc60fcbd6bc2998b6e9e98bfb59409f59fc606a6acef4039b6f1"	"1955afd3c66c0adbb8a6d8a73e9aebd2eba41ecfe9640ab5d612713cf6f6b8ab"	"936b7a8579a900caeb1e7ece74ebaa019b3d4492e86a3107756dc8a049fb4588"
"ENSG00000162604"	"TM2D1"	"D1,D2,D4"	3	"TM2D1-1"	"TM2D1-2"	"NTC-411"	"NTC-783"	0.562375850298818	0.421603361880802	0.983979212179621	17174	34348	"FIXED_PREOUTCOME_K1"	FALSE	"171992cf0c2a40eb19a4bb206ba84a5db0ef2780818561d5986199607ea37fe4"	"dde9b2fb0353bc60fcbd6bc2998b6e9e98bfb59409f59fc606a6acef4039b6f1"	"1955afd3c66c0adbb8a6d8a73e9aebd2eba41ecfe9640ab5d612713cf6f6b8ab"	"936b7a8579a900caeb1e7ece74ebaa019b3d4492e86a3107756dc8a049fb4588"
"ENSG00000163125"	"RPRD2"	"D1,D2,D3,D4"	4	"RPRD2-1"	"RPRD2-2"	"NTC-540"	"NTC-964"	0.516013481113448	0.545136550396095	1.06115003150954	9958	19916	"FIXED_PREOUTCOME_K1"	FALSE	"171992cf0c2a40eb19a4bb206ba84a5db0ef2780818561d5986199607ea37fe4"	"dde9b2fb0353bc60fcbd6bc2998b6e9e98bfb59409f59fc606a6acef4039b6f1"	"1955afd3c66c0adbb8a6d8a73e9aebd2eba41ecfe9640ab5d612713cf6f6b8ab"	"936b7a8579a900caeb1e7ece74ebaa019b3d4492e86a3107756dc8a049fb4588"
"ENSG00000164327"	"RICTOR"	"D1,D2,D4"	3	"RICTOR-1"	"RICTOR-2"	"NTC-889"	"NTC-444"	0.417481388333288	0.536207673813635	0.953689062146923	17174	34348	"FIXED_PREOUTCOME_K1"	FALSE	"171992cf0c2a40eb19a4bb206ba84a5db0ef2780818561d5986199607ea37fe4"	"dde9b2fb0353bc60fcbd6bc2998b6e9e98bfb59409f59fc606a6acef4039b6f1"	"1955afd3c66c0adbb8a6d8a73e9aebd2eba41ecfe9640ab5d612713cf6f6b8ab"	"936b7a8579a900caeb1e7ece74ebaa019b3d4492e86a3107756dc8a049fb4588"
"ENSG00000164466"	"SFXN1"	"D1,D2,D4"	3	"SFXN1-1"	"SFXN1-2"	"NTC-755"	"NTC-188"	0.442728870059873	0.581966038663216	1.02469490872309	17174	34348	"FIXED_PREOUTCOME_K1"	FALSE	"171992cf0c2a40eb19a4bb206ba84a5db0ef2780818561d5986199607ea37fe4"	"dde9b2fb0353bc60fcbd6bc2998b6e9e98bfb59409f59fc606a6acef4039b6f1"	"1955afd3c66c0adbb8a6d8a73e9aebd2eba41ecfe9640ab5d612713cf6f6b8ab"	"936b7a8579a900caeb1e7ece74ebaa019b3d4492e86a3107756dc8a049fb4588"
"ENSG00000164985"	"PSIP1"	"D1,D2,D4"	3	"PSIP1-1"	"PSIP1-2"	"NTC-375"	"NTC-805"	0.449916223381854	0.545392262271578	0.995308485653432	17174	34348	"FIXED_PREOUTCOME_K1"	FALSE	"171992cf0c2a40eb19a4bb206ba84a5db0ef2780818561d5986199607ea37fe4"	"dde9b2fb0353bc60fcbd6bc2998b6e9e98bfb59409f59fc606a6acef4039b6f1"	"1955afd3c66c0adbb8a6d8a73e9aebd2eba41ecfe9640ab5d612713cf6f6b8ab"	"936b7a8579a900caeb1e7ece74ebaa019b3d4492e86a3107756dc8a049fb4588"
"ENSG00000165699"	"TSC1"	"D1,D3,D4"	3	"TSC1-1"	"TSC1-2"	"NTC-831"	"NTC-873"	0.550857792765647	0.533231997058809	1.08408978982446	15589	31178	"FIXED_PREOUTCOME_K1"	FALSE	"171992cf0c2a40eb19a4bb206ba84a5db0ef2780818561d5986199607ea37fe4"	"dde9b2fb0353bc60fcbd6bc2998b6e9e98bfb59409f59fc606a6acef4039b6f1"	"1955afd3c66c0adbb8a6d8a73e9aebd2eba41ecfe9640ab5d612713cf6f6b8ab"	"936b7a8579a900caeb1e7ece74ebaa019b3d4492e86a3107756dc8a049fb4588"
"ENSG00000166477"	"LEO1"	"D1,D3,D4"	3	"LEO1-1"	"LEO1-2"	"NTC-003"	"NTC-061"	0.571881046400214	0.508365013308996	1.08024605970921	15589	31178	"FIXED_PREOUTCOME_K1"	FALSE	"171992cf0c2a40eb19a4bb206ba84a5db0ef2780818561d5986199607ea37fe4"	"dde9b2fb0353bc60fcbd6bc2998b6e9e98bfb59409f59fc606a6acef4039b6f1"	"1955afd3c66c0adbb8a6d8a73e9aebd2eba41ecfe9640ab5d612713cf6f6b8ab"	"936b7a8579a900caeb1e7ece74ebaa019b3d4492e86a3107756dc8a049fb4588"
"ENSG00000166669"	"ATF7IP2"	"D1,D2,D3,D4"	4	"ATF7IP2-1"	"ATF7IP2-2"	"NTC-038"	"NTC-485"	0.53551858021814	0.912633237489641	1.44815181770778	9958	19916	"FIXED_PREOUTCOME_K1"	FALSE	"171992cf0c2a40eb19a4bb206ba84a5db0ef2780818561d5986199607ea37fe4"	"dde9b2fb0353bc60fcbd6bc2998b6e9e98bfb59409f59fc606a6acef4039b6f1"	"1955afd3c66c0adbb8a6d8a73e9aebd2eba41ecfe9640ab5d612713cf6f6b8ab"	"936b7a8579a900caeb1e7ece74ebaa019b3d4492e86a3107756dc8a049fb4588"
"ENSG00000167130"	"DOLPP1"	"D1,D2,D3,D4"	4	"DOLPP1-1"	"DOLPP1-2"	"NTC-793"	"NTC-584"	0.499324961757395	0.4913129922226	0.990637953979994	9958	19916	"FIXED_PREOUTCOME_K1"	FALSE	"171992cf0c2a40eb19a4bb206ba84a5db0ef2780818561d5986199607ea37fe4"	"dde9b2fb0353bc60fcbd6bc2998b6e9e98bfb59409f59fc606a6acef4039b6f1"	"1955afd3c66c0adbb8a6d8a73e9aebd2eba41ecfe9640ab5d612713cf6f6b8ab"	"936b7a8579a900caeb1e7ece74ebaa019b3d4492e86a3107756dc8a049fb4588"
"ENSG00000167770"	"OTUB1"	"D1,D2,D3,D4"	4	"OTUB1-1"	"OTUB1-2"	"NTC-125"	"NTC-876"	0.498162705745203	0.564154242346791	1.06231694809199	9958	19916	"FIXED_PREOUTCOME_K1"	FALSE	"171992cf0c2a40eb19a4bb206ba84a5db0ef2780818561d5986199607ea37fe4"	"dde9b2fb0353bc60fcbd6bc2998b6e9e98bfb59409f59fc606a6acef4039b6f1"	"1955afd3c66c0adbb8a6d8a73e9aebd2eba41ecfe9640ab5d612713cf6f6b8ab"	"936b7a8579a900caeb1e7ece74ebaa019b3d4492e86a3107756dc8a049fb4588"
"ENSG00000168286"	"THAP11"	"D1,D2,D4"	3	"THAP11-1"	"THAP11-2"	"NTC-471"	"NTC-768"	0.480621034996333	0.450377327962458	0.930998362958791	17174	34348	"FIXED_PREOUTCOME_K1"	FALSE	"171992cf0c2a40eb19a4bb206ba84a5db0ef2780818561d5986199607ea37fe4"	"dde9b2fb0353bc60fcbd6bc2998b6e9e98bfb59409f59fc606a6acef4039b6f1"	"1955afd3c66c0adbb8a6d8a73e9aebd2eba41ecfe9640ab5d612713cf6f6b8ab"	"936b7a8579a900caeb1e7ece74ebaa019b3d4492e86a3107756dc8a049fb4588"
"ENSG00000168439"	"STIP1"	"D1,D2,D4"	3	"STIP1-1"	"STIP1-2"	"NTC-884"	"NTC-868"	0.530566521873796	0.407193012773792	0.937759534647587	17174	34348	"FIXED_PREOUTCOME_K1"	FALSE	"171992cf0c2a40eb19a4bb206ba84a5db0ef2780818561d5986199607ea37fe4"	"dde9b2fb0353bc60fcbd6bc2998b6e9e98bfb59409f59fc606a6acef4039b6f1"	"1955afd3c66c0adbb8a6d8a73e9aebd2eba41ecfe9640ab5d612713cf6f6b8ab"	"936b7a8579a900caeb1e7ece74ebaa019b3d4492e86a3107756dc8a049fb4588"
"ENSG00000170291"	"ELP5"	"D1,D2,D4"	3	"ELP5-1"	"ELP5-2"	"NTC-375"	"NTC-325"	0.487845185279211	0.46164195038976	0.949487135668971	17174	34348	"FIXED_PREOUTCOME_K1"	FALSE	"171992cf0c2a40eb19a4bb206ba84a5db0ef2780818561d5986199607ea37fe4"	"dde9b2fb0353bc60fcbd6bc2998b6e9e98bfb59409f59fc606a6acef4039b6f1"	"1955afd3c66c0adbb8a6d8a73e9aebd2eba41ecfe9640ab5d612713cf6f6b8ab"	"936b7a8579a900caeb1e7ece74ebaa019b3d4492e86a3107756dc8a049fb4588"
"ENSG00000170322"	"NFRKB"	"D1,D2,D3,D4"	4	"NFRKB-1"	"NFRKB-2"	"NTC-462"	"NTC-720"	0.516924788796268	0.545486164244054	1.06241095304032	9958	19916	"FIXED_PREOUTCOME_K1"	FALSE	"171992cf0c2a40eb19a4bb206ba84a5db0ef2780818561d5986199607ea37fe4"	"dde9b2fb0353bc60fcbd6bc2998b6e9e98bfb59409f59fc606a6acef4039b6f1"	"1955afd3c66c0adbb8a6d8a73e9aebd2eba41ecfe9640ab5d612713cf6f6b8ab"	"936b7a8579a900caeb1e7ece74ebaa019b3d4492e86a3107756dc8a049fb4588"
"ENSG00000170836"	"PPM1D"	"D1,D2,D3,D4"	4	"PPM1D-1"	"PPM1D-2"	"NTC-601"	"NTC-540"	0.553038338897456	0.59967499325207	1.15271333214953	9958	19916	"FIXED_PREOUTCOME_K1"	FALSE	"171992cf0c2a40eb19a4bb206ba84a5db0ef2780818561d5986199607ea37fe4"	"dde9b2fb0353bc60fcbd6bc2998b6e9e98bfb59409f59fc606a6acef4039b6f1"	"1955afd3c66c0adbb8a6d8a73e9aebd2eba41ecfe9640ab5d612713cf6f6b8ab"	"936b7a8579a900caeb1e7ece74ebaa019b3d4492e86a3107756dc8a049fb4588"
"ENSG00000171105"	"INSR"	"D2,D3,D4"	3	"INSR-1"	"INSR-2"	"NTC-101"	"NTC-955"	0.923130944120559	0.645721528913946	1.5688524730345	11591	23182	"FIXED_PREOUTCOME_K1"	FALSE	"171992cf0c2a40eb19a4bb206ba84a5db0ef2780818561d5986199607ea37fe4"	"dde9b2fb0353bc60fcbd6bc2998b6e9e98bfb59409f59fc606a6acef4039b6f1"	"1955afd3c66c0adbb8a6d8a73e9aebd2eba41ecfe9640ab5d612713cf6f6b8ab"	"936b7a8579a900caeb1e7ece74ebaa019b3d4492e86a3107756dc8a049fb4588"
"ENSG00000171316"	"CHD7"	"D1,D3,D4"	3	"CHD7-1"	"CHD7-2"	"NTC-366"	"NTC-956"	0.460984769868449	0.425526826569738	0.886511596438188	15589	31178	"FIXED_PREOUTCOME_K1"	FALSE	"171992cf0c2a40eb19a4bb206ba84a5db0ef2780818561d5986199607ea37fe4"	"dde9b2fb0353bc60fcbd6bc2998b6e9e98bfb59409f59fc606a6acef4039b6f1"	"1955afd3c66c0adbb8a6d8a73e9aebd2eba41ecfe9640ab5d612713cf6f6b8ab"	"936b7a8579a900caeb1e7ece74ebaa019b3d4492e86a3107756dc8a049fb4588"
"ENSG00000171862"	"PTEN"	"D1,D2,D3,D4"	4	"PTEN-1"	"PTEN-2"	"NTC-895"	"NTC-720"	0.536223213746363	0.544699479548464	1.08092269329483	9958	19916	"FIXED_PREOUTCOME_K1"	FALSE	"171992cf0c2a40eb19a4bb206ba84a5db0ef2780818561d5986199607ea37fe4"	"dde9b2fb0353bc60fcbd6bc2998b6e9e98bfb59409f59fc606a6acef4039b6f1"	"1955afd3c66c0adbb8a6d8a73e9aebd2eba41ecfe9640ab5d612713cf6f6b8ab"	"936b7a8579a900caeb1e7ece74ebaa019b3d4492e86a3107756dc8a049fb4588"
"ENSG00000172992"	"DCAKD"	"D1,D2,D4"	3	"DCAKD-1"	"DCAKD-2"	"NTC-661"	"NTC-946"	0.491460762935081	0.664331196766873	1.15579195970195	17174	34348	"FIXED_PREOUTCOME_K1"	FALSE	"171992cf0c2a40eb19a4bb206ba84a5db0ef2780818561d5986199607ea37fe4"	"dde9b2fb0353bc60fcbd6bc2998b6e9e98bfb59409f59fc606a6acef4039b6f1"	"1955afd3c66c0adbb8a6d8a73e9aebd2eba41ecfe9640ab5d612713cf6f6b8ab"	"936b7a8579a900caeb1e7ece74ebaa019b3d4492e86a3107756dc8a049fb4588"
"ENSG00000173011"	"TADA2B"	"D1,D2,D4"	3	"TADA2B-1"	"TADA2B-2"	"NTC-489"	"NTC-734"	0.567461543947083	0.470608977711793	1.03807052165888	17174	34348	"FIXED_PREOUTCOME_K1"	FALSE	"171992cf0c2a40eb19a4bb206ba84a5db0ef2780818561d5986199607ea37fe4"	"dde9b2fb0353bc60fcbd6bc2998b6e9e98bfb59409f59fc606a6acef4039b6f1"	"1955afd3c66c0adbb8a6d8a73e9aebd2eba41ecfe9640ab5d612713cf6f6b8ab"	"936b7a8579a900caeb1e7ece74ebaa019b3d4492e86a3107756dc8a049fb4588"
"ENSG00000173193"	"PARP14"	"D1,D2,D3,D4"	4	"PARP14-1"	"PARP14-2"	"NTC-290"	"NTC-302"	0.534585906343895	0.892692087538659	1.42727799388255	9958	19916	"FIXED_PREOUTCOME_K1"	FALSE	"171992cf0c2a40eb19a4bb206ba84a5db0ef2780818561d5986199607ea37fe4"	"dde9b2fb0353bc60fcbd6bc2998b6e9e98bfb59409f59fc606a6acef4039b6f1"	"1955afd3c66c0adbb8a6d8a73e9aebd2eba41ecfe9640ab5d612713cf6f6b8ab"	"936b7a8579a900caeb1e7ece74ebaa019b3d4492e86a3107756dc8a049fb4588"
"ENSG00000173812"	"EIF1"	"D1,D2,D4"	3	"EIF1-1"	"EIF1-2"	"NTC-977"	"NTC-158"	0.404856150498429	0.469161827264974	0.874017977763403	17174	34348	"FIXED_PREOUTCOME_K1"	FALSE	"171992cf0c2a40eb19a4bb206ba84a5db0ef2780818561d5986199607ea37fe4"	"dde9b2fb0353bc60fcbd6bc2998b6e9e98bfb59409f59fc606a6acef4039b6f1"	"1955afd3c66c0adbb8a6d8a73e9aebd2eba41ecfe9640ab5d612713cf6f6b8ab"	"936b7a8579a900caeb1e7ece74ebaa019b3d4492e86a3107756dc8a049fb4588"
"ENSG00000173917"	"HOXB2"	"D1,D3,D4"	3	"HOXB2-1"	"HOXB2-2"	"NTC-669"	"NTC-112"	0.457368487951824	0.48882843013378	0.946196918085604	15589	31178	"FIXED_PREOUTCOME_K1"	FALSE	"171992cf0c2a40eb19a4bb206ba84a5db0ef2780818561d5986199607ea37fe4"	"dde9b2fb0353bc60fcbd6bc2998b6e9e98bfb59409f59fc606a6acef4039b6f1"	"1955afd3c66c0adbb8a6d8a73e9aebd2eba41ecfe9640ab5d612713cf6f6b8ab"	"936b7a8579a900caeb1e7ece74ebaa019b3d4492e86a3107756dc8a049fb4588"
"ENSG00000174744"	"BRMS1"	"D1,D2,D4"	3	"BRMS1-1"	"BRMS1-2"	"NTC-203"	"NTC-577"	0.408029714413008	0.520547907095352	0.92857762150836	17174	34348	"FIXED_PREOUTCOME_K1"	FALSE	"171992cf0c2a40eb19a4bb206ba84a5db0ef2780818561d5986199607ea37fe4"	"dde9b2fb0353bc60fcbd6bc2998b6e9e98bfb59409f59fc606a6acef4039b6f1"	"1955afd3c66c0adbb8a6d8a73e9aebd2eba41ecfe9640ab5d612713cf6f6b8ab"	"936b7a8579a900caeb1e7ece74ebaa019b3d4492e86a3107756dc8a049fb4588"
"ENSG00000176208"	"ATAD5"	"D1,D2,D3,D4"	4	"ATAD5-1"	"ATAD5-2"	"NTC-526"	"NTC-029"	0.666771333331084	0.526476025641383	1.19324735897247	9958	19916	"FIXED_PREOUTCOME_K1"	FALSE	"171992cf0c2a40eb19a4bb206ba84a5db0ef2780818561d5986199607ea37fe4"	"dde9b2fb0353bc60fcbd6bc2998b6e9e98bfb59409f59fc606a6acef4039b6f1"	"1955afd3c66c0adbb8a6d8a73e9aebd2eba41ecfe9640ab5d612713cf6f6b8ab"	"936b7a8579a900caeb1e7ece74ebaa019b3d4492e86a3107756dc8a049fb4588"
"ENSG00000176396"	"EID2"	"D1,D2,D4"	3	"EID2-1"	"EID2-2"	"NTC-964"	"NTC-165"	0.532190371222661	0.455853627140956	0.988043998363617	17174	34348	"FIXED_PREOUTCOME_K1"	FALSE	"171992cf0c2a40eb19a4bb206ba84a5db0ef2780818561d5986199607ea37fe4"	"dde9b2fb0353bc60fcbd6bc2998b6e9e98bfb59409f59fc606a6acef4039b6f1"	"1955afd3c66c0adbb8a6d8a73e9aebd2eba41ecfe9640ab5d612713cf6f6b8ab"	"936b7a8579a900caeb1e7ece74ebaa019b3d4492e86a3107756dc8a049fb4588"
"ENSG00000176476"	"SGF29"	"D1,D2,D3,D4"	4	"SGF29-1"	"SGF29-2"	"NTC-884"	"NTC-302"	0.477903469009842	0.461799992116502	0.939703461126344	9958	19916	"FIXED_PREOUTCOME_K1"	FALSE	"171992cf0c2a40eb19a4bb206ba84a5db0ef2780818561d5986199607ea37fe4"	"dde9b2fb0353bc60fcbd6bc2998b6e9e98bfb59409f59fc606a6acef4039b6f1"	"1955afd3c66c0adbb8a6d8a73e9aebd2eba41ecfe9640ab5d612713cf6f6b8ab"	"936b7a8579a900caeb1e7ece74ebaa019b3d4492e86a3107756dc8a049fb4588"
"ENSG00000177565"	"TBL1XR1"	"D1,D2,D3,D4"	4	"TBL1XR1-1"	"TBL1XR1-2"	"NTC-530"	"NTC-882"	0.542688142990275	0.464808363602263	1.00749650659254	9958	19916	"FIXED_PREOUTCOME_K1"	FALSE	"171992cf0c2a40eb19a4bb206ba84a5db0ef2780818561d5986199607ea37fe4"	"dde9b2fb0353bc60fcbd6bc2998b6e9e98bfb59409f59fc606a6acef4039b6f1"	"1955afd3c66c0adbb8a6d8a73e9aebd2eba41ecfe9640ab5d612713cf6f6b8ab"	"936b7a8579a900caeb1e7ece74ebaa019b3d4492e86a3107756dc8a049fb4588"
"ENSG00000179151"	"EDC3"	"D1,D2,D3,D4"	4	"EDC3-1"	"EDC3-2"	"NTC-946"	"NTC-083"	0.925915739846521	0.555979604140857	1.48189534398738	9958	19916	"FIXED_PREOUTCOME_K1"	FALSE	"171992cf0c2a40eb19a4bb206ba84a5db0ef2780818561d5986199607ea37fe4"	"dde9b2fb0353bc60fcbd6bc2998b6e9e98bfb59409f59fc606a6acef4039b6f1"	"1955afd3c66c0adbb8a6d8a73e9aebd2eba41ecfe9640ab5d612713cf6f6b8ab"	"936b7a8579a900caeb1e7ece74ebaa019b3d4492e86a3107756dc8a049fb4588"
"ENSG00000180008"	"SOCS4"	"D2,D3,D4"	3	"SOCS4-1"	"SOCS4-2"	"NTC-273"	"NTC-656"	0.538497865806438	0.580927552708404	1.11942541851484	11591	23182	"FIXED_PREOUTCOME_K1"	FALSE	"171992cf0c2a40eb19a4bb206ba84a5db0ef2780818561d5986199607ea37fe4"	"dde9b2fb0353bc60fcbd6bc2998b6e9e98bfb59409f59fc606a6acef4039b6f1"	"1955afd3c66c0adbb8a6d8a73e9aebd2eba41ecfe9640ab5d612713cf6f6b8ab"	"936b7a8579a900caeb1e7ece74ebaa019b3d4492e86a3107756dc8a049fb4588"
"ENSG00000182831"	"HAPSTR1"	"D1,D2,D3,D4"	4	"C16orf72-1"	"C16orf72-2"	"NTC-030"	"NTC-805"	0.529230295594593	0.640390869519544	1.16962116511414	9958	19916	"FIXED_PREOUTCOME_K1"	FALSE	"171992cf0c2a40eb19a4bb206ba84a5db0ef2780818561d5986199607ea37fe4"	"dde9b2fb0353bc60fcbd6bc2998b6e9e98bfb59409f59fc606a6acef4039b6f1"	"1955afd3c66c0adbb8a6d8a73e9aebd2eba41ecfe9640ab5d612713cf6f6b8ab"	"936b7a8579a900caeb1e7ece74ebaa019b3d4492e86a3107756dc8a049fb4588"
"ENSG00000182872"	"RBM10"	"D1,D2,D3,D4"	4	"RBM10-1"	"RBM10-2"	"NTC-805"	"NTC-188"	0.566443421087803	0.51051977556604	1.07696319665384	9958	19916	"FIXED_PREOUTCOME_K1"	FALSE	"171992cf0c2a40eb19a4bb206ba84a5db0ef2780818561d5986199607ea37fe4"	"dde9b2fb0353bc60fcbd6bc2998b6e9e98bfb59409f59fc606a6acef4039b6f1"	"1955afd3c66c0adbb8a6d8a73e9aebd2eba41ecfe9640ab5d612713cf6f6b8ab"	"936b7a8579a900caeb1e7ece74ebaa019b3d4492e86a3107756dc8a049fb4588"
"ENSG00000182919"	"C11orf54"	"D1,D3,D4"	3	"C11orf54-1"	"C11orf54-2"	"NTC-895"	"NTC-669"	0.467733172998376	0.528164127491024	0.9958973004894	15589	31178	"FIXED_PREOUTCOME_K1"	FALSE	"171992cf0c2a40eb19a4bb206ba84a5db0ef2780818561d5986199607ea37fe4"	"dde9b2fb0353bc60fcbd6bc2998b6e9e98bfb59409f59fc606a6acef4039b6f1"	"1955afd3c66c0adbb8a6d8a73e9aebd2eba41ecfe9640ab5d612713cf6f6b8ab"	"936b7a8579a900caeb1e7ece74ebaa019b3d4492e86a3107756dc8a049fb4588"
"ENSG00000182944"	"EWSR1"	"D1,D2,D3,D4"	4	"EWSR1-1"	"EWSR1-2"	"NTC-944"	"NTC-485"	0.590357569977489	0.536296904615646	1.12665447459313	9958	19916	"FIXED_PREOUTCOME_K1"	FALSE	"171992cf0c2a40eb19a4bb206ba84a5db0ef2780818561d5986199607ea37fe4"	"dde9b2fb0353bc60fcbd6bc2998b6e9e98bfb59409f59fc606a6acef4039b6f1"	"1955afd3c66c0adbb8a6d8a73e9aebd2eba41ecfe9640ab5d612713cf6f6b8ab"	"936b7a8579a900caeb1e7ece74ebaa019b3d4492e86a3107756dc8a049fb4588"
"ENSG00000185651"	"UBE2L3"	"D1,D2,D3,D4"	4	"UBE2L3-1"	"UBE2L3-2"	"NTC-575"	"NTC-725"	0.649808421575235	0.543936547868919	1.19374496944415	9958	19916	"FIXED_PREOUTCOME_K1"	FALSE	"171992cf0c2a40eb19a4bb206ba84a5db0ef2780818561d5986199607ea37fe4"	"dde9b2fb0353bc60fcbd6bc2998b6e9e98bfb59409f59fc606a6acef4039b6f1"	"1955afd3c66c0adbb8a6d8a73e9aebd2eba41ecfe9640ab5d612713cf6f6b8ab"	"936b7a8579a900caeb1e7ece74ebaa019b3d4492e86a3107756dc8a049fb4588"
"ENSG00000185813"	"PCYT2"	"D1,D2,D3,D4"	4	"PCYT2-1"	"PCYT2-2"	"NTC-447"	"NTC-944"	0.597434597471072	0.558402482400874	1.15583707987195	9958	19916	"FIXED_PREOUTCOME_K1"	FALSE	"171992cf0c2a40eb19a4bb206ba84a5db0ef2780818561d5986199607ea37fe4"	"dde9b2fb0353bc60fcbd6bc2998b6e9e98bfb59409f59fc606a6acef4039b6f1"	"1955afd3c66c0adbb8a6d8a73e9aebd2eba41ecfe9640ab5d612713cf6f6b8ab"	"936b7a8579a900caeb1e7ece74ebaa019b3d4492e86a3107756dc8a049fb4588"
"ENSG00000186517"	"ARHGAP30"	"D1,D2,D3,D4"	4	"ARHGAP30-1"	"ARHGAP30-2"	"NTC-526"	"NTC-882"	0.540431182414607	0.561289087684685	1.10172027009929	9958	19916	"FIXED_PREOUTCOME_K1"	FALSE	"171992cf0c2a40eb19a4bb206ba84a5db0ef2780818561d5986199607ea37fe4"	"dde9b2fb0353bc60fcbd6bc2998b6e9e98bfb59409f59fc606a6acef4039b6f1"	"1955afd3c66c0adbb8a6d8a73e9aebd2eba41ecfe9640ab5d612713cf6f6b8ab"	"936b7a8579a900caeb1e7ece74ebaa019b3d4492e86a3107756dc8a049fb4588"
"ENSG00000197223"	"C1D"	"D1,D2,D4"	3	"C1D-1"	"C1D-2"	"NTC-656"	"NTC-081"	0.505288903688298	0.496740028143154	1.00202893183145	17174	34348	"FIXED_PREOUTCOME_K1"	FALSE	"171992cf0c2a40eb19a4bb206ba84a5db0ef2780818561d5986199607ea37fe4"	"dde9b2fb0353bc60fcbd6bc2998b6e9e98bfb59409f59fc606a6acef4039b6f1"	"1955afd3c66c0adbb8a6d8a73e9aebd2eba41ecfe9640ab5d612713cf6f6b8ab"	"936b7a8579a900caeb1e7ece74ebaa019b3d4492e86a3107756dc8a049fb4588"
"ENSG00000197780"	"TAF13"	"D1,D3,D4"	3	"TAF13-1"	"TAF13-2"	"NTC-895"	"NTC-785"	0.598003404760057	0.568558926104328	1.16656233086439	15589	31178	"FIXED_PREOUTCOME_K1"	FALSE	"171992cf0c2a40eb19a4bb206ba84a5db0ef2780818561d5986199607ea37fe4"	"dde9b2fb0353bc60fcbd6bc2998b6e9e98bfb59409f59fc606a6acef4039b6f1"	"1955afd3c66c0adbb8a6d8a73e9aebd2eba41ecfe9640ab5d612713cf6f6b8ab"	"936b7a8579a900caeb1e7ece74ebaa019b3d4492e86a3107756dc8a049fb4588"
"ENSG00000198492"	"YTHDF2"	"D1,D2,D3,D4"	4	"YTHDF2-1"	"YTHDF2-2"	"NTC-890"	"NTC-831"	0.531858134832835	0.57348972110324	1.10534785593608	9958	19916	"FIXED_PREOUTCOME_K1"	FALSE	"171992cf0c2a40eb19a4bb206ba84a5db0ef2780818561d5986199607ea37fe4"	"dde9b2fb0353bc60fcbd6bc2998b6e9e98bfb59409f59fc606a6acef4039b6f1"	"1955afd3c66c0adbb8a6d8a73e9aebd2eba41ecfe9640ab5d612713cf6f6b8ab"	"936b7a8579a900caeb1e7ece74ebaa019b3d4492e86a3107756dc8a049fb4588"
"ENSG00000204371"	"EHMT2"	"D2,D3,D4"	3	"EHMT2-1"	"EHMT2-2"	"NTC-083"	"NTC-805"	0.494844588240087	0.558928239628663	1.05377282786875	11591	23182	"FIXED_PREOUTCOME_K1"	FALSE	"171992cf0c2a40eb19a4bb206ba84a5db0ef2780818561d5986199607ea37fe4"	"dde9b2fb0353bc60fcbd6bc2998b6e9e98bfb59409f59fc606a6acef4039b6f1"	"1955afd3c66c0adbb8a6d8a73e9aebd2eba41ecfe9640ab5d612713cf6f6b8ab"	"936b7a8579a900caeb1e7ece74ebaa019b3d4492e86a3107756dc8a049fb4588"
"ENSG00000213903"	"LTB4R"	"D1,D2,D4"	3	"LTB4R-1"	"LTB4R-2"	"NTC-809"	"NTC-203"	0.465383119751482	0.438780767704072	0.904163887455554	17174	34348	"FIXED_PREOUTCOME_K1"	FALSE	"171992cf0c2a40eb19a4bb206ba84a5db0ef2780818561d5986199607ea37fe4"	"dde9b2fb0353bc60fcbd6bc2998b6e9e98bfb59409f59fc606a6acef4039b6f1"	"1955afd3c66c0adbb8a6d8a73e9aebd2eba41ecfe9640ab5d612713cf6f6b8ab"	"936b7a8579a900caeb1e7ece74ebaa019b3d4492e86a3107756dc8a049fb4588"
"ENSG00000232119"	"MCTS1"	"D1,D2,D3,D4"	4	"MCTS1-1"	"MCTS1-2"	"NTC-633"	"NTC-803"	0.525947029260956	0.42925006970488	0.955197098965837	9958	19916	"FIXED_PREOUTCOME_K1"	FALSE	"171992cf0c2a40eb19a4bb206ba84a5db0ef2780818561d5986199607ea37fe4"	"dde9b2fb0353bc60fcbd6bc2998b6e9e98bfb59409f59fc606a6acef4039b6f1"	"1955afd3c66c0adbb8a6d8a73e9aebd2eba41ecfe9640ab5d612713cf6f6b8ab"	"936b7a8579a900caeb1e7ece74ebaa019b3d4492e86a3107756dc8a049fb4588"
"ENSG00000240303"	"ACAD11"	"D1,D3,D4"	3	"ACAD11-1"	"ACAD11-2"	"NTC-112"	"NTC-553"	0.466251873112071	0.458700374492729	0.924952247604801	15589	31178	"FIXED_PREOUTCOME_K1"	FALSE	"171992cf0c2a40eb19a4bb206ba84a5db0ef2780818561d5986199607ea37fe4"	"dde9b2fb0353bc60fcbd6bc2998b6e9e98bfb59409f59fc606a6acef4039b6f1"	"1955afd3c66c0adbb8a6d8a73e9aebd2eba41ecfe9640ab5d612713cf6f6b8ab"	"936b7a8579a900caeb1e7ece74ebaa019b3d4492e86a3107756dc8a049fb4588"
"ENSG00000241837"	"ATP5PO"	"D1,D2,D3,D4"	4	"ATP5PO-1"	"ATP5PO-2"	"NTC-256"	"NTC-656"	0.581620839593091	0.571921994754525	1.15354283434762	9958	19916	"FIXED_PREOUTCOME_K1"	FALSE	"171992cf0c2a40eb19a4bb206ba84a5db0ef2780818561d5986199607ea37fe4"	"dde9b2fb0353bc60fcbd6bc2998b6e9e98bfb59409f59fc606a6acef4039b6f1"	"1955afd3c66c0adbb8a6d8a73e9aebd2eba41ecfe9640ab5d612713cf6f6b8ab"	"936b7a8579a900caeb1e7ece74ebaa019b3d4492e86a3107756dc8a049fb4588"
"ENSG00000256269"	"HMBS"	"D1,D2,D3,D4"	4	"HMBS-1"	"HMBS-2"	"NTC-297"	"NTC-656"	0.557526984494186	0.595274479044356	1.15280146353854	9958	19916	"FIXED_PREOUTCOME_K1"	FALSE	"171992cf0c2a40eb19a4bb206ba84a5db0ef2780818561d5986199607ea37fe4"	"dde9b2fb0353bc60fcbd6bc2998b6e9e98bfb59409f59fc606a6acef4039b6f1"	"1955afd3c66c0adbb8a6d8a73e9aebd2eba41ecfe9640ab5d612713cf6f6b8ab"	"936b7a8579a900caeb1e7ece74ebaa019b3d4492e86a3107756dc8a049fb4588"
"ENSG00000274523"	"RCC1L"	"D1,D2,D3,D4"	4	"RCC1L-1"	"RCC1L-2"	"NTC-249"	"NTC-831"	0.543560420129365	0.580019637963436	1.1235800580928	9958	19916	"FIXED_PREOUTCOME_K1"	FALSE	"171992cf0c2a40eb19a4bb206ba84a5db0ef2780818561d5986199607ea37fe4"	"dde9b2fb0353bc60fcbd6bc2998b6e9e98bfb59409f59fc606a6acef4039b6f1"	"1955afd3c66c0adbb8a6d8a73e9aebd2eba41ecfe9640ab5d612713cf6f6b8ab"	"936b7a8579a900caeb1e7ece74ebaa019b3d4492e86a3107756dc8a049fb4588"
