display_rank	target	target_ensg	orientation	n_candidate_gpi_products	n_gpi_products	n_rejected_shared_gpi_products	n_gaf_bp_annotated_products	n_direct_go_bp_terms	n_bp_slim_terms_before_hierarchy_pruning	n_bp_slim_terms	identity_mapping	gpi_products	rejected_shared_gpi_products	evidence_codes
1	DDIT4	ENSG00000168209	lost_on_activation	1	1	0	1	11	3	3	Ensembl target ENSG -> GPI UniProt product -> GAF annotation	UniProtKB:Q9NX09		IBA|IDA|IEA|IMP|ISS
2	IL2RA	ENSG00000134460	lost_on_activation	1	1	0	1	13	2	2	Ensembl target ENSG -> GPI UniProt product -> GAF annotation	UniProtKB:P01589		IBA|IDA|IEA|IMP|NAS|TAS
3	IL2RB	ENSG00000100385	lost_on_activation	1	1	0	1	12	2	2	Ensembl target ENSG -> GPI UniProt product -> GAF annotation	UniProtKB:P14784		IBA|IDA|IEA|IMP|NAS|TAS
4	CHAC1	ENSG00000128965	lost_on_activation	3	3	0	1	6	4	4	Ensembl target ENSG -> GPI UniProt product -> GAF annotation	UniProtKB:Q9BUX1|UniProtKB:Q9BUX1-1|UniProtKB:Q9BUX1-2		IBA|IEA|IMP|ISS|TAS
5	MTX3	ENSG00000177034	lost_on_activation	5	5	0	1	4	1	1	Ensembl target ENSG -> GPI UniProt product -> GAF annotation	UniProtKB:Q5HYI7|UniProtKB:Q5HYI7-1|UniProtKB:Q5HYI7-2|UniProtKB:Q5HYI7-4|UniProtKB:Q5HYI7-5		IBA|IC|IEA
6	SLC38A2	ENSG00000134294	lost_on_activation	3	3	0	1	28	2	2	Ensembl target ENSG -> GPI UniProt product -> GAF annotation	UniProtKB:Q96QD8|UniProtKB:Q96QD8-1|UniProtKB:Q96QD8-2		IBA|IDA|IEA|IMP|IPI|ISS|NAS|TAS
7	MID1IP1	ENSG00000165175	lost_on_activation	1	1	0	1	5	1	1	Ensembl target ENSG -> GPI UniProt product -> GAF annotation	UniProtKB:Q9NPA3		IBA|IEA|ISS
8	GPR108	ENSG00000125734	lost_on_activation	1	1	0	1	2	0	0	Ensembl target ENSG -> GPI UniProt product -> GAF annotation	UniProtKB:Q9NPR9		IBA|ISS
9	RANBP9	ENSG00000010017	lost_on_activation	4	4	0	1	6	3	2	Ensembl target ENSG -> GPI UniProt product -> GAF annotation	UniProtKB:Q96S59|UniProtKB:Q96S59-1|UniProtKB:Q96S59-2|UniProtKB:Q96S59-3		IBA|IMP|ISS|NAS|TAS
10	DUSP6	ENSG00000139318	lost_on_activation	3	3	0	1	12	3	2	Ensembl target ENSG -> GPI UniProt product -> GAF annotation	UniProtKB:Q16828|UniProtKB:Q16828-1|UniProtKB:Q16828-2		IBA|IDA|IEA|IEP|IMP|TAS
11	SPRY1	ENSG00000164056	lost_on_activation	1	1	0	1	11	0	0	Ensembl target ENSG -> GPI UniProt product -> GAF annotation	UniProtKB:O43609		IBA|IEA|IMP|ISS
12	RELL1	ENSG00000181826	lost_on_activation	1	1	0	1	1	0	0	Ensembl target ENSG -> GPI UniProt product -> GAF annotation	UniProtKB:Q8IUW5		IBA|IDA|IEA
13	SLC1A5	ENSG00000105281	lost_on_activation	4	4	0	1	13	3	3	Ensembl target ENSG -> GPI UniProt product -> GAF annotation	UniProtKB:Q15758|UniProtKB:Q15758-1|UniProtKB:Q15758-2|UniProtKB:Q15758-3		IBA|IDA|IEA|IMP|ISS|NAS|TAS
14	PTPN22	ENSG00000134242	lost_on_activation	7	7	0	1	29	3	3	Ensembl target ENSG -> GPI UniProt product -> GAF annotation	UniProtKB:Q9Y2R2|UniProtKB:Q9Y2R2-1|UniProtKB:Q9Y2R2-2|UniProtKB:Q9Y2R2-3|UniProtKB:Q9Y2R2-4|UniProtKB:Q9Y2R2-5|UniProtKB:Q9Y2R2-6		IBA|IC|IDA|IEA|IMP|ISS|NAS|TAS
15	DDIT3	ENSG00000175197	lost_on_activation	4	4	0	1	45	8	7	Ensembl target ENSG -> GPI UniProt product -> GAF annotation	UniProtKB:P0DPQ6|UniProtKB:P35638|UniProtKB:P35638-1|UniProtKB:P35638-2		EXP|IBA|IDA|IEA|IGI|IMP|ISS|NAS|TAS
16	TRAF3IP3	ENSG00000009790	lost_on_activation	4	4	0	1	5	2	2	Ensembl target ENSG -> GPI UniProt product -> GAF annotation	UniProtKB:Q9Y228|UniProtKB:Q9Y228-1|UniProtKB:Q9Y228-2|UniProtKB:Q9Y228-3		IBA|IDA|IMP
17	SLC7A11	ENSG00000151012	lost_on_activation	1	1	0	1	12	2	2	Ensembl target ENSG -> GPI UniProt product -> GAF annotation	UniProtKB:Q9UPY5		IBA|IDA|IEA
18	SDCBP	ENSG00000137575	lost_on_activation	4	4	0	1	17	4	4	Ensembl target ENSG -> GPI UniProt product -> GAF annotation	UniProtKB:O00560|UniProtKB:O00560-1|UniProtKB:O00560-2|UniProtKB:O00560-3		IBA|IC|IDA|IEA|IMP|NAS
19	MICAL2	ENSG00000133816	lost_on_activation	8	8	0	1	7	2	2	Ensembl target ENSG -> GPI UniProt product -> GAF annotation	UniProtKB:O94851|UniProtKB:O94851-1|UniProtKB:O94851-2|UniProtKB:O94851-3|UniProtKB:O94851-4|UniProtKB:O94851-5|UniProtKB:O94851-6|UniProtKB:O94851-7		IBA|IDA|IEA|IMP|ISS
20	EDEM1	ENSG00000134109	lost_on_activation	3	3	0	1	7	2	1	Ensembl target ENSG -> GPI UniProt product -> GAF annotation	UniProtKB:Q92611|UniProtKB:Q92611-1|UniProtKB:Q92611-2		IEA|IGI|IMP|ISS|TAS
21	SAMSN1	ENSG00000155307	lost_on_activation	4	4	0	1	4	0	0	Ensembl target ENSG -> GPI UniProt product -> GAF annotation	UniProtKB:Q9NSI8|UniProtKB:Q9NSI8-1|UniProtKB:Q9NSI8-2|UniProtKB:Q9NSI8-3		IBA|IEA|ISS
22	RAB11FIP1	ENSG00000156675	lost_on_activation	6	6	0	1	2	1	1	Ensembl target ENSG -> GPI UniProt product -> GAF annotation	UniProtKB:Q6WKZ4|UniProtKB:Q6WKZ4-1|UniProtKB:Q6WKZ4-2|UniProtKB:Q6WKZ4-3|UniProtKB:Q6WKZ4-4|UniProtKB:Q6WKZ4-5		IBA|IDA|IEA
23	BCL2L1	ENSG00000171552	lost_on_activation	4	4	0	1	29	3	3	Ensembl target ENSG -> GPI UniProt product -> GAF annotation	UniProtKB:Q07817|UniProtKB:Q07817-1|UniProtKB:Q07817-2|UniProtKB:Q07817-3		IBA|IC|IDA|IEA|IMP|TAS
24	IL1RAP	ENSG00000196083	lost_on_activation	5	5	0	1	26	4	4	Ensembl target ENSG -> GPI UniProt product -> GAF annotation	UniProtKB:Q9NPH3|UniProtKB:Q9NPH3-1|UniProtKB:Q9NPH3-2|UniProtKB:Q9NPH3-3|UniProtKB:Q9NPH3-5		IBA|IDA|IEA|ISS|NAS|TAS
25	WIPI1	ENSG00000070540	lost_on_activation	3	3	0	1	11	6	5	Ensembl target ENSG -> GPI UniProt product -> GAF annotation	UniProtKB:Q5MNZ9|UniProtKB:Q5MNZ9-1|UniProtKB:Q5MNZ9-2		IBA|IDA|IEP|IMP
26	PMAIP1	ENSG00000141682	lost_on_activation	3	3	0	1	21	4	3	Ensembl target ENSG -> GPI UniProt product -> GAF annotation	UniProtKB:Q13794|UniProtKB:Q13794-1|UniProtKB:Q13794-2		IDA|IEA|IEP|IMP|ISS|TAS
27	CTLA4	ENSG00000163599	lost_on_activation	6	6	0	1	11	1	1	Ensembl target ENSG -> GPI UniProt product -> GAF annotation	UniProtKB:P16410|UniProtKB:P16410-1|UniProtKB:P16410-2|UniProtKB:P16410-3|UniProtKB:P16410-4|UniProtKB:P16410-5		IBA|IDA|IEA|IMP|TAS
28	TRUB1	ENSG00000165832	lost_on_activation	1	1	0	1	7	4	2	Ensembl target ENSG -> GPI UniProt product -> GAF annotation	UniProtKB:Q8WWH5		IBA|IDA|IEA|IMP
29	MAPRE2	ENSG00000166974	lost_on_activation	6	6	0	1	6	2	2	Ensembl target ENSG -> GPI UniProt product -> GAF annotation	UniProtKB:Q15555|UniProtKB:Q15555-1|UniProtKB:Q15555-2|UniProtKB:Q15555-3|UniProtKB:Q15555-4|UniProtKB:Q15555-5		IBA|IEA|ISS
30	MAP2K1	ENSG00000169032	lost_on_activation	3	3	0	1	40	2	2	Ensembl target ENSG -> GPI UniProt product -> GAF annotation	UniProtKB:Q02750|UniProtKB:Q02750-1|UniProtKB:Q02750-2		IBA|IDA|IEA|IMP|TAS
31	SESN2	ENSG00000130766	lost_on_activation	1	1	0	1	21	4	4	Ensembl target ENSG -> GPI UniProt product -> GAF annotation	UniProtKB:P58004		IBA|IDA|IEA|IMP|ISS
32	PSAT1	ENSG00000135069	lost_on_activation	3	3	0	1	4	2	1	Ensembl target ENSG -> GPI UniProt product -> GAF annotation	UniProtKB:Q9Y617|UniProtKB:Q9Y617-1|UniProtKB:Q9Y617-2		IBA|IDA|IEA|NAS
33	TRIB3	ENSG00000101255	lost_on_activation	1	1	0	1	14	3	3	Ensembl target ENSG -> GPI UniProt product -> GAF annotation	UniProtKB:Q96RU7		IBA|IDA|IEA|IMP|ISS|TAS
34	STAP1	ENSG00000035720	lost_on_activation	1	1	0	1	11	2	2	Ensembl target ENSG -> GPI UniProt product -> GAF annotation	UniProtKB:Q9ULZ2		IBA|IDA|IEA|ISS
35	CREM	ENSG00000095794	lost_on_activation	30	30	0	1	5	2	2	Ensembl target ENSG -> GPI UniProt product -> GAF annotation	UniProtKB:Q03060|UniProtKB:Q03060-1|UniProtKB:Q03060-10|UniProtKB:Q03060-11|UniProtKB:Q03060-12|UniProtKB:Q03060-13|UniProtKB:Q03060-14|UniProtKB:Q03060-15|UniProtKB:Q03060-16|UniProtKB:Q03060-17|UniProtKB:Q03060-19|UniProtKB:Q03060-2|UniProtKB:Q03060-20|UniProtKB:Q03060-21|UniProtKB:Q03060-22|UniProtKB:Q03060-23|UniProtKB:Q03060-24|UniProtKB:Q03060-25|UniProtKB:Q03060-26|UniProtKB:Q03060-27|UniProtKB:Q03060-28|UniProtKB:Q03060-29|UniProtKB:Q03060-30|UniProtKB:Q03060-31|UniProtKB:Q03060-32|UniProtKB:Q03060-5|UniProtKB:Q03060-6|UniProtKB:Q03060-7|UniProtKB:Q03060-8|UniProtKB:Q03060-9		IBA|IDA|IEA|IMP|NAS|TAS
36	SUSD6	ENSG00000100647	lost_on_activation	1	1	0	1	1	0	0	Ensembl target ENSG -> GPI UniProt product -> GAF annotation	UniProtKB:Q92537		IBA|IDA
37	CPD	ENSG00000108582	lost_on_activation	3	3	0	1	3	2	1	Ensembl target ENSG -> GPI UniProt product -> GAF annotation	UniProtKB:O75976|UniProtKB:O75976-1|UniProtKB:O75976-2		IBA|IEA
38	GNPTAB	ENSG00000111670	lost_on_activation	3	3	0	1	5	2	1	Ensembl target ENSG -> GPI UniProt product -> GAF annotation	UniProtKB:Q3T906|UniProtKB:Q3T906-1|UniProtKB:Q3T906-2		IBA|IDA|IEA|IMP|NAS
39	NARS1	ENSG00000134440	lost_on_activation	3	3	0	1	5	5	3	Ensembl target ENSG -> GPI UniProt product -> GAF annotation	UniProtKB:O43776|UniProtKB:O43776-1|UniProtKB:O43776-2		IBA|IDA|IEA|IMP|TAS
40	TES	ENSG00000135269	lost_on_activation	3	3	0	1	1	0	0	Ensembl target ENSG -> GPI UniProt product -> GAF annotation	UniProtKB:Q9UGI8|UniProtKB:Q9UGI8-1|UniProtKB:Q9UGI8-2		IMP
41	CREB3L2	ENSG00000182158	lost_on_activation	4	4	0	1	8	2	2	Ensembl target ENSG -> GPI UniProt product -> GAF annotation	UniProtKB:Q70SY1|UniProtKB:Q70SY1-1|UniProtKB:Q70SY1-2|UniProtKB:Q70SY1-3		IBA|IDA|IEA|IEP|ISS
42	PPP1R16B	ENSG00000101445	lost_on_activation	3	3	0	1	6	0	0	Ensembl target ENSG -> GPI UniProt product -> GAF annotation	UniProtKB:Q96T49|UniProtKB:Q96T49-1|UniProtKB:Q96T49-2		IBA|IEA|IMP|ISS
43	SLC7A5	ENSG00000103257	lost_on_activation	1	1	0	1	39	2	2	Ensembl target ENSG -> GPI UniProt product -> GAF annotation	UniProtKB:Q01650		IBA|IDA|IEA|IGI|IMP|ISS|NAS|TAS
44	TNFSF14	ENSG00000125735	lost_on_activation	3	3	0	1	17	3	3	Ensembl target ENSG -> GPI UniProt product -> GAF annotation	UniProtKB:O43557|UniProtKB:O43557-1|UniProtKB:O43557-2		IBA|IDA|IEA|IEP|NAS|TAS
45	ADORA2A	ENSG00000128271	lost_on_activation	1	1	0	1	45	3	3	Ensembl target ENSG -> GPI UniProt product -> GAF annotation	UniProtKB:P29274		IBA|IDA|IEA|TAS
46	CD68	ENSG00000129226	lost_on_activation	4	4	0	1	7	1	1	Ensembl target ENSG -> GPI UniProt product -> GAF annotation	UniProtKB:P34810|UniProtKB:P34810-1|UniProtKB:P34810-2|UniProtKB:P34810-3		IBA|IEA|ISS
47	RHOB	ENSG00000143878	lost_on_activation	1	1	0	1	19	5	5	Ensembl target ENSG -> GPI UniProt product -> GAF annotation	UniProtKB:P62745		IBA|IDA|IEA|IGI|IMP|ISS|TAS
48	SYTL3	ENSG00000164674	lost_on_activation	3	3	0	1	2	1	1	Ensembl target ENSG -> GPI UniProt product -> GAF annotation	UniProtKB:Q4VX76|UniProtKB:Q4VX76-1|UniProtKB:Q4VX76-2		IBA|IEA
49	INSIG1	ENSG00000186480	lost_on_activation	3	3	0	1	10	5	3	Ensembl target ENSG -> GPI UniProt product -> GAF annotation	UniProtKB:O15503|UniProtKB:O15503-1|UniProtKB:O15503-2		IBA|IDA|IMP|NAS
50	FAM3C	ENSG00000196937	lost_on_activation	1	1	0	1	1	1	1	Ensembl target ENSG -> GPI UniProt product -> GAF annotation	UniProtKB:Q92520		IBA
51	TXNRD1	ENSG00000198431	lost_on_activation	8	8	0	1	4	4	4	Ensembl target ENSG -> GPI UniProt product -> GAF annotation	UniProtKB:Q16881|UniProtKB:Q16881-1|UniProtKB:Q16881-2|UniProtKB:Q16881-3|UniProtKB:Q16881-4|UniProtKB:Q16881-5|UniProtKB:Q16881-6|UniProtKB:Q16881-7		IBA|IEA|NAS
52	SPIN1	ENSG00000106723	lost_on_activation	1	1	0	1	7	6	3	Ensembl target ENSG -> GPI UniProt product -> GAF annotation	UniProtKB:Q9Y657		IBA|IDA|IEA|ISS
53	TLE5	ENSG00000104964	gained_on_activation	3	3	0	1	8	1	1	Ensembl target ENSG -> GPI UniProt product -> GAF annotation	UniProtKB:Q08117|UniProtKB:Q08117-1|UniProtKB:Q08117-2		IDA|IEA|IMP
54	RASSF3	ENSG00000153179	gained_on_activation	3	3	0	1	1	1	1	Ensembl target ENSG -> GPI UniProt product -> GAF annotation	UniProtKB:Q86WH2|UniProtKB:Q86WH2-1|UniProtKB:Q86WH2-2		IBA|IEA
55	HAPLN3	ENSG00000140511	gained_on_activation	1	1	0	1	3	1	1	Ensembl target ENSG -> GPI UniProt product -> GAF annotation	UniProtKB:Q96S86		IBA|IEA
56	TRIM22	ENSG00000132274	gained_on_activation	3	3	0	1	13	3	2	Ensembl target ENSG -> GPI UniProt product -> GAF annotation	UniProtKB:Q8IYM9|UniProtKB:Q8IYM9-1|UniProtKB:Q8IYM9-2		IBA|IDA|IEA|IMP|TAS
57	MPI	ENSG00000178802	gained_on_activation	3	3	0	1	3	2	1	Ensembl target ENSG -> GPI UniProt product -> GAF annotation	UniProtKB:P34949|UniProtKB:P34949-1|UniProtKB:P34949-2		IBA|IDA|IEA|IMP|TAS
58	FBXL8	ENSG00000135722	gained_on_activation	1	1	0	1	1	2	1	Ensembl target ENSG -> GPI UniProt product -> GAF annotation	UniProtKB:Q96CD0		IBA|NAS
59	CALM3	ENSG00000160014	gained_on_activation	3	1	2	1	20	1	1	Ensembl target ENSG -> GPI UniProt product -> GAF annotation	UniProtKB:P0DP25	UniProtKB:P0DP23|UniProtKB:P0DP24	HEP|IBA|IDA|IEA|IMP|TAS
60	PSME2	ENSG00000100911	gained_on_activation	1	1	0	1	4	0	0	Ensembl target ENSG -> GPI UniProt product -> GAF annotation	UniProtKB:Q9UL46		IBA|IDA|NAS
61	COTL1	ENSG00000103187	gained_on_activation	1	1	0	1	1	0	0	Ensembl target ENSG -> GPI UniProt product -> GAF annotation	UniProtKB:Q14019		IBA
62	SPSB1	ENSG00000171621	gained_on_activation	1	1	0	1	3	2	1	Ensembl target ENSG -> GPI UniProt product -> GAF annotation	UniProtKB:Q96BD6		IBA|IDA|IEA
63	CCR7	ENSG00000126353	gained_on_activation	1	1	0	1	49	4	4	Ensembl target ENSG -> GPI UniProt product -> GAF annotation	UniProtKB:P32248		IBA|IC|IDA|IEA|ISS|NAS|TAS
64	TAP1	ENSG00000168394	gained_on_activation	3	3	0	1	6	1	1	Ensembl target ENSG -> GPI UniProt product -> GAF annotation	UniProtKB:Q03518|UniProtKB:Q03518-1|UniProtKB:Q03518-2		IBA|IDA|IEA|IMP|NAS
65	AEN	ENSG00000181026	gained_on_activation	3	3	0	1	3	5	3	Ensembl target ENSG -> GPI UniProt product -> GAF annotation	UniProtKB:Q8WTP8|UniProtKB:Q8WTP8-1|UniProtKB:Q8WTP8-2		IBA|IDA
66	FAM111B	ENSG00000189057	gained_on_activation	3	3	0	1	2	4	2	Ensembl target ENSG -> GPI UniProt product -> GAF annotation	UniProtKB:Q6SJ93|UniProtKB:Q6SJ93-1|UniProtKB:Q6SJ93-2		IBA
67	CNN2	ENSG00000064666	gained_on_activation	3	3	0	1	5	0	0	Ensembl target ENSG -> GPI UniProt product -> GAF annotation	UniProtKB:Q99439|UniProtKB:Q99439-1|UniProtKB:Q99439-2		IBA|IDA|IEA|TAS
68	ARHGDIB	ENSG00000111348	gained_on_activation	1	1	0	1	4	1	1	Ensembl target ENSG -> GPI UniProt product -> GAF annotation	UniProtKB:P52566		IBA|IDA|IEA|IMP
69	NUSAP1	ENSG00000137804	gained_on_activation	8	8	0	1	6	1	1	Ensembl target ENSG -> GPI UniProt product -> GAF annotation	UniProtKB:Q9BXS6|UniProtKB:Q9BXS6-1|UniProtKB:Q9BXS6-2|UniProtKB:Q9BXS6-3|UniProtKB:Q9BXS6-4|UniProtKB:Q9BXS6-5|UniProtKB:Q9BXS6-6|UniProtKB:Q9BXS6-7		IBA|IDA|IEA
70	H2AX	ENSG00000188486	gained_on_activation	1	1	0	1	8	6	4	Ensembl target ENSG -> GPI UniProt product -> GAF annotation	UniProtKB:P16104		IBA|IDA|IMP|NAS
71	CDC25B	ENSG00000101224	gained_on_activation	5	5	0	1	9	3	2	Ensembl target ENSG -> GPI UniProt product -> GAF annotation	UniProtKB:P30305|UniProtKB:P30305-1|UniProtKB:P30305-2|UniProtKB:P30305-3|UniProtKB:P30305-4		IBA|IDA|IEA|IMP|TAS
72	S100A10	ENSG00000197747	gained_on_activation	1	1	0	1	13	7	4	Ensembl target ENSG -> GPI UniProt product -> GAF annotation	UniProtKB:P60903		IDA|IEA|IMP|NAS
73	PSMB9	ENSG00000240065	gained_on_activation	3	3	0	1	14	3	2	Ensembl target ENSG -> GPI UniProt product -> GAF annotation	UniProtKB:P28065|UniProtKB:P28065-1|UniProtKB:P28065-2		IBA|IEA|IMP|NAS
74	BAX	ENSG00000087088	gained_on_activation	9	9	0	1	38	4	4	Ensembl target ENSG -> GPI UniProt product -> GAF annotation	UniProtKB:Q07812|UniProtKB:Q07812-1|UniProtKB:Q07812-2|UniProtKB:Q07812-3|UniProtKB:Q07812-4|UniProtKB:Q07812-5|UniProtKB:Q07812-6|UniProtKB:Q07812-7|UniProtKB:Q07812-8		IBA|IC|IDA|IEA|IMP|NAS|TAS
75	SH3BP5	ENSG00000131370	gained_on_activation	3	3	0	1	2	1	1	Ensembl target ENSG -> GPI UniProt product -> GAF annotation	UniProtKB:O60239|UniProtKB:O60239-1|UniProtKB:O60239-2		IBA|IDA|IEA|TAS
76	HMGB2	ENSG00000164104	gained_on_activation	1	1	0	1	32	9	7	Ensembl target ENSG -> GPI UniProt product -> GAF annotation	UniProtKB:P26583		IBA|IDA|IEA|IEP|IMP|ISS|NAS
77	FANCI	ENSG00000140525	gained_on_activation	5	5	0	1	4	3	1	Ensembl target ENSG -> GPI UniProt product -> GAF annotation	UniProtKB:Q9NVI1|UniProtKB:Q9NVI1-1|UniProtKB:Q9NVI1-2|UniProtKB:Q9NVI1-3|UniProtKB:Q9NVI1-4		IBA|IDA|IEA|NAS
78	NCAPG2	ENSG00000146918	gained_on_activation	3	3	0	1	6	1	1	Ensembl target ENSG -> GPI UniProt product -> GAF annotation	UniProtKB:Q86XI2|UniProtKB:Q86XI2-1|UniProtKB:Q86XI2-2		IBA|IEA
79	NSMCE1	ENSG00000169189	gained_on_activation	1	1	0	1	6	4	2	Ensembl target ENSG -> GPI UniProt product -> GAF annotation	UniProtKB:Q8WV22		IBA|IEA|IMP|NAS
80	CD47	ENSG00000196776	gained_on_activation	5	5	0	1	23	4	4	Ensembl target ENSG -> GPI UniProt product -> GAF annotation	UniProtKB:Q08722|UniProtKB:Q08722-1|UniProtKB:Q08722-2|UniProtKB:Q08722-3|UniProtKB:Q08722-4		IBA|IDA|IEA|IMP|ISS|TAS
81	HSPH1	ENSG00000120694	lost_on_activation	5	5	0	1	5	3	1	Ensembl target ENSG -> GPI UniProt product -> GAF annotation	UniProtKB:Q92598|UniProtKB:Q92598-1|UniProtKB:Q92598-2|UniProtKB:Q92598-3|UniProtKB:Q92598-4		IBA|IEA|TAS
82	SNRPB2	ENSG00000125870	lost_on_activation	1	1	0	1	3	4	2	Ensembl target ENSG -> GPI UniProt product -> GAF annotation	UniProtKB:P08579		IBA|IC|IDA|NAS
83	RBM38	ENSG00000132819	lost_on_activation	3	3	0	1	5	2	2	Ensembl target ENSG -> GPI UniProt product -> GAF annotation	UniProtKB:Q9H0Z9|UniProtKB:Q9H0Z9-1|UniProtKB:Q9H0Z9-2		IBA|IDA
84	OSM	ENSG00000099985	lost_on_activation	1	1	0	1	18	2	2	Ensembl target ENSG -> GPI UniProt product -> GAF annotation	UniProtKB:P13725		IBA|IC|IDA|IEA|IGI|TAS
85	MAN1A1	ENSG00000111885	lost_on_activation	3	3	0	1	5	2	1	Ensembl target ENSG -> GPI UniProt product -> GAF annotation	UniProtKB:P33908|UniProtKB:P33908-1|UniProtKB:P33908-2		IBA|IDA|IEA|IMP|TAS
86	HMGCS1	ENSG00000112972	lost_on_activation	1	1	0	1	7	3	1	Ensembl target ENSG -> GPI UniProt product -> GAF annotation	UniProtKB:Q01581		IBA|IC|IEA|NAS|TAS
87	GPR65	ENSG00000140030	lost_on_activation	1	1	0	1	8	2	2	Ensembl target ENSG -> GPI UniProt product -> GAF annotation	UniProtKB:Q8IYL9		IBA|IDA|IEA|ISS|TAS
88	B3GALNT1	ENSG00000169255	lost_on_activation	1	1	0	1	4	3	1	Ensembl target ENSG -> GPI UniProt product -> GAF annotation	UniProtKB:O75752		IBA|IEA|TAS
89	RBKS	ENSG00000171174	lost_on_activation	3	3	0	1	4	3	2	Ensembl target ENSG -> GPI UniProt product -> GAF annotation	UniProtKB:Q9H477|UniProtKB:Q9H477-1|UniProtKB:Q9H477-2		IEA|TAS
90	EIF4EBP1	ENSG00000187840	lost_on_activation	1	1	0	1	5	3	3	Ensembl target ENSG -> GPI UniProt product -> GAF annotation	UniProtKB:Q13541		IBA|IDA|IEA|IMP
91	BIRC3	ENSG00000023445	lost_on_activation	1	1	0	1	20	2	2	Ensembl target ENSG -> GPI UniProt product -> GAF annotation	UniProtKB:Q13489		IBA|IDA|IEA|IMP|NAS|TAS
92	PLPP1	ENSG00000067113	lost_on_activation	3	3	0	1	11	4	2	Ensembl target ENSG -> GPI UniProt product -> GAF annotation	UniProtKB:O14494|UniProtKB:O14494-1|UniProtKB:O14494-2		IBA|IDA|IEA|IMP|NAS|TAS
93	ERLEC1	ENSG00000068912	lost_on_activation	4	4	0	1	4	3	2	Ensembl target ENSG -> GPI UniProt product -> GAF annotation	UniProtKB:Q96DZ1|UniProtKB:Q96DZ1-1|UniProtKB:Q96DZ1-2|UniProtKB:Q96DZ1-3		IBA|IDA|IEA|IMP|NAS|TAS
94	TUBE1	ENSG00000074935	lost_on_activation	1	1	0	1	5	1	1	Ensembl target ENSG -> GPI UniProt product -> GAF annotation	UniProtKB:Q9UJT0		IBA|IDA|IEA|TAS
95	SNX10	ENSG00000086300	lost_on_activation	3	3	0	1	7	1	1	Ensembl target ENSG -> GPI UniProt product -> GAF annotation	UniProtKB:Q9Y5X0|UniProtKB:Q9Y5X0-1|UniProtKB:Q9Y5X0-2		IBA|IEA|IMP|ISS
96	EIF5	ENSG00000100664	lost_on_activation	1	1	0	1	4	5	3	Ensembl target ENSG -> GPI UniProt product -> GAF annotation	UniProtKB:P55010		IBA|IDA|IEA
97	ERI1	ENSG00000104626	lost_on_activation	1	1	0	1	5	4	2	Ensembl target ENSG -> GPI UniProt product -> GAF annotation	UniProtKB:Q8IV48		IBA|IEA|IMP|ISS
98	LPXN	ENSG00000110031	lost_on_activation	3	3	0	1	6	3	3	Ensembl target ENSG -> GPI UniProt product -> GAF annotation	UniProtKB:O60711|UniProtKB:O60711-1|UniProtKB:O60711-2		IBA|IDA|IEA|NAS|TAS
99	TNFAIP3	ENSG00000118503	lost_on_activation	1	1	0	1	46	4	3	Ensembl target ENSG -> GPI UniProt product -> GAF annotation	UniProtKB:P21580		IBA|IDA|IEA|IMP|ISS|NAS|TAS
100	P4HA1	ENSG00000122884	lost_on_activation	4	4	0	1	1	0	0	Ensembl target ENSG -> GPI UniProt product -> GAF annotation	UniProtKB:P13674|UniProtKB:P13674-1|UniProtKB:P13674-2|UniProtKB:P13674-3		IBA
101	CALU	ENSG00000128595	lost_on_activation	16	16	0	0	0	0	0	Ensembl target ENSG -> GPI UniProt product -> GAF annotation	UniProtKB:O43852|UniProtKB:O43852-1|UniProtKB:O43852-10|UniProtKB:O43852-11|UniProtKB:O43852-12|UniProtKB:O43852-13|UniProtKB:O43852-14|UniProtKB:O43852-15|UniProtKB:O43852-2|UniProtKB:O43852-3|UniProtKB:O43852-4|UniProtKB:O43852-5|UniProtKB:O43852-6|UniProtKB:O43852-7|UniProtKB:O43852-8|UniProtKB:O43852-9		
102	CLSTN3	ENSG00000139182	lost_on_activation	4	4	0	1	17	4	3	Ensembl target ENSG -> GPI UniProt product -> GAF annotation	UniProtKB:Q9BQT9|UniProtKB:Q9BQT9-1|UniProtKB:Q9BQT9-2|UniProtKB:Q9BQT9-3		IBA|IDA|IEA|ISS
103	TMBIM6	ENSG00000139644	lost_on_activation	3	3	0	1	13	2	2	Ensembl target ENSG -> GPI UniProt product -> GAF annotation	UniProtKB:P55061|UniProtKB:P55061-1|UniProtKB:P55061-2		IBA|IDA|IEA|IGI
104	CRIM1	ENSG00000150938	lost_on_activation	1	1	0	1	4	1	1	Ensembl target ENSG -> GPI UniProt product -> GAF annotation	UniProtKB:Q9NZV1		IEA|IMP|TAS
105	CD109	ENSG00000156535	lost_on_activation	5	5	0	1	2	0	0	Ensembl target ENSG -> GPI UniProt product -> GAF annotation	UniProtKB:Q6YHK3|UniProtKB:Q6YHK3-1|UniProtKB:Q6YHK3-2|UniProtKB:Q6YHK3-3|UniProtKB:Q6YHK3-4		IDA
106	TGFBR2	ENSG00000163513	lost_on_activation	4	4	0	1	53	3	3	Ensembl target ENSG -> GPI UniProt product -> GAF annotation	UniProtKB:P37173|UniProtKB:P37173-1|UniProtKB:P37173-2|UniProtKB:P37173-3		IBA|IC|IDA|IEA|IMP|ISS|TAS
107	TLR6	ENSG00000174130	lost_on_activation	3	3	0	1	33	3	3	Ensembl target ENSG -> GPI UniProt product -> GAF annotation	UniProtKB:Q9Y2C9|UniProtKB:Q9Y2C9-1|UniProtKB:Q9Y2C9-2		IBA|IDA|IEA|IGI|ISS|NAS|TAS
108	DMWD	ENSG00000185800	lost_on_activation	1	1	0	1	1	0	0	Ensembl target ENSG -> GPI UniProt product -> GAF annotation	UniProtKB:Q09019		IBA
109	LTN1	ENSG00000198862	lost_on_activation	4	4	0	1	4	3	1	Ensembl target ENSG -> GPI UniProt product -> GAF annotation	UniProtKB:O94822|UniProtKB:O94822-1|UniProtKB:O94822-2|UniProtKB:O94822-3		IBA|IDA|IEA|NAS|TAS
110	SMOX	ENSG00000088826	lost_on_activation	7	7	0	1	4	1	1	Ensembl target ENSG -> GPI UniProt product -> GAF annotation	UniProtKB:Q9NWM0|UniProtKB:Q9NWM0-1|UniProtKB:Q9NWM0-2|UniProtKB:Q9NWM0-3|UniProtKB:Q9NWM0-4|UniProtKB:Q9NWM0-5|UniProtKB:Q9NWM0-6		IBA|IDA|IEA|TAS
111	SNX9	ENSG00000130340	lost_on_activation	1	1	0	1	17	3	3	Ensembl target ENSG -> GPI UniProt product -> GAF annotation	UniProtKB:Q9Y5X1		IBA|IDA|IEA|IMP|ISS
112	ITGB7	ENSG00000139626	lost_on_activation	3	3	0	1	12	3	3	Ensembl target ENSG -> GPI UniProt product -> GAF annotation	UniProtKB:P26010|UniProtKB:P26010-1|UniProtKB:P26010-2		IBA|IDA|IEA|IMP|NAS|TAS
113	PEX2	ENSG00000164751	lost_on_activation	1	1	0	1	14	5	3	Ensembl target ENSG -> GPI UniProt product -> GAF annotation	UniProtKB:P28328		IBA|IDA|IEA|IMP|ISS|NAS
114	STK40	ENSG00000196182	lost_on_activation	5	5	0	1	1	0	0	Ensembl target ENSG -> GPI UniProt product -> GAF annotation	UniProtKB:Q8N2I9|UniProtKB:Q8N2I9-1|UniProtKB:Q8N2I9-2|UniProtKB:Q8N2I9-3|UniProtKB:Q8N2I9-4		IBA
115	IGF2R	ENSG00000197081	lost_on_activation	1	1	0	1	14	2	2	Ensembl target ENSG -> GPI UniProt product -> GAF annotation	UniProtKB:P11717		IBA|IDA|IEA|IMP|TAS
116	APOL6	ENSG00000221963	lost_on_activation	1	1	0	1	2	2	1	Ensembl target ENSG -> GPI UniProt product -> GAF annotation	UniProtKB:Q9BWW8		IEA
117	BLTP2	ENSG00000007202	lost_on_activation	5	5	0	0	0	0	0	Ensembl target ENSG -> GPI UniProt product -> GAF annotation	UniProtKB:Q14667|UniProtKB:Q14667-1|UniProtKB:Q14667-2|UniProtKB:Q14667-3|UniProtKB:Q14667-4		
118	RNF19A	ENSG00000034677	lost_on_activation	4	4	0	1	3	2	1	Ensembl target ENSG -> GPI UniProt product -> GAF annotation	UniProtKB:Q9NV58|UniProtKB:Q9NV58-1|UniProtKB:Q9NV58-2|UniProtKB:Q9NV58-3		IBA|IEA|TAS
119	ATP11B	ENSG00000058063	lost_on_activation	1	1	0	1	5	1	1	Ensembl target ENSG -> GPI UniProt product -> GAF annotation	UniProtKB:Q9Y2G3		IBA|IEA|NAS|TAS
120	VDAC3	ENSG00000078668	lost_on_activation	3	3	0	1	6	3	3	Ensembl target ENSG -> GPI UniProt product -> GAF annotation	UniProtKB:Q9Y277|UniProtKB:Q9Y277-1|UniProtKB:Q9Y277-2		IBA|IEA|ISS|TAS
121	DDX1	ENSG00000079785	lost_on_activation	4	4	0	1	7	6	4	Ensembl target ENSG -> GPI UniProt product -> GAF annotation	UniProtKB:Q92499|UniProtKB:Q92499-1|UniProtKB:Q92499-2|UniProtKB:Q92499-3		IDA|IEA|IMP|ISS|NAS
122	CORO1A	ENSG00000102879	lost_on_activation	1	1	0	1	12	4	4	Ensembl target ENSG -> GPI UniProt product -> GAF annotation	UniProtKB:P31146		IBA|IDA|IEA|IMP|NAS
123	EIF4G1	ENSG00000114867	lost_on_activation	9	9	0	1	16	4	2	Ensembl target ENSG -> GPI UniProt product -> GAF annotation	UniProtKB:Q04637|UniProtKB:Q04637-1|UniProtKB:Q04637-3|UniProtKB:Q04637-4|UniProtKB:Q04637-5|UniProtKB:Q04637-6|UniProtKB:Q04637-7|UniProtKB:Q04637-8|UniProtKB:Q04637-9		IBA|IDA|IEA|IGI|IMP|IPI|NAS|TAS
124	TNFSF10	ENSG00000121858	lost_on_activation	3	3	0	1	12	2	2	Ensembl target ENSG -> GPI UniProt product -> GAF annotation	UniProtKB:P50591|UniProtKB:P50591-1|UniProtKB:P50591-2		IBA|IDA|IEA|IEP|TAS
125	TOMM40	ENSG00000130204	lost_on_activation	3	3	0	1	4	1	1	Ensembl target ENSG -> GPI UniProt product -> GAF annotation	UniProtKB:O96008|UniProtKB:O96008-1|UniProtKB:O96008-2		IBA|IEA|IGI|IMP|ISS|NAS
126	PELO	ENSG00000152684	lost_on_activation	1	1	0	1	5	5	3	Ensembl target ENSG -> GPI UniProt product -> GAF annotation	UniProtKB:Q9BRX2		IBA|IDA|IEA
127	CYRIB	ENSG00000153310	lost_on_activation	3	3	0	1	12	1	1	Ensembl target ENSG -> GPI UniProt product -> GAF annotation	UniProtKB:Q9NUQ9|UniProtKB:Q9NUQ9-1|UniProtKB:Q9NUQ9-2		IBA|IEA|IMP|ISS
128	ATP2A2	ENSG00000174437	lost_on_activation	6	6	0	1	20	7	6	Ensembl target ENSG -> GPI UniProt product -> GAF annotation	UniProtKB:P16615|UniProtKB:P16615-1|UniProtKB:P16615-2|UniProtKB:P16615-3|UniProtKB:P16615-4|UniProtKB:P16615-5		IBA|IDA|IEA|IMP|ISS|TAS
129	PRKDC	ENSG00000253729	lost_on_activation	3	3	0	1	33	10	8	Ensembl target ENSG -> GPI UniProt product -> GAF annotation	UniProtKB:P78527|UniProtKB:P78527-1|UniProtKB:P78527-2		IBA|IDA|IEA|IMP|ISS|NAS|TAS
130	RHBDD2	ENSG00000005486	lost_on_activation	4	4	0	1	2	3	2	Ensembl target ENSG -> GPI UniProt product -> GAF annotation	UniProtKB:Q6NTF9|UniProtKB:Q6NTF9-1|UniProtKB:Q6NTF9-2|UniProtKB:Q6NTF9-3		IBA
131	PHTF2	ENSG00000006576	lost_on_activation	8	8	0	0	0	0	0	Ensembl target ENSG -> GPI UniProt product -> GAF annotation	UniProtKB:Q8N3S3|UniProtKB:Q8N3S3-1|UniProtKB:Q8N3S3-2|UniProtKB:Q8N3S3-3|UniProtKB:Q8N3S3-4|UniProtKB:Q8N3S3-5|UniProtKB:Q8N3S3-6|UniProtKB:Q8N3S3-7		
132	SLC2A3	ENSG00000059804	lost_on_activation	1	1	0	1	8	3	2	Ensembl target ENSG -> GPI UniProt product -> GAF annotation	UniProtKB:P11169		IBA|IDA|IEA|IGI|NAS|TAS
133	DNAJC3	ENSG00000102580	lost_on_activation	1	1	0	1	8	5	3	Ensembl target ENSG -> GPI UniProt product -> GAF annotation	UniProtKB:Q13217		IBA|IEA|IMP|ISS
134	MAP3K8	ENSG00000107968	lost_on_activation	3	3	0	1	5	3	2	Ensembl target ENSG -> GPI UniProt product -> GAF annotation	UniProtKB:P41279|UniProtKB:P41279-1|UniProtKB:P41279-2		IBA|IDA|IEA|TAS
135	FGFR1OP2	ENSG00000111790	lost_on_activation	4	4	0	1	1	0	0	Ensembl target ENSG -> GPI UniProt product -> GAF annotation	UniProtKB:Q9NVK5|UniProtKB:Q9NVK5-1|UniProtKB:Q9NVK5-2|UniProtKB:Q9NVK5-3		IBA
136	SFPQ	ENSG00000116560	lost_on_activation	3	3	0	1	14	6	4	Ensembl target ENSG -> GPI UniProt product -> GAF annotation	UniProtKB:P23246|UniProtKB:P23246-1|UniProtKB:P23246-2		IBA|IDA|IEA|IGI|IMP|ISS|TAS
137	IVNS1ABP	ENSG00000116679	lost_on_activation	1	1	0	1	5	4	1	Ensembl target ENSG -> GPI UniProt product -> GAF annotation	UniProtKB:Q9Y6Y0		IBA|IMP|TAS
138	TMED5	ENSG00000117500	lost_on_activation	3	3	0	1	3	1	1	Ensembl target ENSG -> GPI UniProt product -> GAF annotation	UniProtKB:Q9Y3A6|UniProtKB:Q9Y3A6-1|UniProtKB:Q9Y3A6-2		IBA|IMP
139	NDUFB3	ENSG00000119013	lost_on_activation	1	1	0	1	5	4	3	Ensembl target ENSG -> GPI UniProt product -> GAF annotation	UniProtKB:O43676		IBA|IEA|NAS|TAS
140	SCPEP1	ENSG00000121064	lost_on_activation	3	3	0	1	4	3	1	Ensembl target ENSG -> GPI UniProt product -> GAF annotation	UniProtKB:Q9HB40|UniProtKB:Q9HB40-1|UniProtKB:Q9HB40-2		IEA|ISS
141	INSIG2	ENSG00000125629	lost_on_activation	1	1	0	1	9	5	3	Ensembl target ENSG -> GPI UniProt product -> GAF annotation	UniProtKB:Q9Y5U4		IBA|IDA|IEA|NAS
142	IGFLR1	ENSG00000126246	lost_on_activation	3	3	0	0	0	0	0	Ensembl target ENSG -> GPI UniProt product -> GAF annotation	UniProtKB:Q9H665|UniProtKB:Q9H665-1|UniProtKB:Q9H665-2		
143	ACTR10	ENSG00000131966	lost_on_activation	1	1	0	1	2	0	0	Ensembl target ENSG -> GPI UniProt product -> GAF annotation	UniProtKB:Q9NZ32		IBA|IEA
144	SLC7A1	ENSG00000139514	lost_on_activation	1	1	0	1	15	1	1	Ensembl target ENSG -> GPI UniProt product -> GAF annotation	UniProtKB:P30825		IBA|IDA|IEA|IMP|ISS|NAS|TAS
145	JAZF1	ENSG00000153814	lost_on_activation	3	3	0	1	1	1	1	Ensembl target ENSG -> GPI UniProt product -> GAF annotation	UniProtKB:Q86VZ6|UniProtKB:Q86VZ6-1|UniProtKB:Q86VZ6-3		IDA
146	PHF6	ENSG00000156531	lost_on_activation	6	6	0	1	2	1	1	Ensembl target ENSG -> GPI UniProt product -> GAF annotation	UniProtKB:Q8IWS0|UniProtKB:Q8IWS0-1|UniProtKB:Q8IWS0-2|UniProtKB:Q8IWS0-3|UniProtKB:Q8IWS0-4|UniProtKB:Q8IWS0-5		IBA|IDA
147	TBC1D31	ENSG00000156787	lost_on_activation	4	4	0	1	1	1	1	Ensembl target ENSG -> GPI UniProt product -> GAF annotation	UniProtKB:Q96DN5|UniProtKB:Q96DN5-1|UniProtKB:Q96DN5-2|UniProtKB:Q96DN5-3		IBA|IEA|IMP
148	WDR26	ENSG00000162923	lost_on_activation	5	5	0	1	1	2	1	Ensembl target ENSG -> GPI UniProt product -> GAF annotation	UniProtKB:Q9H7D7|UniProtKB:Q9H7D7-1|UniProtKB:Q9H7D7-2|UniProtKB:Q9H7D7-3|UniProtKB:Q9H7D7-4		IBA|NAS
149	CCR1	ENSG00000163823	lost_on_activation	1	1	0	1	29	6	6	Ensembl target ENSG -> GPI UniProt product -> GAF annotation	UniProtKB:P32246		IBA|IDA|IEA|IMP|ISS|NAS|TAS
150	INPP5D	ENSG00000168918	lost_on_activation	4	4	0	1	11	4	2	Ensembl target ENSG -> GPI UniProt product -> GAF annotation	UniProtKB:Q92835|UniProtKB:Q92835-1|UniProtKB:Q92835-2|UniProtKB:Q92835-3		IBA|IDA|IEA|TAS
151	B3GNT2	ENSG00000170340	lost_on_activation	3	3	0	1	3	2	1	Ensembl target ENSG -> GPI UniProt product -> GAF annotation	UniProtKB:Q9NY97|UniProtKB:Q9NY97-1|UniProtKB:Q9NY97-2		IBA|IDA|IEA|TAS
152	MEX3C	ENSG00000176624	lost_on_activation	1	1	0	0	0	0	0	Ensembl target ENSG -> GPI UniProt product -> GAF annotation	UniProtKB:Q5U5Q3		
153	MAF	ENSG00000178573	lost_on_activation	3	3	0	1	8	6	3	Ensembl target ENSG -> GPI UniProt product -> GAF annotation	UniProtKB:O75444|UniProtKB:O75444-1|UniProtKB:O75444-2		IBA|IEA|IMP|NAS|TAS
154	SLC6A9	ENSG00000196517	lost_on_activation	4	4	0	1	10	1	1	Ensembl target ENSG -> GPI UniProt product -> GAF annotation	UniProtKB:P48067|UniProtKB:P48067-1|UniProtKB:P48067-2|UniProtKB:P48067-3		IBA|IEA|ISS|NAS|TAS
155	ZBTB32	ENSG00000011590	lost_on_activation	1	1	0	1	4	1	1	Ensembl target ENSG -> GPI UniProt product -> GAF annotation	UniProtKB:Q9Y2Y4		IBA|IDA|IEA
156	AFF4	ENSG00000072364	lost_on_activation	4	4	0	1	5	5	2	Ensembl target ENSG -> GPI UniProt product -> GAF annotation	UniProtKB:Q9UHB7|UniProtKB:Q9UHB7-1|UniProtKB:Q9UHB7-2|UniProtKB:Q9UHB7-3		IBA|IEA
157	CLDND1	ENSG00000080822	lost_on_activation	4	4	0	1	1	0	0	Ensembl target ENSG -> GPI UniProt product -> GAF annotation	UniProtKB:Q9NY35|UniProtKB:Q9NY35-1|UniProtKB:Q9NY35-2|UniProtKB:Q9NY35-3		IMP
158	NFE2L1	ENSG00000082641	lost_on_activation	3	3	0	1	13	4	4	Ensembl target ENSG -> GPI UniProt product -> GAF annotation	UniProtKB:Q14494|UniProtKB:Q14494-1|UniProtKB:Q14494-2		IBA|IDA|IEA|ISS|NAS|TAS
159	ABI3	ENSG00000108798	lost_on_activation	3	3	0	1	11	1	1	Ensembl target ENSG -> GPI UniProt product -> GAF annotation	UniProtKB:Q9P2A4|UniProtKB:Q9P2A4-1|UniProtKB:Q9P2A4-2		IBA|IDA|IEA|IMP|ISS|NAS
160	CYTIP	ENSG00000115165	lost_on_activation	3	3	0	1	1	0	0	Ensembl target ENSG -> GPI UniProt product -> GAF annotation	UniProtKB:O60759|UniProtKB:O60759-1|UniProtKB:O60759-2		IBA|IDA
161	FBXL5	ENSG00000118564	lost_on_activation	3	3	0	1	5	3	2	Ensembl target ENSG -> GPI UniProt product -> GAF annotation	UniProtKB:Q9UKA1|UniProtKB:Q9UKA1-1|UniProtKB:Q9UKA1-2		IBA|IDA|IEA|IEP|IMP|NAS
162	KLF9	ENSG00000119138	lost_on_activation	1	1	0	1	4	1	1	Ensembl target ENSG -> GPI UniProt product -> GAF annotation	UniProtKB:Q13886		IBA|IDA|IEP|IMP|TAS
163	UFM1	ENSG00000120686	lost_on_activation	3	3	0	1	8	3	2	Ensembl target ENSG -> GPI UniProt product -> GAF annotation	UniProtKB:P61960|UniProtKB:P61960-1|UniProtKB:P61960-2		IBA|IDA|IEA|IMP|ISS
164	NCOA3	ENSG00000124151	lost_on_activation	6	6	0	1	11	2	2	Ensembl target ENSG -> GPI UniProt product -> GAF annotation	UniProtKB:Q9Y6Q9|UniProtKB:Q9Y6Q9-1|UniProtKB:Q9Y6Q9-2|UniProtKB:Q9Y6Q9-3|UniProtKB:Q9Y6Q9-4|UniProtKB:Q9Y6Q9-5		IBA|IDA|IEA|IMP|ISS
165	MBOAT7	ENSG00000125505	lost_on_activation	4	4	0	1	7	4	2	Ensembl target ENSG -> GPI UniProt product -> GAF annotation	UniProtKB:Q96N66|UniProtKB:Q96N66-1|UniProtKB:Q96N66-2|UniProtKB:Q96N66-3		IBA|IDA|IEA|IMP|ISS|TAS
166	HCST	ENSG00000126264	lost_on_activation	3	3	0	1	4	2	1	Ensembl target ENSG -> GPI UniProt product -> GAF annotation	UniProtKB:Q9UBK5|UniProtKB:Q9UBK5-1|UniProtKB:Q9UBK5-2		IBA|IDA|IEA|IGI
167	AP4B1	ENSG00000134262	lost_on_activation	3	3	0	1	7	1	1	Ensembl target ENSG -> GPI UniProt product -> GAF annotation	UniProtKB:Q9Y6B7|UniProtKB:Q9Y6B7-1|UniProtKB:Q9Y6B7-2		IBA|IC|IEA|NAS
168	IER3	ENSG00000137331	lost_on_activation	1	1	0	1	6	3	3	Ensembl target ENSG -> GPI UniProt product -> GAF annotation	UniProtKB:P46695		IBA|IEA|IMP|TAS
169	PRPSAP2	ENSG00000141127	lost_on_activation	5	5	0	1	4	2	1	Ensembl target ENSG -> GPI UniProt product -> GAF annotation	UniProtKB:O60256|UniProtKB:O60256-1|UniProtKB:O60256-2|UniProtKB:O60256-3|UniProtKB:O60256-4		IBA|IEA|TAS
170	SURF4	ENSG00000148248	lost_on_activation	4	4	0	1	7	1	1	Ensembl target ENSG -> GPI UniProt product -> GAF annotation	UniProtKB:O15260|UniProtKB:O15260-1|UniProtKB:O15260-2|UniProtKB:O15260-3		IBA|IDA|IEA|IMP|ISS
171	PRSS23	ENSG00000150687	lost_on_activation	3	3	0	1	1	2	1	Ensembl target ENSG -> GPI UniProt product -> GAF annotation	UniProtKB:O95084|UniProtKB:O95084-1|UniProtKB:O95084-2		IEA
172	MED8	ENSG00000159479	lost_on_activation	4	4	0	1	6	6	3	Ensembl target ENSG -> GPI UniProt product -> GAF annotation	UniProtKB:Q96G25|UniProtKB:Q96G25-1|UniProtKB:Q96G25-2|UniProtKB:Q96G25-3		IBA|IEA|NAS
173	AIM2	ENSG00000163568	lost_on_activation	1	1	0	1	20	4	4	Ensembl target ENSG -> GPI UniProt product -> GAF annotation	UniProtKB:O14862		IBA|IDA|IEA|ISS|NAS|TAS
174	LYSMD3	ENSG00000176018	lost_on_activation	4	4	0	1	1	0	0	Ensembl target ENSG -> GPI UniProt product -> GAF annotation	UniProtKB:Q7Z3D4|UniProtKB:Q7Z3D4-1|UniProtKB:Q7Z3D4-2|UniProtKB:Q7Z3D4-3		IBA|IMP
175	NAP1L5	ENSG00000177432	lost_on_activation	1	1	0	1	1	1	1	Ensembl target ENSG -> GPI UniProt product -> GAF annotation	UniProtKB:Q96NT1		IEA
176	RNF41	ENSG00000181852	lost_on_activation	3	3	0	1	13	4	3	Ensembl target ENSG -> GPI UniProt product -> GAF annotation	UniProtKB:Q9H4P4|UniProtKB:Q9H4P4-1|UniProtKB:Q9H4P4-2		IBA|IDA|IEA|IMP
177	HAPSTR1	ENSG00000182831	lost_on_activation	3	3	0	1	2	0	0	Ensembl target ENSG -> GPI UniProt product -> GAF annotation	UniProtKB:Q14CZ0|UniProtKB:Q14CZ0-1|UniProtKB:Q14CZ0-2		IDA|IMP
178	RXRA	ENSG00000186350	lost_on_activation	3	3	0	1	24	6	3	Ensembl target ENSG -> GPI UniProt product -> GAF annotation	UniProtKB:P19793|UniProtKB:P19793-1|UniProtKB:P19793-2		IBA|IDA|IEA|IMP|NAS|TAS
179	NHLRC3	ENSG00000188811	lost_on_activation	3	3	0	1	2	2	1	Ensembl target ENSG -> GPI UniProt product -> GAF annotation	UniProtKB:Q5JS37|UniProtKB:Q5JS37-1|UniProtKB:Q5JS37-2		IBA
180	MDM4	ENSG00000198625	lost_on_activation	6	6	0	1	18	3	3	Ensembl target ENSG -> GPI UniProt product -> GAF annotation	UniProtKB:O15151|UniProtKB:O15151-1|UniProtKB:O15151-2|UniProtKB:O15151-3|UniProtKB:O15151-4|UniProtKB:O15151-5		IBA|IDA|IEA|IEP|IMP|ISS|NAS|TAS
181	TRAM1	ENSG00000067167	lost_on_activation	3	3	0	1	4	1	1	Ensembl target ENSG -> GPI UniProt product -> GAF annotation	UniProtKB:Q15629|UniProtKB:Q15629-1|UniProtKB:Q15629-2		IBA|IDA|IEA|IMP|TAS
182	NFKBIA	ENSG00000100906	lost_on_activation	1	1	0	1	19	2	2	Ensembl target ENSG -> GPI UniProt product -> GAF annotation	UniProtKB:P25963		IBA|IDA|IEA|IMP|NAS
183	IFNG	ENSG00000111537	lost_on_activation	1	1	0	1	59	3	3	Ensembl target ENSG -> GPI UniProt product -> GAF annotation	UniProtKB:P01579		HDA|IBA|IDA|IEA|IGI|IMP|ISS|NAS|TAS
184	IFT57	ENSG00000114446	lost_on_activation	1	1	0	1	6	2	2	Ensembl target ENSG -> GPI UniProt product -> GAF annotation	UniProtKB:Q9NWB7		IBA|IDA|NAS
185	DUSP4	ENSG00000120875	lost_on_activation	3	3	0	1	5	2	2	Ensembl target ENSG -> GPI UniProt product -> GAF annotation	UniProtKB:Q13115|UniProtKB:Q13115-1|UniProtKB:Q13115-2		IBA|IDA|IMP
186	STAT4	ENSG00000138378	lost_on_activation	1	1	0	1	13	2	2	Ensembl target ENSG -> GPI UniProt product -> GAF annotation	UniProtKB:Q14765		IBA|IDA|IEA|IMP|NAS|TAS
187	WARS1	ENSG00000140105	lost_on_activation	3	3	0	1	6	5	3	Ensembl target ENSG -> GPI UniProt product -> GAF annotation	UniProtKB:P23381|UniProtKB:P23381-1|UniProtKB:P23381-2		IBA|IDA|IEA|NAS|TAS
188	GALM	ENSG00000143891	lost_on_activation	1	1	0	1	5	2	1	Ensembl target ENSG -> GPI UniProt product -> GAF annotation	UniProtKB:Q96C23		IBA|IDA|IEA|IMP|TAS
189	NFKBID	ENSG00000167604	lost_on_activation	4	4	0	1	3	2	2	Ensembl target ENSG -> GPI UniProt product -> GAF annotation	UniProtKB:Q8NI38|UniProtKB:Q8NI38-1|UniProtKB:Q8NI38-2|UniProtKB:Q8NI38-3		IBA|ISS
190	CENPF	ENSG00000117724	gained_on_activation	1	1	0	1	11	4	4	Ensembl target ENSG -> GPI UniProt product -> GAF annotation	UniProtKB:P49454		IBA|IDA|IMP|NAS
191	PFN1	ENSG00000108518	gained_on_activation	1	1	0	1	13	0	0	Ensembl target ENSG -> GPI UniProt product -> GAF annotation	UniProtKB:P07737		IBA|IDA|IEA|IGI|IMP
192	ANXA2R	ENSG00000177721	gained_on_activation	1	1	0	0	0	0	0	Ensembl target ENSG -> GPI UniProt product -> GAF annotation	UniProtKB:Q3ZCQ2		
193	GEMIN4	ENSG00000179409	gained_on_activation	1	1	0	1	2	4	2	Ensembl target ENSG -> GPI UniProt product -> GAF annotation	UniProtKB:P57678		EXP|IBA|IDA|IEA|TAS
194	CPNE1	ENSG00000214078	gained_on_activation	1	1	0	1	13	5	3	Ensembl target ENSG -> GPI UniProt product -> GAF annotation	UniProtKB:Q99829		IBA|IDA|IMP|TAS
195	SPAG5	ENSG00000076382	gained_on_activation	1	1	0	1	9	1	1	Ensembl target ENSG -> GPI UniProt product -> GAF annotation	UniProtKB:Q96R06		IEA|IMP
196	ARHGEF18	ENSG00000104880	gained_on_activation	6	6	0	1	6	1	1	Ensembl target ENSG -> GPI UniProt product -> GAF annotation	UniProtKB:Q6ZSZ5|UniProtKB:Q6ZSZ5-1|UniProtKB:Q6ZSZ5-2|UniProtKB:Q6ZSZ5-4|UniProtKB:Q6ZSZ5-5|UniProtKB:Q6ZSZ5-6		IBA|IDA|IEA|IMP
197	BTN3A3	ENSG00000111801	gained_on_activation	3	3	0	1	3	2	2	Ensembl target ENSG -> GPI UniProt product -> GAF annotation	UniProtKB:O00478|UniProtKB:O00478-1|UniProtKB:O00478-2		IBA|IMP
198	CCNG1	ENSG00000113328	gained_on_activation	3	3	0	1	2	1	1	Ensembl target ENSG -> GPI UniProt product -> GAF annotation	UniProtKB:P51959|UniProtKB:P51959-1|UniProtKB:P51959-2		IBA|TAS
199	APOL3	ENSG00000128284	gained_on_activation	4	4	0	1	4	2	1	Ensembl target ENSG -> GPI UniProt product -> GAF annotation	UniProtKB:O95236|UniProtKB:O95236-1|UniProtKB:O95236-2|UniProtKB:O95236-3		HMP|IEA|TAS
200	GLUL	ENSG00000135821	gained_on_activation	1	1	0	1	10	3	2	Ensembl target ENSG -> GPI UniProt product -> GAF annotation	UniProtKB:P15104		IBA|IDA|IEA|IMP|ISS|TAS
201	ATP8B2	ENSG00000143515	gained_on_activation	6	6	0	1	4	1	1	Ensembl target ENSG -> GPI UniProt product -> GAF annotation	UniProtKB:P98198|UniProtKB:P98198-1|UniProtKB:P98198-2|UniProtKB:P98198-3|UniProtKB:P98198-4|UniProtKB:P98198-5		IBA|IEA|TAS
202	ANXA5	ENSG00000164111	gained_on_activation	1	1	0	1	3	1	1	Ensembl target ENSG -> GPI UniProt product -> GAF annotation	UniProtKB:P08758		IEA|TAS
203	MAL	ENSG00000172005	gained_on_activation	5	5	0	1	8	1	1	Ensembl target ENSG -> GPI UniProt product -> GAF annotation	UniProtKB:P21145|UniProtKB:P21145-1|UniProtKB:P21145-2|UniProtKB:P21145-3|UniProtKB:P21145-4		IBA|IEA|IMP|NAS|TAS
204	DEAF1	ENSG00000177030	gained_on_activation	5	5	0	1	12	5	2	Ensembl target ENSG -> GPI UniProt product -> GAF annotation	UniProtKB:O75398|UniProtKB:O75398-1|UniProtKB:O75398-3|UniProtKB:O75398-4|UniProtKB:O75398-5		IBA|IDA|IEA|ISS|TAS
205	LITAF	ENSG00000189067	gained_on_activation	4	4	0	1	3	1	1	Ensembl target ENSG -> GPI UniProt product -> GAF annotation	UniProtKB:Q99732|UniProtKB:Q99732-1|UniProtKB:Q99732-2|UniProtKB:Q99732-3		HMP|IBA|IMP
206	SPTAN1	ENSG00000197694	gained_on_activation	4	4	0	1	1	0	0	Ensembl target ENSG -> GPI UniProt product -> GAF annotation	UniProtKB:Q13813|UniProtKB:Q13813-1|UniProtKB:Q13813-2|UniProtKB:Q13813-3		IBA
207	VCL	ENSG00000035403	gained_on_activation	4	4	0	1	14	2	2	Ensembl target ENSG -> GPI UniProt product -> GAF annotation	UniProtKB:P18206|UniProtKB:P18206-1|UniProtKB:P18206-2|UniProtKB:P18206-3		HMP|IBA|IDA|IEA|IMP|ISS|NAS|TAS
208	GSDMD	ENSG00000104518	gained_on_activation	1	1	0	1	13	4	4	Ensembl target ENSG -> GPI UniProt product -> GAF annotation	UniProtKB:P57764		IBA|IDA|IEA|ISS
209	TOP2A	ENSG00000131747	gained_on_activation	5	5	0	1	12	5	3	Ensembl target ENSG -> GPI UniProt product -> GAF annotation	UniProtKB:P11388|UniProtKB:P11388-1|UniProtKB:P11388-2|UniProtKB:P11388-3|UniProtKB:P11388-4		IBA|IDA|IEA|IMP|ISS
210	TESPA1	ENSG00000135426	gained_on_activation	4	4	0	1	5	1	1	Ensembl target ENSG -> GPI UniProt product -> GAF annotation	UniProtKB:A2RU30|UniProtKB:A2RU30-1|UniProtKB:A2RU30-2|UniProtKB:A2RU30-3		IBA|IEA|ISS
211	TIAM1	ENSG00000156299	gained_on_activation	3	3	0	1	17	4	4	Ensembl target ENSG -> GPI UniProt product -> GAF annotation	UniProtKB:Q13009|UniProtKB:Q13009-1|UniProtKB:Q13009-2		IBA|IDA|IEA|IMP|ISS|NAS|TAS
212	CCNB2	ENSG00000157456	gained_on_activation	1	1	0	1	2	1	1	Ensembl target ENSG -> GPI UniProt product -> GAF annotation	UniProtKB:O95067		IBA|IEA
213	LY6E	ENSG00000160932	gained_on_activation	1	1	0	1	3	1	1	Ensembl target ENSG -> GPI UniProt product -> GAF annotation	UniProtKB:Q16553		IBA|IDA|TAS
214	DTX3L	ENSG00000163840	gained_on_activation	3	3	0	1	18	6	4	Ensembl target ENSG -> GPI UniProt product -> GAF annotation	UniProtKB:Q8TDB6|UniProtKB:Q8TDB6-1|UniProtKB:Q8TDB6-2		IBA|IDA|IEA|IGI|IMP
215	PLEC	ENSG00000178209	gained_on_activation	10	10	0	1	39	5	4	Ensembl target ENSG -> GPI UniProt product -> GAF annotation	UniProtKB:Q15149|UniProtKB:Q15149-1|UniProtKB:Q15149-2|UniProtKB:Q15149-3|UniProtKB:Q15149-4|UniProtKB:Q15149-5|UniProtKB:Q15149-6|UniProtKB:Q15149-7|UniProtKB:Q15149-8|UniProtKB:Q15149-9		IBA|IDA|IEA
216	SH3BP1	ENSG00000100092	gained_on_activation	3	3	0	1	14	3	3	Ensembl target ENSG -> GPI UniProt product -> GAF annotation	UniProtKB:Q9Y3L3|UniProtKB:Q9Y3L3-1|UniProtKB:Q9Y3L3-2		IBA|IEA|IMP|TAS
217	UBR2	ENSG00000024048	gained_on_activation	5	5	0	1	13	6	4	Ensembl target ENSG -> GPI UniProt product -> GAF annotation	UniProtKB:Q8IWV8|UniProtKB:Q8IWV8-1|UniProtKB:Q8IWV8-2|UniProtKB:Q8IWV8-3|UniProtKB:Q8IWV8-4		IBA|IDA|IEA|IMP|ISS
218	TTLL12	ENSG00000100304	gained_on_activation	1	1	0	1	3	0	0	Ensembl target ENSG -> GPI UniProt product -> GAF annotation	UniProtKB:Q14166		IEA|IMP
219	DNPH1	ENSG00000112667	gained_on_activation	3	3	0	1	9	2	1	Ensembl target ENSG -> GPI UniProt product -> GAF annotation	UniProtKB:O43598|UniProtKB:O43598-1|UniProtKB:O43598-2		IBA|IDA|IEA|IEP|IMP|ISS|TAS
220	IRF1	ENSG00000125347	gained_on_activation	1	1	0	1	21	3	3	Ensembl target ENSG -> GPI UniProt product -> GAF annotation	UniProtKB:P10914		IBA|IDA|IEA|IEP|IMP|ISS|TAS
221	FDXR	ENSG00000161513	gained_on_activation	8	8	0	1	5	4	2	Ensembl target ENSG -> GPI UniProt product -> GAF annotation	UniProtKB:P22570|UniProtKB:P22570-1|UniProtKB:P22570-2|UniProtKB:P22570-3|UniProtKB:P22570-4|UniProtKB:P22570-5|UniProtKB:P22570-6|UniProtKB:P22570-7		IBA|IDA|IEA|TAS
222	PCMTD1	ENSG00000168300	gained_on_activation	3	3	0	1	1	2	1	Ensembl target ENSG -> GPI UniProt product -> GAF annotation	UniProtKB:Q96MG8|UniProtKB:Q96MG8-1|UniProtKB:Q96MG8-2		IDA
223	PCGF5	ENSG00000180628	gained_on_activation	3	3	0	1	6	2	2	Ensembl target ENSG -> GPI UniProt product -> GAF annotation	UniProtKB:Q86SE9|UniProtKB:Q86SE9-1|UniProtKB:Q86SE9-2		IBA|IDA|IEA|ISS|NAS
224	MAP4K4	ENSG00000071054	gained_on_activation	7	7	0	1	14	3	2	Ensembl target ENSG -> GPI UniProt product -> GAF annotation	UniProtKB:O95819|UniProtKB:O95819-1|UniProtKB:O95819-2|UniProtKB:O95819-3|UniProtKB:O95819-4|UniProtKB:O95819-5|UniProtKB:O95819-6		IBA|IDA|IEA|IMP|ISS|NAS
225	CD59	ENSG00000085063	gained_on_activation	3	3	0	1	7	1	1	Ensembl target ENSG -> GPI UniProt product -> GAF annotation	UniProtKB:P13987|UniProtKB:P13987-1|UniProtKB:P13987-2		IBA|IDA|IEA|TAS
226	ICAM2	ENSG00000108622	gained_on_activation	1	1	0	1	7	3	3	Ensembl target ENSG -> GPI UniProt product -> GAF annotation	UniProtKB:P13598		IBA|IDA|IEA
227	GPSM2	ENSG00000121957	gained_on_activation	1	1	0	1	8	2	2	Ensembl target ENSG -> GPI UniProt product -> GAF annotation	UniProtKB:P81274		IBA|IMP|NAS|TAS
228	MKRN1	ENSG00000133606	gained_on_activation	5	5	0	1	2	2	1	Ensembl target ENSG -> GPI UniProt product -> GAF annotation	UniProtKB:Q9UHC7|UniProtKB:Q9UHC7-1|UniProtKB:Q9UHC7-2|UniProtKB:Q9UHC7-3|UniProtKB:Q9UHC7-4		IBA|IDA|IEA
229	CEP55	ENSG00000138180	gained_on_activation	3	3	0	1	5	1	1	Ensembl target ENSG -> GPI UniProt product -> GAF annotation	UniProtKB:Q53EZ4|UniProtKB:Q53EZ4-1|UniProtKB:Q53EZ4-2		IBA|IEA|IGI|IMP
230	MYO1F	ENSG00000142347	gained_on_activation	1	1	0	1	8	0	0	Ensembl target ENSG -> GPI UniProt product -> GAF annotation	UniProtKB:O00160		IBA|IDA|ISS
231	PLAC8	ENSG00000145287	gained_on_activation	1	1	0	1	2	1	1	Ensembl target ENSG -> GPI UniProt product -> GAF annotation	UniProtKB:Q9NZF1		IBA|IEA|ISS
232	UBE2L6	ENSG00000156587	gained_on_activation	3	3	0	1	7	2	1	Ensembl target ENSG -> GPI UniProt product -> GAF annotation	UniProtKB:O14933|UniProtKB:O14933-1|UniProtKB:O14933-2		IBA|IDA|IEA|TAS
233	ENTREP3	ENSG00000160767	gained_on_activation	5	5	0	0	0	0	0	Ensembl target ENSG -> GPI UniProt product -> GAF annotation	UniProtKB:P81408|UniProtKB:P81408-1|UniProtKB:P81408-2|UniProtKB:P81408-3|UniProtKB:P81408-4		
234	UBXN1	ENSG00000162191	gained_on_activation	3	3	0	1	6	2	1	Ensembl target ENSG -> GPI UniProt product -> GAF annotation	UniProtKB:Q04323|UniProtKB:Q04323-1|UniProtKB:Q04323-2		IBA|IDA|IMP|NAS
235	LRRC45	ENSG00000169683	gained_on_activation	1	1	0	1	2	1	1	Ensembl target ENSG -> GPI UniProt product -> GAF annotation	UniProtKB:Q96CN5		IMP
236	KLF13	ENSG00000169926	gained_on_activation	1	1	0	1	5	5	2	Ensembl target ENSG -> GPI UniProt product -> GAF annotation	UniProtKB:Q9Y2Y9		IBA|IEA|TAS
237	NDUFA3	ENSG00000170906	gained_on_activation	1	1	0	1	4	4	3	Ensembl target ENSG -> GPI UniProt product -> GAF annotation	UniProtKB:O95167		IEA|NAS
238	HOPX	ENSG00000171476	gained_on_activation	5	5	0	1	7	2	2	Ensembl target ENSG -> GPI UniProt product -> GAF annotation	UniProtKB:Q9BPY8|UniProtKB:Q9BPY8-1|UniProtKB:Q9BPY8-2|UniProtKB:Q9BPY8-3|UniProtKB:Q9BPY8-4		IBA|IDA|IEA|NAS
239	STAT5B	ENSG00000173757	gained_on_activation	1	1	0	1	19	3	3	Ensembl target ENSG -> GPI UniProt product -> GAF annotation	UniProtKB:P51692		IBA|IDA|IEA|ISS|NAS|TAS
240	H1-5	ENSG00000184357	gained_on_activation	1	1	0	1	7	2	2	Ensembl target ENSG -> GPI UniProt product -> GAF annotation	UniProtKB:P16401		IBA|IEA|IMP
241	H4C3	ENSG00000197061	gained_on_activation	1	0	1	0	0	0	0	Ensembl target ENSG -> GPI UniProt product -> GAF annotation		UniProtKB:P62805	
242	CHURC1	ENSG00000258289	gained_on_activation	5	5	0	1	2	2	2	Ensembl target ENSG -> GPI UniProt product -> GAF annotation	UniProtKB:Q8WUH1|UniProtKB:Q8WUH1-1|UniProtKB:Q8WUH1-2|UniProtKB:Q8WUH1-3|UniProtKB:Q8WUH1-4		IBA|IEA
243	TPR	ENSG00000047410	gained_on_activation	3	3	0	1	25	4	4	Ensembl target ENSG -> GPI UniProt product -> GAF annotation	UniProtKB:P12270|UniProtKB:P12270-1|UniProtKB:P12270-2		IBA|IDA|IEA|IMP|ISS|NAS|TAS
244	ASPM	ENSG00000066279	gained_on_activation	3	3	0	1	3	1	1	Ensembl target ENSG -> GPI UniProt product -> GAF annotation	UniProtKB:Q8IZT6|UniProtKB:Q8IZT6-1|UniProtKB:Q8IZT6-2		IEA|IMP
245	HMMR	ENSG00000072571	gained_on_activation	5	5	0	1	3	2	2	Ensembl target ENSG -> GPI UniProt product -> GAF annotation	UniProtKB:O75330|UniProtKB:O75330-1|UniProtKB:O75330-2|UniProtKB:O75330-3|UniProtKB:O75330-4		IEA|TAS
246	MAPK1	ENSG00000100030	gained_on_activation	3	3	0	1	37	6	5	Ensembl target ENSG -> GPI UniProt product -> GAF annotation	UniProtKB:P28482|UniProtKB:P28482-1|UniProtKB:P28482-2		IBA|IDA|IEA|IGI|IMP|ISS|NAS|TAS
247	CENPM	ENSG00000100162	gained_on_activation	5	5	0	1	1	1	1	Ensembl target ENSG -> GPI UniProt product -> GAF annotation	UniProtKB:Q9NSP4|UniProtKB:Q9NSP4-1|UniProtKB:Q9NSP4-2|UniProtKB:Q9NSP4-3|UniProtKB:Q9NSP4-4		NAS
248	CHIC2	ENSG00000109220	gained_on_activation	1	1	0	0	0	0	0	Ensembl target ENSG -> GPI UniProt product -> GAF annotation	UniProtKB:Q9UKJ5		
249	KIF20A	ENSG00000112984	gained_on_activation	3	3	0	1	6	1	1	Ensembl target ENSG -> GPI UniProt product -> GAF annotation	UniProtKB:O95235|UniProtKB:O95235-1|UniProtKB:O95235-2		IBA|IDA|IEA|IMP
250	GNLY	ENSG00000115523	gained_on_activation	3	3	0	1	3	0	0	Ensembl target ENSG -> GPI UniProt product -> GAF annotation	UniProtKB:P22749|UniProtKB:P22749-1|UniProtKB:P22749-2		IBA|IDA|IEA
251	KDM3A	ENSG00000115548	gained_on_activation	1	1	0	1	7	3	3	Ensembl target ENSG -> GPI UniProt product -> GAF annotation	UniProtKB:Q9Y4C1		IBA|IDA|IEA|IMP|ISS
252	ACAT2	ENSG00000120437	gained_on_activation	3	3	0	1	2	3	1	Ensembl target ENSG -> GPI UniProt product -> GAF annotation	UniProtKB:Q9BWD1|UniProtKB:Q9BWD1-1|UniProtKB:Q9BWD1-2		IC|IEA
253	NCAPH	ENSG00000121152	gained_on_activation	3	3	0	1	9	4	2	Ensembl target ENSG -> GPI UniProt product -> GAF annotation	UniProtKB:Q15003|UniProtKB:Q15003-1|UniProtKB:Q15003-2		IBA|IDA|IEA|IMP
254	CDKN2C	ENSG00000123080	gained_on_activation	1	1	0	1	5	0	0	Ensembl target ENSG -> GPI UniProt product -> GAF annotation	UniProtKB:P42773		IBA|IDA|IEA
255	PPT1	ENSG00000131238	gained_on_activation	3	3	0	1	21	5	3	Ensembl target ENSG -> GPI UniProt product -> GAF annotation	UniProtKB:P50897|UniProtKB:P50897-1|UniProtKB:P50897-2		IBA|IDA|IMP|ISS|NAS|TAS
256	BTG1	ENSG00000133639	gained_on_activation	1	1	0	1	8	2	2	Ensembl target ENSG -> GPI UniProt product -> GAF annotation	UniProtKB:P62324		IBA|IDA|IEA|IMP|NAS
257	PAN2	ENSG00000135473	gained_on_activation	4	4	0	1	3	4	2	Ensembl target ENSG -> GPI UniProt product -> GAF annotation	UniProtKB:Q504Q3|UniProtKB:Q504Q3-1|UniProtKB:Q504Q3-2|UniProtKB:Q504Q3-3		IBA|IDA|IEA|TAS
258	NIBAN1	ENSG00000135842	gained_on_activation	1	1	0	1	4	1	1	Ensembl target ENSG -> GPI UniProt product -> GAF annotation	UniProtKB:Q9BZQ8		IEA|ISS
259	TMBIM1	ENSG00000135926	gained_on_activation	1	1	0	1	7	1	1	Ensembl target ENSG -> GPI UniProt product -> GAF annotation	UniProtKB:Q969X1		IBA|IEA|IMP|ISS
260	TP53	ENSG00000141510	gained_on_activation	10	10	0	1	76	11	8	Ensembl target ENSG -> GPI UniProt product -> GAF annotation	UniProtKB:P04637|UniProtKB:P04637-1|UniProtKB:P04637-2|UniProtKB:P04637-3|UniProtKB:P04637-4|UniProtKB:P04637-5|UniProtKB:P04637-6|UniProtKB:P04637-7|UniProtKB:P04637-8|UniProtKB:P04637-9		IBA|IDA|IEA|IEP|IGI|IMP|ISS|NAS|TAS
261	ATM	ENSG00000149311	gained_on_activation	1	1	0	1	63	11	9	Ensembl target ENSG -> GPI UniProt product -> GAF annotation	UniProtKB:Q13315		IBA|IC|IDA|IEA|IGI|IMP|ISS|TAS
262	SLC37A3	ENSG00000157800	gained_on_activation	4	4	0	1	2	1	1	Ensembl target ENSG -> GPI UniProt product -> GAF annotation	UniProtKB:Q8NCC5|UniProtKB:Q8NCC5-1|UniProtKB:Q8NCC5-2|UniProtKB:Q8NCC5-3		IDA|IEA
263	SPC24	ENSG00000161888	gained_on_activation	3	3	0	1	3	2	2	Ensembl target ENSG -> GPI UniProt product -> GAF annotation	UniProtKB:Q8NBT2|UniProtKB:Q8NBT2-1|UniProtKB:Q8NBT2-2		IBA|IDA|NAS
264	MED11	ENSG00000161920	gained_on_activation	1	1	0	1	5	6	3	Ensembl target ENSG -> GPI UniProt product -> GAF annotation	UniProtKB:Q9P086		IEA|NAS
265	GBP4	ENSG00000162654	gained_on_activation	1	1	0	1	3	0	0	Ensembl target ENSG -> GPI UniProt product -> GAF annotation	UniProtKB:Q96PP9		IBA|IEP
266	TMEM71	ENSG00000165071	gained_on_activation	4	4	0	0	0	0	0	Ensembl target ENSG -> GPI UniProt product -> GAF annotation	UniProtKB:Q6P5X7|UniProtKB:Q6P5X7-1|UniProtKB:Q6P5X7-2|UniProtKB:Q6P5X7-3		
267	ENDOG	ENSG00000167136	gained_on_activation	1	1	0	1	16	5	3	Ensembl target ENSG -> GPI UniProt product -> GAF annotation	UniProtKB:Q14249		IBA|IEA|IMP|TAS
268	H1-2	ENSG00000187837	gained_on_activation	1	1	0	1	5	2	2	Ensembl target ENSG -> GPI UniProt product -> GAF annotation	UniProtKB:P16403		IBA|IDA|IEA
269	TUBB	ENSG00000196230	gained_on_activation	1	1	0	1	8	0	0	Ensembl target ENSG -> GPI UniProt product -> GAF annotation	UniProtKB:P07437		IBA|IDA|IEA|NAS|TAS
270	PSMB10	ENSG00000205220	gained_on_activation	1	1	0	1	17	3	2	Ensembl target ENSG -> GPI UniProt product -> GAF annotation	UniProtKB:P40306		IBA|IEA|NAS|TAS
271	ENO1	ENSG00000074800	gained_on_activation	3	3	0	1	11	4	3	Ensembl target ENSG -> GPI UniProt product -> GAF annotation	UniProtKB:P06733|UniProtKB:P06733-1|UniProtKB:P06733-2		IBA|IDA|IEA|IEP|IGI|IMP|TAS
272	RAB10	ENSG00000084733	gained_on_activation	1	1	0	1	19	2	2	Ensembl target ENSG -> GPI UniProt product -> GAF annotation	UniProtKB:P61026		IBA|IDA|IEA|IMP|ISS
273	OAS1	ENSG00000089127	gained_on_activation	5	5	0	1	26	5	4	Ensembl target ENSG -> GPI UniProt product -> GAF annotation	UniProtKB:P00973|UniProtKB:P00973-1|UniProtKB:P00973-2|UniProtKB:P00973-3|UniProtKB:P00973-4		IBA|IDA|IEA|IEP|IMP
274	HCFC1R1	ENSG00000103145	gained_on_activation	3	3	0	0	0	0	0	Ensembl target ENSG -> GPI UniProt product -> GAF annotation	UniProtKB:Q9NWW0|UniProtKB:Q9NWW0-1|UniProtKB:Q9NWW0-2		
275	ENO2	ENSG00000111674	gained_on_activation	3	3	0	1	5	3	2	Ensembl target ENSG -> GPI UniProt product -> GAF annotation	UniProtKB:P09104|UniProtKB:P09104-1|UniProtKB:P09104-2		IBA|IEA|ISS|TAS
276	NEK2	ENSG00000117650	gained_on_activation	5	5	0	1	11	2	2	Ensembl target ENSG -> GPI UniProt product -> GAF annotation	UniProtKB:P51955|UniProtKB:P51955-1|UniProtKB:P51955-2|UniProtKB:P51955-3|UniProtKB:P51955-4		IBA|IDA|IEA|IMP|TAS
277	KDSR	ENSG00000119537	gained_on_activation	3	3	0	1	5	3	1	Ensembl target ENSG -> GPI UniProt product -> GAF annotation	UniProtKB:Q06136|UniProtKB:Q06136-1|UniProtKB:Q06136-2		IBA|IDA|IEA|IMP|ISS|TAS
278	CCNA2	ENSG00000145386	gained_on_activation	1	1	0	1	21	4	3	Ensembl target ENSG -> GPI UniProt product -> GAF annotation	UniProtKB:P20248		IBA|IDA|IEA|IEP|IMP|NAS
279	TALDO1	ENSG00000177156	gained_on_activation	3	3	0	1	5	3	2	Ensembl target ENSG -> GPI UniProt product -> GAF annotation	UniProtKB:P37837|UniProtKB:P37837-1|UniProtKB:P37837-2		IBA|IEA|IMP|TAS
