regulator	regulator_ensg	n_rev_edges	rho_rev_raw	n_stable_edges	rho_stable_raw	rho_raw_difference_rev_minus_stable
KDM1A	ENSG00000004487	41	0.07247386759581882	1024	-0.05851551882912523	0.13098938642494407
HCCS	ENSG00000004961	9	0.6666666666666667	242	-0.18773259814978194	0.8543992648164487
CREBBP	ENSG00000005339	59	-0.1338983050847458	400	0.0005096281851761573	-0.13440793326992195
KMT2E	ENSG00000005483	9	0.13333333333333333	50	0.015222088835534215	0.11811124449779911
MED24	ENSG00000008838	57	0.0311122634171636	321	0.05917273756312765	-0.028060474145964052
CSDE1	ENSG00000009307	10	-0.34545454545454546	230	0.18002953947514416	-0.5254840849296896
RB1CC1	ENSG00000023287	6	0.5428571428571429	43	0.2511325883418907	0.29172455451525225
CUL3	ENSG00000036257	8	0.2380952380952381	105	0.16878498859630933	0.06931024949892878
METTL1	ENSG00000037897	9	0.19999999999999998	98	-0.1574189188327627	0.35741891883276267
THRAP3	ENSG00000054118	4	0.19999999999999998	98	0.37578180288047736	-0.17578180288047737
TAF11	ENSG00000064995	14	0.2527472527472528	609	0.08064536695044562	0.17210188579680719
CYB5R4	ENSG00000065615	11	0.13636363636363638	50	-0.10088835534213686	0.23725199170577324
ELAVL1	ENSG00000066044	22	-0.4500282326369283	719	0.07822239053260553	-0.5282506231695339
CBFB	ENSG00000067955	34	0.06524064171122994	178	0.15497872711662264	-0.0897380854053927
CFAP20	ENSG00000070761	11	0.05454545454545456	128	-0.010775270097051821	0.06532072464250638
SEL1L	ENSG00000071537	5	-0.3	158	0.2902447521065354	-0.5902447521065354
SMARCE1	ENSG00000073584	36	0.3238095238095239	743	0.09889999617330952	0.22490952763621436
BCS1L	ENSG00000074582	10	0.5878787878787878	118	-0.3153579554377162	0.903236743316504
KIFAP3	ENSG00000075945	11	-0.44545454545454555	419	0.07660396380406428	-0.5220585092586099
TP53INP2	ENSG00000078804	10	0.09090909090909088	199	0.04117862037460028	0.0497304705344906
TNPO1	ENSG00000083312	5	-0.19999999999999998	279	-0.06868293383726198	-0.131317066162738
RTRAF	ENSG00000087302	4	0.7999999999999999	183	-0.0068847759510624815	0.8068847759510624
NUP188	ENSG00000095319	10	0.29696969696969694	52	0.08597285067873303	0.2109968462909639
BTAF1	ENSG00000095564	25	-0.23384615384615384	251	0.12679795105293112	-0.36064410489908494
WAC	ENSG00000095787	20	-0.13383458646616542	383	0.21831491018823562	-0.35214949665440104
MED15	ENSG00000099917	38	0.191377612430244	593	0.21348339371104974	-0.02210578128080573
SMARCB1	ENSG00000099956	20	0.4030075187969925	467	0.06344074847259268	0.3395667703243998
MCAT	ENSG00000100294	10	0.309090909090909	8	0.7142857142857144	-0.4051948051948054
YY1	ENSG00000100811	6	0.6	103	0.18191802486491235	0.4180819751350876
GSS	ENSG00000100983	10	0.7939393939393938	15	0.5	0.29393939393939383
DNTTIP1	ENSG00000101457	8	-0.6904761904761906	74	0.14070344316919658	-0.8311796336453872
SUPT20H	ENSG00000102710	99	0.2364502164502164	1385	0.007744557677657516	0.22870565877255888
WDR59	ENSG00000103091	9	-0.16666666666666669	162	0.13961677258556426	-0.30628343925223095
TSC2	ENSG00000103197	4	0.7999999999999999	161	0.16429434092477574	0.6357056590752241
ELOB	ENSG00000103363	31	0.5495967741935484	595	0.2571197032806166	0.29247707091293174
EIF3J	ENSG00000104131	5	0.6	33	-0.24097593582887702	0.840975935828877
UBR5	ENSG00000104517	9	0.06666666666666667	339	0.06537460457293877	0.001292062093727897
GPI	ENSG00000105220	6	0.7714285714285715	57	0.2891495981332642	0.4822789732953073
AHR	ENSG00000106546	165	-0.19402131808831782	561	0.12153847304046173	-0.3155597911287795
GATA3	ENSG00000107485	13	0.010989010989010988	285	-0.0412141601911802	0.05220317118019119
TFAM	ENSG00000108064	11	-0.44545454545454555	144	-0.10897034000482277	-0.3364842054497228
CASC3	ENSG00000108349	4	-0.19999999999999998	382	-0.004046421527698769	-0.19595357847230122
PRKAR1A	ENSG00000108946	11	-0.009090909090909092	285	0.13393344979705246	-0.14302435888796156
EIF4G2	ENSG00000110321	54	0.012388031255955782	546	0.019083903199093644	-0.006695871943137862
DDX6	ENSG00000110367	4	0.39999999999999997	208	0.04413435534716998	0.35586564465283
NDUFS8	ENSG00000110717	6	-0.2571428571428572	11	0.11818181818181818	-0.37532467532467534
METAP2	ENSG00000111142	5	0.0	126	0.1934008248968879	-0.1934008248968879
CAND1	ENSG00000111530	4	-0.7999999999999999	189	0.09130272489734978	-0.8913027248973497
CPSF6	ENSG00000111605	37	-0.08463726884779516	590	0.04341976354768741	-0.12805703239548255
CCNC	ENSG00000112237	287	0.1195090478627064	1011	0.05669060923322867	0.06281843862947772
BRD8	ENSG00000112983	15	-0.07857142857142857	302	-0.04265522809789065	-0.03591620047353792
ACTR8	ENSG00000113812	14	0.12087912087912088	136	-0.07645627594103334	0.19733539682015422
ZAP70	ENSG00000115085	6	-0.3714285714285715	39	-0.38279352226720653	0.011364950838635035
NRBP1	ENSG00000115216	5	-0.6	72	0.19409608334941159	-0.7940960833494115
LAMTOR2	ENSG00000116586	11	0.8000000000000002	135	-0.19993659155204374	0.999936591552044
SMG7	ENSG00000116698	4	-1.0	410	-0.10492589101134625	-0.8950741089886538
STK11	ENSG00000118046	6	0.08571428571428573	153	0.07114041788964388	0.014573867824641845
MYB	ENSG00000118513	10	0.38181818181818183	411	0.04385784485723816	0.3379603369609437
SENP5	ENSG00000119231	64	0.05554029304029303	1389	0.054725242779615636	0.0008150502606773941
NDUFA8	ENSG00000119421	9	0.8666666666666667	30	0.0389321468298109	0.8277345198368558
NPC2	ENSG00000119655	4	0.0	34	0.16913674560733383	-0.16913674560733383
SUPT7L	ENSG00000119760	147	0.2937007457555403	1218	-0.0010312789949157408	0.294732024750456
UFM1	ENSG00000120686	15	-0.2642857142857143	481	0.039039086964398166	-0.30332480125011246
NCKAP1L	ENSG00000123338	91	0.34043637521898396	153	0.24060485438194412	0.09983152083703983
USP22	ENSG00000124422	18	-0.16202270381836945	573	0.009003893565252268	-0.17102659738362172
DNAJC8	ENSG00000126698	10	-0.33333333333333326	114	-0.21821753305927385	-0.1151158002740594
UBR4	ENSG00000127481	21	-0.01818181818181818	119	0.25144566301096716	-0.26962748119278535
SIN3B	ENSG00000127511	6	0.7142857142857143	555	-0.10547524903289389	0.8197609633186081
MOSPD2	ENSG00000130150	5	0.19999999999999998	146	-0.028629269374258914	0.2286292693742589
ELOF1	ENSG00000130165	67	-0.02849389416553596	1849	-0.06685740027005575	0.038363506104519794
MEN1	ENSG00000133895	14	0.08131868131868132	233	-0.17835160498324623	0.25967028630192757
DOCK2	ENSG00000134516	39	0.28279352226720655	71	0.3112676056338028	-0.028474083366596237
ELP2	ENSG00000134759	7	0.5	110	0.08548114419674052	0.4145188558032595
PDCL	ENSG00000136940	11	-0.10000000000000002	195	0.052302189710142576	-0.1523021897101426
LRPPRC	ENSG00000138095	17	-0.2303921568627451	258	-0.06075202754236325	-0.16964012932038186
INTS14	ENSG00000138614	4	-0.39999999999999997	196	0.13045764967447349	-0.5304576496744735
DENR	ENSG00000139726	22	0.1981931112365895	606	0.05994588675581652	0.13824722448077298
NAA30	ENSG00000139977	13	-0.6483516483516483	205	-0.02496273906199941	-0.6233889092896489
SKIC8	ENSG00000140395	18	-0.029927760577915376	422	-0.07996497612687285	0.05003721554895747
NCOR1	ENSG00000141027	42	0.29017097479944903	531	0.07609137322221796	0.21407960157723108
DOP1B	ENSG00000142197	39	-0.42591093117408907	389	-0.012905047408002383	-0.4130058837660867
TARS2	ENSG00000143374	9	0.08333333333333334	93	0.16969054937184802	-0.08635721603851468
SETDB1	ENSG00000143379	8	-0.2380952380952381	620	-0.07417476843207987	-0.16392046966315824
ARNT	ENSG00000143437	175	0.21609493954321543	742	0.05611821328319969	0.15997672626001574
UBAP2L	ENSG00000143569	4	-0.39999999999999997	153	0.17714406336697355	-0.5771440633669735
NCAPG2	ENSG00000146918	8	0.11904761904761905	126	-0.07894713160854894	0.197994750656168
EIF3H	ENSG00000147677	4	0.39999999999999997	60	-0.19044178938594056	0.5904417893859405
MTA2	ENSG00000149480	9	-0.19999999999999998	432	0.025080122909704478	-0.22508012290970447
NKAPD1	ENSG00000150776	5	-0.3	113	0.032337480870317396	-0.3323374808703174
TIMM8B	ENSG00000150779	7	-0.07142857142857144	13	-0.15934065934065936	0.08791208791208792
FOXO1	ENSG00000150907	10	-0.5030303030303029	216	-0.00555138784696174	-0.4974789151833412
ATP5F1A	ENSG00000152234	9	0.2833333333333333	11	0.6545454545454547	-0.3712121212121213
TADA1	ENSG00000152382	100	0.12756075607560755	1267	-0.0005915099373209271	0.12815226601292848
SMARCA5	ENSG00000153147	7	0.21428571428571433	58	0.03220646590175029	0.18207924838396405
TRIP12	ENSG00000153827	12	-0.04195804195804196	276	0.1113271785505344	-0.15328522050857635
CXXC1	ENSG00000154832	6	0.4285714285714286	113	0.059842637567369766	0.36872879100405886
MOV10	ENSG00000155363	9	-0.5	230	0.19923759551631204	-0.699237595516312
OXA1L	ENSG00000155463	6	0.942857142857143	90	0.23274478330658108	0.7101123595505618
RRAGA	ENSG00000155876	5	-0.39999999999999997	42	-0.14334332712097886	-0.2566566728790211
BATF	ENSG00000156127	12	0.34965034965034975	69	0.1130800146145415	0.23657033503580827
MED19	ENSG00000156603	18	-0.11867905056759545	463	0.0727390487668286	-0.19141809933442405
FBXO32	ENSG00000156804	6	0.6	110	-0.04099362081013457	0.6409936208101346
PAXIP1	ENSG00000157212	10	-0.06666666666666665	295	-0.012246300260828109	-0.05442036640583854
CARMIL2	ENSG00000159753	7	-0.25	24	-0.2226086956521739	-0.027391304347826106
SIK3	ENSG00000160584	11	0.6818181818181819	154	0.265774579626572	0.41604360219160985
CCNF	ENSG00000162063	6	0.7714285714285715	16	0.5588235294117647	0.21260504201680674
UBXN1	ENSG00000162191	18	0.11248710010319916	308	0.06408326211818645	0.048403837985012715
TAF6L	ENSG00000162227	129	0.11473054561717354	1507	0.03959156469087345	0.07513898092630009
TM2D1	ENSG00000162604	9	-0.38333333333333336	56	-0.03089542036910458	-0.35243791296422877
RPRD2	ENSG00000163125	13	0.41208791208791207	764	-0.030552758112707596	0.44264067020061965
PMVK	ENSG00000163344	4	-0.39999999999999997	115	-0.17329756174544309	-0.22670243825455688
YEATS2	ENSG00000163872	13	-0.15384615384615383	74	-0.21626064420584964	0.06241449035969582
WDR82	ENSG00000164091	30	0.5136818687430478	375	0.01853612470133121	0.4951457440417166
PDSS2	ENSG00000164494	7	0.28571428571428575	281	-0.10491027485424395	0.3906245605685297
MIOS	ENSG00000164654	7	0.7142857142857144	63	-0.10882296466973887	0.8231086789554533
NSD1	ENSG00000165671	29	0.05221674876847289	716	-0.028655358572845308	0.0808721073413182
TSC1	ENSG00000165699	39	0.05809716599190284	296	0.14339131118792134	-0.0852941451960185
LEO1	ENSG00000166477	58	0.2910886216124766	885	0.09384598418670018	0.19724263742577644
DOLPP1	ENSG00000167130	37	0.3565670934091987	87	-0.20711525843843404	0.5636823518476327
THAP11	ENSG00000168286	12	0.5244755244755246	209	0.08277906304222095	0.44169646143330366
STIP1	ENSG00000168439	41	-0.20818815331010457	233	0.17566018905370687	-0.38384834236381143
STAT3	ENSG00000168610	38	0.2438997702155597	218	0.11862204047214608	0.1252777297434136
ATP5ME	ENSG00000169020	12	0.5384615384615385	23	0.6304347826086957	-0.09197324414715713
NFRKB	ENSG00000170322	27	-0.13919413919413917	1216	0.009314973120131046	-0.14850911231427022
FAM98B	ENSG00000171262	11	-0.3181818181818182	282	0.06625381496748835	-0.3844356331493065
PTEN	ENSG00000171862	4	0.7999999999999999	291	0.07463537684624713	0.7253646231537528
TADA2B	ENSG00000173011	268	0.12048961158868784	2772	0.0069219538095787354	0.11356765777910911
STAT5B	ENSG00000173757	41	-0.06533101045296168	228	0.11360495384624732	-0.178935964299209
EIF1	ENSG00000173812	10	-0.006060606060606061	41	0.4381533101045297	-0.4442139161651357
ATP2A2	ENSG00000174437	55	-0.23787878787878794	861	-0.035091073066576224	-0.20278771481221172
DHX36	ENSG00000174953	50	0.386218487394958	961	0.09685676714384638	0.2893617202511116
PTPN2	ENSG00000175354	4	-1.0	55	0.3374458874458875	-1.3374458874458874
ATAD5	ENSG00000176208	89	0.1710759278175009	1711	0.055220802155101265	0.11585512566239962
SGF29	ENSG00000176476	166	0.08304923559234215	2037	-0.03773855636339786	0.12078779195574
IST1	ENSG00000182149	4	0.7999999999999999	39	-0.21417004048582997	1.0141700404858298
LCK	ENSG00000182866	6	-0.08571428571428573	65	-0.06333041958041959	-0.022383866133866143
RBM10	ENSG00000182872	21	0.2311688311688312	72	-0.01758955559843077	0.24875838676726197
EWSR1	ENSG00000182944	22	-0.21964991530208924	762	0.05865939200908426	-0.2783093073111735
MED12	ENSG00000184634	53	0.049508143847766486	949	0.012176982160038662	0.03733116168772782
TMED9	ENSG00000184840	12	0.1258741258741259	186	0.16222836602343244	-0.03635424014930655
UBE2L3	ENSG00000185651	13	-0.40659340659340654	439	0.09178734642584613	-0.49838075301925266
PCYT2	ENSG00000185813	9	0.5499999999999999	125	0.16270353302611365	0.3872964669738863
ARHGAP30	ENSG00000186517	71	-0.1664989939637827	288	0.07215045272054303	-0.23864944668432575
USP7	ENSG00000187555	14	0.07252747252747253	251	0.042627205463858855	0.029900267063613678
GDAP2	ENSG00000196505	10	0.18787878787878787	188	-0.23911382734912145	0.4269926152279093
TAF13	ENSG00000197780	34	-0.20366692131398015	839	-0.023276577777759717	-0.18039034353622044
DDRGK1	ENSG00000198171	7	-0.5	468	0.11043073921401766	-0.6104307392140177
YTHDF2	ENSG00000198492	13	-0.07692307692307691	454	0.02468826211277417	-0.10161133903585108
EHMT2	ENSG00000204371	10	0.7818181818181817	349	0.01959828927124649	0.7622198925469352
PPP1R11	ENSG00000204619	11	0.20909090909090913	67	0.19454864713863837	0.014542261952270763
CEP43	ENSG00000213066	6	-0.14285714285714288	117	0.2342759519848941	-0.37713309484203694
MCTS1	ENSG00000232119	5	0.49999999999999994	323	0.029593022054995404	0.4704069779450045
ATP5PO	ENSG00000241837	10	0.3939393939393939	73	0.35452918672096756	0.03941020721842636
BRK1	ENSG00000254999	6	-0.2571428571428572	41	0.4059233449477353	-0.6630662020905924
