gene,n_both,n_inv,rate,decile,p_expected,enrichment_vs_decile,odds_ratio,p_enrichment,q_enrichment,sig_enriched,p_two_sided,q_two_sided,sig_two_sided,direction,shown_in_fig2a,label_rank_fig2a,label_rank_fig2a_two_sided
CCNC,1304,288,0.22085889570552147,9,0.05760187253963187,3.8342311797861037,4.637635293741219,1.145339829741323e-82,7.066746749503964e-80,True,1.145339829741323e-82,7.066746749503964e-80,True,up,True,1,1
NCKAP1L,244,91,0.3729508196721312,8,0.03417766678558687,10.912120538006093,16.807564779565272,1.074045636569118e-64,3.313430788815729e-62,True,1.074045636569118e-64,3.313430788815729e-62,True,up,True,2,2
AHR,727,165,0.22696011004126548,9,0.059488774909610694,3.8151753904180503,4.641694855576374,5.634558948597219e-49,1.158840957094828e-46,True,5.634558948597219e-49,1.158840957094828e-46,True,up,True,3,3
ARNT,922,177,0.19197396963123645,9,0.05948033856090508,3.227519786805922,3.7567426086376647,8.125512417584649e-42,1.2533602904124322e-39,True,8.125512417584649e-42,1.2533602904124322e-39,True,up,True,4,4
DOCK2,111,40,0.36036036036036034,7,0.036323681489141675,9.920810490205508,14.946619217081851,5.158050740033004e-28,6.365034613200727e-26,True,5.158050740033004e-28,6.365034613200727e-26,True,up,True,5,5
DOLPP1,125,38,0.304,7,0.03664853664853665,8.295010600706712,11.48133706998091,1.462643719206739e-23,1.5040852912509297e-21,True,1.462643719206739e-23,1.5040852912509297e-21,True,up,True,6,6
ARHGAP30,362,71,0.19613259668508287,9,0.06099672486805599,3.215461110565259,3.7560031684694977,4.6615082042837676e-18,4.1087865172044063e-16,True,4.6615082042837676e-18,3.5951882025538557e-16,True,up,True,7,8
STAT5B,270,42,0.15555555555555556,8,0.03774394166845379,4.121338383838384,4.6963217703349285,2.8744398241061904e-14,2.2169117143418993e-12,True,2.8744398241061904e-14,1.9705881905261326e-12,True,up,True,8,9
STIP1,275,41,0.14909090909090908,8,0.03782894736842105,3.941185770750988,4.456521739130435,2.5306629312619276e-13,1.7349100317651215e-11,True,2.5306629312619276e-13,1.5614190285886092e-11,True,up,True,9,10
STAT3,257,38,0.14785992217898833,8,0.03799457220397086,3.891606448026682,4.39334637964775,2.5291365841566603e-12,1.5604772724246595e-10,True,2.5291365841566603e-12,1.4186157022042358e-10,True,up,True,10,11
CBFB,212,34,0.16037735849056603,8,0.038157613725350606,4.203023796113771,4.814837330202918,3.6368600250923812e-12,2.039947850438181e-10,True,3.6368600250923812e-12,1.869952196234999e-10,True,up,True,11,12
SUPT7L,1375,148,0.10763636363636364,9,0.060672576932912795,1.7740529424912987,1.8674187415856036,4.8719430953442406e-11,2.50499074152283e-09,True,6.768048621529738e-11,2.982775713917035e-09,True,up,True,12,14
ATP5ME,35,12,0.34285714285714286,4,0.024916147580258743,13.760439560439561,20.418060200668897,9.552943076936759e-11,4.533973752669216e-09,True,9.552943076936759e-11,3.929443918979987e-09,True,up,True,13,15
RBM10,95,21,0.22105263157894736,6,0.03757159221076747,5.883504492939666,7.269363876071193,1.2865514543449578e-10,5.670016052363136e-09,True,1.2865514543449578e-10,4.961264045817744e-09,True,up,True,14,16
MED24,382,57,0.14921465968586387,9,0.0613143560740447,2.4336006971298634,2.6850322040111014,8.047527300884193e-10,3.310216229763698e-08,True,8.264446429014962e-10,2.9995079098248424e-08,True,up,True,15,17
MCAT,18,10,0.5555555555555556,2,0.04369918699186992,12.713178294573643,27.3546511627907,2.300146235884639e-09,8.86993892213014e-08,True,2.300146235884639e-09,6.450864670640102e-08,True,up,True,16,0
GSS,26,10,0.38461538461538464,3,0.027426160337552744,14.023668639053254,22.16346153846154,2.701278955620057e-09,9.804053621279855e-08,True,2.701278955620057e-09,7.246474415728588e-08,True,up,True,17,0
TADA2B,3058,268,0.08763897972531066,9,0.06027718220198493,1.453932923268346,1.4975365158977068,4.873574923922108e-09,1.6705531822555225e-07,True,8.77012028625622e-09,2.2546517569250366e-07,True,up,True,18,0
CREBBP,461,59,0.1279826464208243,9,0.06137380325264434,2.0852976292504746,2.244582604687733,1.2240223415003967e-07,3.974851498451289e-06,True,1.5760212352871866e-07,3.3531210419730834e-06,True,up,True,19,0
ATP5F1A,20,9,0.45,2,0.04480651731160896,10.04318181818182,17.44214876033058,1.7557978090153897e-07,5.4166362408124775e-06,True,1.7557978090153897e-07,3.611090827208318e-06,True,up,True,20,0
UBR4,141,21,0.14893617021276595,7,0.03893070334804049,3.825673758865248,4.320166666666666,2.329531515594364e-07,6.844385452960585e-06,True,2.329531515594364e-07,4.636519177812008e-06,True,up,True,0,0
NDUFA8,40,9,0.225,5,0.02914001421464108,7.7213414634146345,9.672698662470495,2.7743911866493258e-06,7.712053906260003e-05,True,2.7743911866493258e-06,4.890855320464669e-05,True,up,True,0,0
EIF1,51,10,0.19607843137254902,5,0.02889760970388869,6.785282014040184,8.196326407708522,2.874833708978607e-06,7.712053906260003e-05,True,2.874833708978607e-06,4.927145551221668e-05,True,up,True,0,0
YEATS2,89,14,0.15730337078651685,6,0.03912148249828414,4.020894933964124,4.584795321637427,1.3504439380764684e-05,0.00034717662908049206,True,1.3504439380764684e-05,0.00021926944994557395,True,up,True,0,0
CYB5R4,61,11,0.18032786885245902,6,0.039554444191861785,4.558978707367628,5.341954022988506,3.162159547341096e-05,0.0007804209762837824,True,3.162159547341096e-05,0.00048776311017736403,True,up,True,0,0
TIMM8B,20,7,0.35,2,0.04684317718940937,7.4717391304347816,10.956521739130435,3.543261639111469e-05,0.0008408432428199141,True,3.543261639111469e-05,0.0005332176661784821,True,up,True,0,0
CARMIL2,33,7,0.21212121212121213,4,0.027285782671134514,7.774056353003722,9.597840755735493,3.748587633137929e-05,0.0008566216924615193,True,3.748587633137929e-05,0.0005506853737252625,True,up,True,0,0
CCNF,22,6,0.2727272727272727,3,0.030154277699859747,9.044397463002113,12.061046511627907,5.44119497709809e-05,0.001199006178881972,True,5.44119497709809e-05,0.0007630039320158003,True,up,True,0,0
KMT2E,59,9,0.15254237288135594,5,0.02933810375670841,5.1994625878462175,5.955365853658536,7.734593029415833e-05,0.0016456013445343342,True,7.734593029415833e-05,0.000973927326357055,True,up,True,0,0
PPP1R11,80,12,0.15,6,0.03949771689497717,3.797687861271676,4.291397483849031,9.203862490173722e-05,0.0018929277188123954,True,9.203862490173722e-05,0.0011357566312874374,True,up,True,0,0
BATF,81,12,0.14814814814814814,6,0.03950673669787623,3.7499464782701772,4.228198039708469,0.00010418210326087503,0.002073559926192255,True,0.00010418210326087503,0.0012603991708227428,True,up,True,0,0
BTAF1,277,25,0.09025270758122744,8,0.03897868688313546,2.315437353028848,2.445937090432503,0.00012786123092067974,0.0024349772942634735,True,0.00013890625006143052,0.0016170784205264647,True,up,True,0,0
NDUFS8,17,6,0.35294117647058826,2,0.047715736040609136,7.39674593241552,10.885880077369439,0.0001302970295425879,0.0024349772942634735,True,0.0001302970295425879,0.0015460243697649372,True,up,True,0,0
TSC1,336,39,0.11607142857142858,9,0.06163084043950545,1.883333534699401,1.9993268271346756,0.00013418027229328703,0.0024349772942634735,True,0.00022842720899779857,0.002472624350028802,True,up,True,0,0
NUP188,64,10,0.15625,6,0.03980891719745223,3.9250000000000003,4.466666666666667,0.0002541088958326042,0.00447957682082048,True,0.0002541088958326042,0.0027031929091158066,True,up,True,0,0
CARD11,13,4,0.3076923076923077,1,0.02600780234070221,11.830769230769231,16.644444444444446,0.00040749061588591257,0.006983936388933557,True,0.00040749061588591257,0.0041216673770755425,True,up,True,0,0
UBE2N,7,4,0.5714285714285714,0,0.05623471882640587,10.161490683229813,22.3768115942029,0.0004354471373044844,0.007261375235590997,True,0.0004354471373044844,0.004264617201855029,True,up,True,0,0
TM2D1,65,9,0.13846153846153847,6,0.040045506257110355,3.457604895104895,3.8525771103896105,0.0012792676624333538,0.020771267045299455,True,0.0012792676624333538,0.010962613162796933,True,up,True,0,0
ATP5PO,84,10,0.11904761904761904,6,0.039990859232175505,2.9768707482993193,3.244015444015444,0.00225453189914505,0.03566785081467938,True,0.00225453189914505,0.01830323923384863,True,up,True,0,0
SUGT1,10,3,0.3,1,0.027202072538860103,11.028571428571428,15.326530612244898,0.0026519562726152342,0.04090642550508999,True,0.0026519562726152342,0.02020070395313086,True,up,True,0,0
EIF4G2,604,55,0.09105960264900662,9,0.06164168151797882,1.4772407307293778,1.5250517328971662,0.003020118500093489,0.045449100355065435,True,0.004875214705495351,0.030693953809088077,True,up,True,0,0
BRK1,47,6,0.1276595744680851,5,0.030281439258995367,4.215769712140175,4.686370157819225,0.0033333977601178364,0.04783038181378384,True,0.0033333977601178364,0.023371663840826194,True,up,True,0,0
ZAP70,47,6,0.1276595744680851,5,0.030281439258995367,4.215769712140175,4.686370157819225,0.0033333977601178364,0.04783038181378384,True,0.0033333977601178364,0.023371663840826194,True,up,True,0,0
ACTR8,151,14,0.09271523178807947,7,0.03989085239085239,2.3242228789611064,2.4595449249863286,0.0034509539733603074,0.0479236754648437,True,0.005164345857672498,0.03186401394183931,True,up,True,0,0
TAF6L,1642,129,0.07856272838002436,9,0.061427009880618125,1.2789606482996498,1.3027451318625414,0.0035445558360329274,0.0479236754648437,True,0.005763070450395346,0.03486092615582283,True,up,True,0,0
WAPL,11,3,0.2727272727272727,1,0.027237354085603113,10.012987012987011,13.392857142857142,0.0035729158369251376,0.0479236754648437,True,0.0035729158369251376,0.02476954012789674,True,up,True,0,0
RB1CC1,49,6,0.12244897959183673,5,0.030303030303030304,4.040816326530612,4.465116279069767,0.004124729509232343,0.05414804483396501,False,0.004124729509232343,0.027662588121699517,True,up,True,0,0
EIF3J,38,5,0.13157894736842105,4,0.02831094049904031,4.647636039250669,5.200308166409862,0.004958545010223672,0.06373796398558344,False,0.004958545010223672,0.030903255265737426,True,up,True,0,0
SGF29,2218,166,0.07484220018034266,9,0.06139189687723791,1.2190892281761647,1.2368128207089342,0.0069082876223643345,0.08698802985711826,False,0.011589562168782113,0.0637766417574128,False,up,True,0,0
DOP1B,431,40,0.09280742459396751,9,0.06173226372524442,1.5033860576866453,1.55488335259065,0.007529247643672424,0.09291091592291771,False,0.011680324989607204,0.0637766417574128,False,up,True,0,0
RASAL3,16,4,0.25,2,0.04969574036511156,5.030612244897959,6.374149659863946,0.007912303377139706,0.09572335654304309,False,0.007912303377139706,0.04605557720467168,True,up,True,0,0
UNC45A,15,3,0.2,1,0.027379400260756193,7.3047619047619055,8.880952380952381,0.009082495087690962,0.10776729748279468,False,0.009082495087690962,0.05237289223462919,False,up,True,0,0
DNAJC8,125,11,0.088,7,0.040145040145040146,2.1920516129032257,2.3070741369552916,0.013156401282269461,0.15316036964453317,False,0.018333369429525216,0.09122329788723434,False,up,True,0,0
RRAGA,47,5,0.10638297872340426,5,0.030637691485571786,3.472290945076695,3.7666112956810633,0.01573634647713282,0.174080123312101,False,0.01573634647713282,0.08123739087898046,False,up,True,0,0
ATP5MF,9,3,0.3333333333333333,0,0.05896805896805897,5.652777777777778,7.979166666666667,0.01579981670255698,0.174080123312101,False,0.01579981670255698,0.08123739087898046,False,up,True,0,0
PARP14,9,3,0.3333333333333333,0,0.05896805896805897,5.652777777777778,7.979166666666667,0.01579981670255698,0.174080123312101,False,0.01579981670255698,0.08123739087898046,False,up,True,0,0
SMARCA5,65,7,0.1076923076923077,6,0.04050056882821388,2.6590319792566985,2.8592599767531963,0.0171771531523855,0.18593514903547112,False,0.0171771531523855,0.08616506906521831,False,up,True,0,0
LAMTOR2,148,12,0.08108108108108109,7,0.040135082478243926,2.0202046706901076,2.1102227298686467,0.017959923637199855,0.19105642903710882,False,0.01990685694955537,0.09748040268155288,False,up,True,0,0
DNTTIP1,82,8,0.0975609756097561,6,0.04042941982640475,2.4131183684718205,2.565887921820125,0.019458380579963012,0.20348848843791828,False,0.019458380579963012,0.09604656654269743,False,up,True,0,0
SLC25A51,4,2,0.5,0,0.06067961165048544,8.24,15.48,0.0224760184014297,0.23112838922803539,False,0.0224760184014297,0.10688258426382036,False,up,True,0,0
TARS2,103,9,0.08737864077669903,7,0.040289256198347105,2.168782673637043,2.2806873977086743,0.024740426085848626,0.25024332614702627,False,0.03789649725579219,0.16015163566317658,False,up,True,0,0
MIOS,71,7,0.09859154929577464,6,0.0405559352927774,2.431001740781769,2.587517556179775,0.026682330989886194,0.2630811267733349,False,0.026682330989886194,0.12105145750558663,False,up,True,0,0
CFAP20,139,11,0.07913669064748201,7,0.04021795537104307,1.9676955210025526,2.0508568548387096,0.0268624165100812,0.2630811267733349,False,0.029718045267113392,0.13097167092720688,False,up,True,0,0
NPC2,39,4,0.10256410256410256,4,0.028804608737397985,3.5606837606837605,3.8533333333333335,0.02805876430530931,0.2705040246308726,False,0.02805876430530931,0.12545114185779596,False,up,True,0,0
RCC1L,21,3,0.14285714285714285,3,0.0322354590049054,4.43167701863354,5.003623188405797,0.03154598511307989,0.2994441971503122,False,0.03154598511307989,0.13804165116858363,False,up,True,0,0
METTL1,108,9,0.08333333333333333,7,0.040315286212688976,2.0670405982905984,2.164044289044289,0.03235537306350093,0.30247371485121327,False,0.04300103165224817,0.17806467469420886,False,up,True,0,0
BCS1L,128,10,0.078125,7,0.04029019303018526,1.9390574758842443,2.018638617908333,0.03657514338041007,0.33681885769720915,False,0.04113288807346509,0.1726462036825031,False,up,True,0,0
POLDIP3,11,2,0.18181818181818182,1,0.028534370946822308,6.371900826446281,7.565656565656566,0.0419462310165044,0.38060036084092963,False,0.0419462310165044,0.17487043606204877,False,up,True,0,0
IST1,43,4,0.09302325581395349,5,0.030949839914621132,3.0056134723336005,3.21131741821397,0.046303899901914684,0.41405081506494723,False,0.046303899901914684,0.1892020280760355,False,up,True,0,0
SRSF11,12,2,0.16666666666666666,1,0.02857142857142857,5.833333333333333,6.8,0.04940190237046156,0.42930948961372933,False,0.04940190237046156,0.19588966692357254,False,up,True,0,0
TUFM,12,2,0.16666666666666666,1,0.02857142857142857,5.833333333333333,6.8,0.04940190237046156,0.42930948961372933,False,0.04940190237046156,0.19588966692357254,False,up,True,0,0
GPI,65,6,0.09230769230769231,6,0.040728100113765646,2.2664374731413837,2.3952277246472873,0.051203018933119564,0.43777658217488036,False,0.051203018933119564,0.20122460306837434,False,up,True,0,0
PTPN1,6,2,0.3333333333333333,0,0.06097560975609756,5.466666666666667,7.7,0.051795284438843216,0.43777658217488036,False,0.051795284438843216,0.20226386391624215,False,up,True,0,0
LRPPRC,277,17,0.061371841155234655,8,0.03955085109426405,1.5517198608182476,1.5877938517179024,0.053097305131554945,0.4427167198131,False,0.08520202948911007,0.2872658589878739,False,up,True,0,0
TADA1,1375,100,0.07272727272727272,9,0.06169550762935811,1.1788098602606374,1.1928341630261776,0.05567109920258049,0.4547376757498217,False,0.09967516913563579,0.3288747559181138,False,up,True,0,0
CRLS1,17,3,0.17647058823529413,2,0.050761421319796954,3.476470588235294,4.007142857142857,0.05615815770848586,0.4547376757498217,False,0.05615815770848586,0.2179219075857596,False,up,True,0,0
TFAM,157,11,0.07006369426751592,7,0.04031209362808843,1.7380316416683788,1.7936367653557226,0.056750082711079855,0.4547376757498217,False,0.06714961875627042,0.24958623356999304,False,up,True,0,0
COPS8,30,3,0.1,4,0.029158699808795412,3.4295081967213115,3.699453551912568,0.05954377261212281,0.4710065089958946,False,0.05954377261212281,0.2296156731354986,False,up,True,0,0
ZNF649,28,3,0.10714285714285714,3,0.0323943661971831,3.3074534161490683,3.5843478260869563,0.06589694373851424,0.5146634719830795,False,0.06589694373851424,0.24641463204038355,False,up,True,0,0
PNPT1,32,3,0.09375,4,0.029186602870813396,3.2120901639344264,3.440927077444884,0.0697396353007042,0.5378669372566812,False,0.0697396353007042,0.2576608082666736,False,up,True,0,0
ATP1B3,19,3,0.15789473684210525,2,0.0508646998982706,3.1042105263157893,3.49875,0.07430011681514961,0.5591773851897465,False,0.07430011681514961,0.266650663244059,False,up,True,0,0
EID2,15,2,0.13333333333333333,1,0.028683181225554105,4.648484848484848,5.20979020979021,0.07431530889069564,0.5591773851897465,False,0.07431530889069564,0.266650663244059,False,up,True,0,0
SIK3,165,11,0.06666666666666667,7,0.0403540744597761,1.652043010752688,1.6986175115207374,0.07525413757600018,0.5594193118601459,False,0.10716485935544776,0.34984506995931886,False,up,True,0,0
MEN1,250,15,0.06,8,0.03961738882147191,1.5144864864864866,1.547326049453709,0.07708073373062553,0.5661763418070948,False,0.1032513816819493,0.3388622473285251,False,up,True,0,0
DDA1,34,3,0.08823529411764706,4,0.02921455938697318,3.0202507232401157,3.2157588577472236,0.08067331231420899,0.5729351636517974,False,0.08067331231420899,0.27349139394432387,False,up,True,0,0
MBD2,34,3,0.08823529411764706,4,0.02921455938697318,3.0202507232401157,3.2157588577472236,0.08067331231420899,0.5729351636517974,False,0.08067331231420899,0.27349139394432387,False,up,True,0,0
LCK,73,6,0.0821917808219178,6,0.040802370640528836,2.014387388076835,2.105228049695656,0.0807866438212421,0.5729351636517974,False,0.12501427702774098,0.38760708003073463,False,up,True,0,0
CUL3,114,8,0.07017543859649122,7,0.04047588258114574,1.7337593184238551,1.7891373801916932,0.09471639244884697,0.6640910697833929,False,0.14372538192000905,0.43900277546854255,False,up,True,0,0
PCYT2,134,9,0.06716417910447761,7,0.04045118630882925,1.6603760045924225,1.7079230769230769,0.09781277347089277,0.678095294736414,False,0.12189536493663577,0.3798456574035569,False,up,True,0,0
TMED9,199,12,0.06030150753768844,8,0.03968705547652916,1.5194250824012534,1.5527571732505319,0.10276133516149744,0.7028173263769802,False,0.14256572985916385,0.4376271409109656,False,up,True,0,0
NAA30,220,13,0.05909090909090909,8,0.0396751905406368,1.489366737391872,1.5200999141362892,0.10365701248023534,0.7028173263769802,False,0.16098438621636424,0.48452373802681337,False,up,True,0,0
ZNF710,9,2,0.2222222222222222,0,0.06142506142506143,3.6177777777777775,4.365714285714286,0.11014326622574382,0.738678209361782,False,0.11014326622574382,0.35767576453307337,False,up,True,0,0
PTPN2,59,4,0.06779661016949153,5,0.031127012522361358,2.1780635106175725,2.263740856844305,0.11696561770576253,0.7759977002629621,False,0.11696561770576253,0.37002098628488145,False,up,True,0,0
NCOR1,579,43,0.07426597582037997,9,0.061860854987426654,1.200532644359259,1.2166201512761396,0.1276629437508702,0.8379578329179459,False,0.22406836019767443,0.631279352703037,False,up,True,0,0
MED1,21,2,0.09523809523809523,3,0.032936229852838124,2.891590678824721,3.0907054871220603,0.15686529865918664,1.0,False,0.15686529865918664,0.47444063368979483,False,up,True,0,0
MLYCD,22,2,0.09090909090909091,3,0.03295932678821879,2.758220502901354,2.9340425531914893,0.1689844754422018,1.0,False,0.1689844754422018,0.5061331133390219,False,up,True,0,0
THAP11,221,12,0.05429864253393665,8,0.039749252030203734,1.3660292901279618,1.3870453259247826,0.17544686560615605,1.0,False,0.29458995477634226,0.744926238102472,False,up,True,0,0
PARS2,23,2,0.08695652173913043,3,0.03298245614035088,2.6364477335800185,2.7922998986828773,0.1812622950255556,1.0,False,0.1812622950255556,0.5351140479941043,False,up,True,0,0
USP7,268,14,0.05223880597014925,8,0.03973983274962476,1.3145200257704284,1.3318557752223419,0.18680386606796442,1.0,False,0.2715341320720285,0.7155539077063369,False,up,True,0,0
WDR82,407,30,0.07371007371007371,9,0.06191013112837217,1.1905979258424453,1.2057648695434355,0.18750629438499128,1.0,False,0.3027332816249023,0.7592944502543282,False,up,True,0,0
NCAPG2,136,8,0.058823529411764705,7,0.040591362987939306,1.4491636910355197,1.4772364217252396,0.19294867834937882,1.0,False,0.271349084585354,0.7155539077063369,False,up,True,0,0
PDCL,206,11,0.05339805825242718,8,0.039777983348751156,1.3424023481598555,1.3617173524150268,0.2028723569248884,1.0,False,0.2839803837175946,0.7328257625810719,False,up,True,0,0
ELP2,118,7,0.059322033898305086,7,0.040626212964160954,1.4601910828025477,1.4892121420783841,0.2081772828300194,1.0,False,0.34075702524781093,0.8376377871629456,False,up,True,0,0
OXA1L,97,6,0.061855670103092786,6,0.041026816410726565,1.5076887634625353,1.5411627478666585,0.21345659443832324,1.0,False,0.2964798127348275,0.7466450794179125,False,up,True,0,0
NRBP1,77,5,0.06493506493506493,6,0.04106776180698152,1.581168831168831,1.6215277777777777,0.21387503785712056,1.0,False,0.25109887923904683,0.6825022400462198,False,up,True,0,0
EIF4A1,29,2,0.06896551724137931,4,0.029622551361681796,2.3281423804226917,2.4265232974910393,0.21711366701594248,1.0,False,0.21711366701594248,0.6221612844304052,False,up,True,0,0
MED23,26,2,0.07692307692307693,3,0.03305203938115331,2.327332242225859,2.4379432624113475,0.21881523293581512,1.0,False,0.21881523293581512,0.6221612844304052,False,up,True,0,0
PGK1,26,2,0.07692307692307693,3,0.03305203938115331,2.327332242225859,2.4379432624113475,0.21881523293581512,1.0,False,0.21881523293581512,0.6221612844304052,False,up,True,0,0
PGS1,26,2,0.07692307692307693,3,0.03305203938115331,2.327332242225859,2.4379432624113475,0.21881523293581512,1.0,False,0.21881523293581512,0.6221612844304052,False,up,True,0,0
SUPT20H,1491,100,0.0670690811535882,9,0.06184840198256708,1.0844108983202614,1.0904792590909487,0.21931215623659298,1.0,False,0.4130190647446007,0.9101170105264952,False,up,True,0,0
WASF2,30,2,0.06666666666666667,4,0.029636711281070746,2.249462365591398,2.338709677419355,0.2283686594733583,1.0,False,0.2283686594733583,0.640244259952747,False,up,True,0,0
DHPS,52,3,0.057692307692307696,5,0.03140613847251963,1.8369755244755246,1.8882189239332097,0.22932573978858525,1.0,False,0.22932573978858525,0.640244259952747,False,up,True,0,0
CYC1,4,1,0.25,0,0.06310679611650485,3.9615384615384617,4.948717948717949,0.23618571478330339,1.0,False,0.23618571478330339,0.6476737156502141,False,up,True,0,0
HDAC7,4,1,0.25,0,0.06310679611650485,3.9615384615384617,4.948717948717949,0.23618571478330339,1.0,False,0.23618571478330339,0.6476737156502141,False,up,True,0,0
ZC3HC1,4,1,0.25,0,0.06310679611650485,3.9615384615384617,4.948717948717949,0.23618571478330339,1.0,False,0.23618571478330339,0.6476737156502141,False,up,True,0,0
CAMSAP1,18,2,0.1111111111111111,2,0.051829268292682924,2.1437908496732025,2.286764705882353,0.24568953040816754,1.0,False,0.24568953040816754,0.6707541604506168,False,up,True,0,0
WDR59,173,9,0.05202312138728324,8,0.03982677836149368,1.306234737720627,1.3230403025955393,0.256183685748213,1.0,False,0.4297546050549115,0.9271279416744069,False,up,True,0,0
ELP3,34,2,0.058823529411764705,4,0.029693486590038315,1.9810246679316887,2.0423387096774195,0.2736964703706572,1.0,False,0.2736964703706572,0.7155539077063369,False,up,True,0,0
INO80,34,2,0.058823529411764705,4,0.029693486590038315,1.9810246679316887,2.0423387096774195,0.2736964703706572,1.0,False,0.2736964703706572,0.7155539077063369,False,up,True,0,0
GDAP2,199,10,0.05025125628140704,8,0.03982930298719772,1.2616654702081838,1.2755102040816326,0.2741721185079395,1.0,False,0.46205789710564343,0.976334666144459,False,up,True,0,0
VPS41,35,2,0.05714285714285714,4,0.029707714422616195,1.9235023041474655,1.9794721407624634,0.2850474780979987,1.0,False,0.2850474780979987,0.7328257625810719,False,up,True,0,0
FBXO42,5,1,0.2,0,0.06326034063260341,3.1615384615384614,3.701923076923077,0.286241505319349,1.0,False,0.286241505319349,0.7328257625810719,False,up,True,0,0
ZNF71,5,1,0.2,0,0.06326034063260341,3.1615384615384614,3.701923076923077,0.286241505319349,1.0,False,0.286241505319349,0.7328257625810719,False,up,True,0,0
YY1,109,6,0.05504587155963303,7,0.040708193331610236,1.3522062035823503,1.3727230698104484,0.28738766212443656,1.0,False,0.45782521989796526,0.9707153287870947,False,up,True,0,0
MIPEP,59,3,0.05084745762711865,5,0.03148479427549195,1.614984591679507,1.6479301948051948,0.29022075407843356,1.0,False,0.435095243124197,0.9353789721520194,False,up,True,0,0
EIF3H,66,4,0.06060606060606061,6,0.04119253527537551,1.4712874602377366,1.5016931028337195,0.29243294277132176,1.0,False,0.3522125295687158,0.8589530859442595,False,up,True,0,0
BRD8,319,15,0.047021943573667714,8,0.039813486370157816,1.1810556638142846,1.1899893314366998,0.2957340205326162,1.0,False,0.47014069836726924,0.990023245367253,False,up,True,0,0
METAP2,134,7,0.05223880597014925,7,0.0407104887851679,1.2831780587508317,1.298786298209539,0.3085563112685656,1.0,False,0.5040419874515032,1.0,False,up,True,0,0
EIF3L,12,1,0.08333333333333333,1,0.02987012987012987,2.789855072463768,2.952569169960474,0.31391615562389835,1.0,False,0.31391615562389835,0.7809930162094568,False,up,True,0,0
SNUPN,12,1,0.08333333333333333,1,0.02987012987012987,2.789855072463768,2.952569169960474,0.31391615562389835,1.0,False,0.31391615562389835,0.7809930162094568,False,up,True,0,0
VARS2,13,1,0.07692307692307693,1,0.02990897269180754,2.5719063545150505,2.7028985507246377,0.3353005871369197,1.0,False,0.3353005871369197,0.8275218490539178,False,up,True,0,0
TP53INP2,211,10,0.04739336492890995,8,0.03986332574031891,1.1888964116452267,1.1982942430703625,0.33643493954374876,1.0,False,0.5922854209844307,1.0,False,up,True,0,0
FBXO32,118,6,0.05084745762711865,7,0.040755595807995856,1.2476190476190478,1.2608843537414967,0.3527678747705878,1.0,False,0.4853476171883794,1.0,False,up,True,0,0
USO1,40,2,0.05,5,0.031627576403695803,1.5808988764044947,1.611472501478415,0.3666358453930333,1.0,False,0.3666358453930333,0.8906075456988249,False,up,True,0,0
CXXC1,120,6,0.05,7,0.04076614468745956,1.2265079365079365,1.2384294068504595,0.36750649078171826,1.0,False,0.6376395277182876,1.0,False,up,True,0,0
BCL3,7,1,0.14285714285714285,0,0.06356968215158924,2.2472527472527473,2.4551282051282053,0.37704652940672545,1.0,False,0.37704652940672545,0.8974966678197704,False,up,True,0,0
BLZF1,7,1,0.14285714285714285,0,0.06356968215158924,2.2472527472527473,2.4551282051282053,0.37704652940672545,1.0,False,0.37704652940672545,0.8974966678197704,False,up,True,0,0
COMMD10,7,1,0.14285714285714285,0,0.06356968215158924,2.2472527472527473,2.4551282051282053,0.37704652940672545,1.0,False,0.37704652940672545,0.8974966678197704,False,up,True,0,0
GPALPP1,7,1,0.14285714285714285,0,0.06356968215158924,2.2472527472527473,2.4551282051282053,0.37704652940672545,1.0,False,0.37704652940672545,0.8974966678197704,False,up,True,0,0
FBXL15,41,2,0.04878048780487805,5,0.03163881976537505,1.5417922718553028,1.5695764909248056,0.3782221011177124,1.0,False,0.3782221011177124,0.8974966678197704,False,up,True,0,0
CEP43,123,6,0.04878048780487805,7,0.0407819782496116,1.1961285327138986,1.2061864061864063,0.38965976143068,1.0,False,0.6422016695011871,1.0,False,up,True,0,0
KAT7,43,2,0.046511627906976744,5,0.03166133048737104,1.4690357982754116,1.4919155933132364,0.40113007881152263,1.0,False,0.40113007881152263,0.9002621710636174,False,up,True,0,0
COX6C,44,2,0.045454545454545456,5,0.031672597864768684,1.435137895812053,1.4558587479935794,0.41243971267406354,1.0,False,0.6501202572199507,1.0,False,up,True,0,0
GATA3,299,13,0.043478260869565216,8,0.03989971346704871,1.0896885489032864,1.093765301126163,0.41835603370684415,1.0,False,0.7641848679138983,1.0,False,up,True,0,0
FOXO1,227,10,0.04405286343612335,8,0.039908779931584946,1.103838892385148,1.10862409479921,0.42259408166589907,1.0,False,0.731071599170459,1.0,False,up,True,0,0
VEZT,46,2,0.043478260869565216,5,0.0316951566951567,1.371763556424035,1.388661899897855,0.4347435001270278,1.0,False,0.6572764037560452,1.0,False,up,True,0,0
E2F1,47,2,0.0425531914893617,5,0.031706448165301035,1.3420989720296437,1.3573033707865167,0.4457282307758726,1.0,False,0.6610494199354311,1.0,False,up,True,0,0
MAPRE3,9,1,0.1111111111111111,0,0.06388206388206388,1.7393162393162391,1.8317307692307692,0.456674013512834,1.0,False,0.456674013512834,0.9707153287870947,False,up,True,0,0
SFXN1,9,1,0.1111111111111111,0,0.06388206388206388,1.7393162393162391,1.8317307692307692,0.456674013512834,1.0,False,0.456674013512834,0.9707153287870947,False,up,True,0,0
LTB4R,60,3,0.05,6,0.041363636363636366,1.2087912087912087,1.2197802197802199,0.4567591435891967,1.0,False,0.7378154195135127,1.0,False,up,True,0,0
TRIP12,290,12,0.041379310344827586,8,0.03994559381487579,1.035891731553578,1.0374410149299915,0.4932217583260887,1.0,False,0.8790946494726476,1.0,False,up,True,0,0
EXOC7,21,1,0.047619047619047616,3,0.03363700070077085,1.415674603174603,1.4364583333333334,0.5171583251042433,1.0,False,0.5171583251042433,1.0,False,up,True,0,0
LEO1,952,59,0.06197478991596639,9,0.06201026464189917,0.9994279217136447,0.999390124827984,0.5212727801036872,1.0,False,1.0,1.0,False,down,True,0,0
GGA3,55,2,0.03636363636363636,5,0.031797070382279385,1.1436159346271706,1.1490354038583845,0.5291193856765308,1.0,False,0.6944830859879487,1.0,False,up,True,0,0
ARIH1,67,3,0.04477611940298507,6,0.04142954700660141,1.0807774315237002,1.0845638736263736,0.5308912685010967,1.0,False,0.7567857289435026,1.0,False,up,True,0,0
NKAPD1,118,5,0.0423728813559322,7,0.040884978651830765,1.0363924050632911,1.0380026884731712,0.5328946780607253,1.0,False,0.815252643645223,1.0,False,up,True,0,0
ALKBH2,22,1,0.045454545454545456,3,0.033660589060308554,1.3503787878787878,1.367063492063492,0.5337380322310069,1.0,False,0.5337380322310069,1.0,False,up,True,0,0
MBD3,22,1,0.045454545454545456,3,0.033660589060308554,1.3503787878787878,1.367063492063492,0.5337380322310069,1.0,False,0.5337380322310069,1.0,False,up,True,0,0
CSDE1,248,10,0.04032258064516129,8,0.03996859610306188,1.0088565668202765,1.0092286914765907,0.5345775483298817,1.0,False,0.8707930819192647,1.0,False,up,True,0,0
CCDC93,23,1,0.043478260869565216,3,0.03368421052631579,1.2907608695652173,1.3039772727272727,0.5497596566494364,1.0,False,0.5497596566494364,1.0,False,up,True,0,0
KIF20A,23,1,0.043478260869565216,3,0.03368421052631579,1.2907608695652173,1.3039772727272727,0.5497596566494364,1.0,False,0.5497596566494364,1.0,False,up,True,0,0
PPP1R15B,23,1,0.043478260869565216,3,0.03368421052631579,1.2907608695652173,1.3039772727272727,0.5497596566494364,1.0,False,0.5497596566494364,1.0,False,up,True,0,0
TMED2,23,1,0.043478260869565216,3,0.03368421052631579,1.2907608695652173,1.3039772727272727,0.5497596566494364,1.0,False,0.5497596566494364,1.0,False,up,True,0,0
ALG8,24,1,0.041666666666666664,3,0.033707865168539325,1.2361111111111112,1.2463768115942029,0.5652416052979822,1.0,False,0.5652416052979822,1.0,False,up,True,0,0
DR1,24,1,0.041666666666666664,3,0.033707865168539325,1.2361111111111112,1.2463768115942029,0.5652416052979822,1.0,False,0.5652416052979822,1.0,False,up,True,0,0
HCCS,254,10,0.03937007874015748,8,0.039985719385933594,0.984603487064117,0.9839724824355972,0.5652962518402989,1.0,False,1.0,1.0,False,down,True,0,0
COX4I1,25,1,0.04,3,0.03373155305692199,1.1858333333333335,1.1935763888888888,0.5802016905089364,1.0,False,0.5802016905089364,1.0,False,up,True,0,0
ICOS,25,1,0.04,3,0.03373155305692199,1.1858333333333335,1.1935763888888888,0.5802016905089364,1.0,False,0.5802016905089364,1.0,False,up,True,0,0
PDPK1,25,1,0.04,3,0.03373155305692199,1.1858333333333335,1.1935763888888888,0.5802016905089364,1.0,False,0.5802016905089364,1.0,False,up,True,0,0
TNRC6A,25,1,0.04,3,0.03373155305692199,1.1858333333333335,1.1935763888888888,0.5802016905089364,1.0,False,0.5802016905089364,1.0,False,up,True,0,0
BRAT1,16,1,0.0625,2,0.05273833671399594,1.185096153846154,1.1974358974358974,0.5836678503349646,1.0,False,0.5836678503349646,1.0,False,up,True,0,0
FLI1,16,1,0.0625,2,0.05273833671399594,1.185096153846154,1.1974358974358974,0.5836678503349646,1.0,False,0.5836678503349646,1.0,False,up,True,0,0
ARPC3,29,1,0.034482758620689655,4,0.030100334448160536,1.1455938697318007,1.1507936507936507,0.5910295275456416,1.0,False,0.5910295275456416,1.0,False,up,True,0,0
PPP1R7,29,1,0.034482758620689655,4,0.030100334448160536,1.1455938697318007,1.1507936507936507,0.5910295275456416,1.0,False,0.5910295275456416,1.0,False,up,True,0,0
SH3GL1,29,1,0.034482758620689655,4,0.030100334448160536,1.1455938697318007,1.1507936507936507,0.5910295275456416,1.0,False,0.5910295275456416,1.0,False,up,True,0,0
DEF8,30,1,0.03333333333333333,4,0.03011472275334608,1.1068783068783068,1.1105637657361795,0.603535074720548,1.0,False,0.603535074720548,1.0,False,up,True,0,0
RICTOR,30,1,0.03333333333333333,4,0.03011472275334608,1.1068783068783068,1.1105637657361795,0.603535074720548,1.0,False,0.603535074720548,1.0,False,up,True,0,0
THRAP3,102,4,0.0392156862745098,7,0.04092963202065849,0.9581245747510361,0.9564153737204661,0.6054816970888988,1.0,False,1.0,1.0,False,down,True,0,0
MED15,633,38,0.06003159557661927,9,0.06203583266898838,0.9676922674180366,0.9656289164296087,0.6059636594752651,1.0,False,0.9338207994076405,1.0,False,down,True,0,0
GJC1,17,1,0.058823529411764705,2,0.05279187817258883,1.1142533936651584,1.1213942307692308,0.606046758988359,1.0,False,0.606046758988359,1.0,False,up,True,0,0
ZNF92,17,1,0.058823529411764705,2,0.05279187817258883,1.1142533936651584,1.1213942307692308,0.606046758988359,1.0,False,0.606046758988359,1.0,False,up,True,0,0
MBTPS1,27,1,0.037037037037037035,3,0.03377902885292048,1.0964506172839505,1.1001602564102564,0.6086246591551939,1.0,False,0.6086246591551939,1.0,False,up,True,0,0
NELFCD,31,1,0.03225806451612903,4,0.03012912482065997,1.0706605222734256,1.073015873015873,0.615664020809403,1.0,False,0.615664020809403,1.0,False,up,True,0,0
PPM1D,28,1,0.03571428571428571,3,0.03380281690140845,1.056547619047619,1.058641975308642,0.6221203605636356,1.0,False,1.0,1.0,False,up,True,0,0
LIG1,18,1,0.05555555555555555,2,0.052845528455284556,1.051282051282051,1.0542986425339367,0.627244243022488,1.0,False,1.0,1.0,False,up,True,0,0
MOV10,242,9,0.0371900826446281,8,0.04002282942141685,0.9292217262562427,0.9264878015193592,0.6350978918024055,1.0,False,1.0,1.0,False,down,True,0,0
FAM98B,295,11,0.03728813559322034,8,0.04003150959610427,0.9314696340317152,0.9288152888709718,0.6366549296230797,1.0,False,1.0,1.0,False,down,True,0,0
TBL1XR1,33,1,0.030303030303030304,4,0.03015797032072762,1.0048100048100048,1.0049603174603174,0.6388364500367301,1.0,False,1.0,1.0,False,up,True,0,0
ATP2A2,924,55,0.05952380952380952,9,0.06205804749340369,0.9591634272756722,0.9565788340652717,0.6437744456779642,1.0,False,0.8361822303686286,1.0,False,down,True,0,0
STK11,160,6,0.0375,7,0.04097827500975673,0.9151190476190476,0.9118119975262833,0.6444173390478374,1.0,False,1.0,1.0,False,down,True,0,0
KHDRBS1,19,1,0.05263157894736842,2,0.052899287894201424,0.9949392712550607,0.9946581196581197,0.6473215348109107,1.0,False,1.0,1.0,False,down,True,0,0
HDAC3,34,1,0.029411764705882353,4,0.03017241379310345,0.9747899159663865,0.974025974025974,0.6499012979053989,1.0,False,1.0,1.0,False,down,True,0,0
NAA20,34,1,0.029411764705882353,4,0.03017241379310345,0.9747899159663865,0.974025974025974,0.6499012979053989,1.0,False,1.0,1.0,False,down,True,0,0
TFAP4,34,1,0.029411764705882353,4,0.03017241379310345,0.9747899159663865,0.974025974025974,0.6499012979053989,1.0,False,1.0,1.0,False,down,True,0,0
PRKAR1A,299,11,0.03678929765886288,8,0.04004297994269341,0.9187452510156097,0.915641771019678,0.6541711657929459,1.0,False,0.8820308817933048,1.0,False,down,True,0,0
CPSF6,630,37,0.05873015873015873,9,0.06205290650108037,0.9464529873251982,0.9431119426895024,0.6580260064698306,1.0,False,0.8030641103706095,1.0,False,down,True,0,0
ELP5,35,1,0.02857142857142857,4,0.03018687110685194,0.9464852607709751,0.9449112978524743,0.6606322926056165,1.0,False,1.0,1.0,False,down,True,0,0
ELP1,20,1,0.05,2,0.05295315682281059,0.9442307692307693,0.9412955465587044,0.6663367521608818,1.0,False,1.0,1.0,False,down,True,0,0
L2HGDH,20,1,0.05,2,0.05295315682281059,0.9442307692307693,0.9412955465587044,0.6663367521608818,1.0,False,1.0,1.0,False,down,True,0,0
OTUB1,20,1,0.05,2,0.05295315682281059,0.9442307692307693,0.9412955465587044,0.6663367521608818,1.0,False,1.0,1.0,False,down,True,0,0
VAV1,36,1,0.027777777777777776,4,0.030201342281879196,0.919753086419753,0.9174603174603174,0.6710393521519704,1.0,False,1.0,1.0,False,down,True,0,0
DNAJC24,37,1,0.02702702702702703,4,0.030215827338129497,0.8944658944658945,0.8915343915343915,0.6811321045308169,1.0,False,1.0,1.0,False,down,True,0,0
PTPRC,38,1,0.02631578947368421,4,0.030230326295585412,0.8705096073517126,0.867009867009867,0.6909198960464178,1.0,False,1.0,1.0,False,down,True,0,0
XRCC2,60,2,0.03333333333333333,6,0.04159090909090909,0.8014571948998179,0.7946108912756736,0.718943724075684,1.0,False,1.0,1.0,False,down,True,0,0
BPTF,40,1,0.025,5,0.031982942430703626,0.7816666666666667,0.7760683760683761,0.7288994410513234,1.0,False,1.0,1.0,False,down,True,0,0
PMVK,121,4,0.03305785123966942,7,0.041030287341444475,0.8056938759548452,0.7990509315430451,0.7358298124383664,1.0,False,0.8194339367307298,1.0,False,down,True,0,0
UBXN1,328,18,0.054878048780487805,9,0.06205832690583894,0.8842979099928722,0.8775797241214905,0.7366104273145524,1.0,False,0.7296384804482993,1.0,False,down,True,0,0
RHOF,42,1,0.023809523809523808,5,0.032005689900426744,0.7439153439153439,0.737669376693767,0.7461528160413027,1.0,False,1.0,1.0,False,down,True,0,0
MOSPD2,152,5,0.03289473684210526,7,0.041065627030539315,0.8010284810126581,0.7942607422715922,0.7514714134673746,1.0,False,0.835236045501135,1.0,False,down,True,0,0
KPNA1,44,1,0.022727272727272728,5,0.03202846975088968,0.7095959595959596,0.7028423772609819,0.7623194554541128,1.0,False,1.0,1.0,False,down,True,0,0
TWNK,66,2,0.030303030303030304,6,0.04164770141101502,0.7276039079317768,0.7190915300546448,0.7668454120633703,1.0,False,1.0,1.0,False,down,True,0,0
PSIP1,45,1,0.022222222222222223,5,0.032039871840512636,0.6935802469135803,0.6866161616161616,0.7700165834091575,1.0,False,1.0,1.0,False,down,True,0,0
FNBP4,98,3,0.030612244897959183,6,0.041723979825768,0.7336846826642744,0.7252747252747253,0.7806587757821548,1.0,False,0.7984477327488058,1.0,False,down,True,0,0
LSM12,101,3,0.0297029702970297,7,0.041053446940356314,0.7235195217634971,0.7150558336542164,0.7885005622351569,1.0,False,0.7998459871320711,1.0,False,down,True,0,0
PAXIP1,308,10,0.032467532467532464,8,0.04014049172102358,0.8088474025974025,0.8024328859060402,0.792155119673602,1.0,False,0.6575585376577112,1.0,False,down,True,0,0
ATXN7L3,104,3,0.028846153846153848,7,0.04106935296396746,0.7023766328011611,0.693536334765552,0.8047761966474842,1.0,False,0.8011501876824536,1.0,False,down,True,0,0
GLIPR2,50,1,0.02,5,0.03209700427960057,0.6231111111111112,0.6154195011337869,0.8049556979241317,1.0,False,1.0,1.0,False,down,True,0,0
SRR,50,1,0.02,5,0.03209700427960057,0.6231111111111112,0.6154195011337869,0.8049556979241317,1.0,False,1.0,1.0,False,down,True,0,0
COQ3,72,2,0.027777777777777776,6,0.04170464904284412,0.6660595021250758,0.6565183450429352,0.8075262688744088,1.0,False,0.769282132895441,1.0,False,down,True,0,0
TIPRL,72,2,0.027777777777777776,6,0.04170464904284412,0.6660595021250758,0.6565183450429352,0.8075262688744088,1.0,False,0.769282132895441,1.0,False,down,True,0,0
SEL1L,165,5,0.030303030303030304,7,0.041135121062223376,0.7366705024932874,0.7284414556962026,0.8116450780003326,1.0,False,0.6890428361574181,1.0,False,down,True,0,0
EDC3,52,1,0.019230769230769232,5,0.032119914346895075,0.5987179487179488,0.5908496732026144,0.8174122489208977,1.0,False,1.0,1.0,False,down,True,0,0
HMBS,74,2,0.02702702702702703,6,0.041723666210670314,0.6477625166149756,0.6379781420765027,0.8196214239045638,1.0,False,0.7696010823974676,1.0,False,down,True,0,0
CNOT11,53,1,0.018867924528301886,5,0.03213138164941092,0.5872117400419288,0.5792735042735043,0.8233421152121889,1.0,False,1.0,1.0,False,down,True,0,0
NIPBL,53,1,0.018867924528301886,5,0.03213138164941092,0.5872117400419288,0.5792735042735043,0.8233421152121889,1.0,False,1.0,1.0,False,down,True,0,0
ZNF644,53,1,0.018867924528301886,5,0.03213138164941092,0.5872117400419288,0.5792735042735043,0.8233421152121889,1.0,False,1.0,1.0,False,down,True,0,0
ARPC2,56,1,0.017857142857142856,5,0.032165832737669764,0.5551587301587302,0.547070707070707,0.840012540034541,1.0,False,1.0,1.0,False,down,True,0,0
CLCC1,79,2,0.02531645569620253,6,0.04177128509472723,0.6060731825413295,0.5958413171527925,0.8469424527905368,1.0,False,0.7726299379470318,1.0,False,down,True,0,0
STX16,58,1,0.017241379310344827,5,0.032188841201716736,0.535632183908046,0.5274853801169591,0.8502517296221979,1.0,False,1.0,1.0,False,down,True,0,0
WAC,403,20,0.04962779156327544,9,0.06211374645064306,0.7989824217528203,0.7884854202777717,0.8749312668314451,1.0,False,0.3502240196074452,0.8574929368960067,False,down,True,0,0
UBAP2L,157,4,0.025477707006369428,7,0.041222366710013,0.6180554160220217,0.608069936702336,0.8901912076724031,1.0,False,0.4173372972095669,0.9132930376497066,False,down,True,0,0
SLC31A1,89,2,0.02247191011235955,6,0.041866849691146193,0.5367470989132437,0.5260976069342378,0.890643853908616,1.0,False,0.5870692881375204,1.0,False,down,True,0,0
UBE2I,127,3,0.023622047244094488,7,0.04119170984455959,0.5734660525924825,0.5631466828971394,0.8976836053872028,1.0,False,0.49368467870189836,1.0,False,down,True,0,0
ELOB,631,32,0.05071315372424723,9,0.06215910044474281,0.8158604832019631,0.806023313690215,0.90046635317509,1.0,False,0.2792809342819151,0.7270731495862515,False,down,True,0,0
TSC2,166,4,0.024096385542168676,8,0.040161782445185555,0.599982970752267,0.5901060070671378,0.9031677958721923,1.0,False,0.4219120537676849,0.91340258657776,False,down,True,0,0
IWS1,93,2,0.021505376344086023,6,0.041905198076482714,0.5131911393148834,0.50249204347565,0.9046515448851069,1.0,False,0.5928621613657923,1.0,False,down,True,0,0
MED12,1008,53,0.05257936507936508,9,0.06221056860713455,0.8451838048838388,0.8365919113328896,0.9092352473368028,1.0,False,0.23447047593973913,0.6476737156502141,False,down,True,0,0
DCAKD,60,1,0.016666666666666666,6,0.04181818181818182,0.39855072463768115,0.3883566691230656,0.9226342870660149,1.0,False,0.5178986234582281,1.0,False,down,True,0,0
SOCS4,60,1,0.016666666666666666,6,0.04181818181818182,0.39855072463768115,0.3883566691230656,0.9226342870660149,1.0,False,0.5178986234582281,1.0,False,down,True,0,0
FIGNL1,61,1,0.01639344262295082,6,0.041827688110934305,0.391928011404134,0.38179347826086957,0.9258871636325574,1.0,False,0.5184772128427374,1.0,False,down,True,0,0
ANKRD49,63,1,0.015873015873015872,6,0.04184671366841028,0.37931331953071085,0.3693022440392707,0.9319903972913987,1.0,False,0.520509372726023,1.0,False,down,True,0,0
MRC2,63,1,0.015873015873015872,6,0.04184671366841028,0.37931331953071085,0.3693022440392707,0.9319903972913987,1.0,False,0.520509372726023,1.0,False,down,True,0,0
MYO9A,105,2,0.01904761904761905,7,0.041203823301472486,0.4622779519331244,0.4518367471162918,0.9330180013191811,1.0,False,0.44924015338710904,0.9624346341661328,False,down,True,0,0
PHF23,106,2,0.018867924528301886,7,0.04120914610515437,0.45785769208020344,0.44743187846636123,0.9352869371526036,1.0,False,0.3278705041668163,0.812434140847091,False,down,True,0,0
UQCRB,65,1,0.015384615384615385,6,0.04186575654152446,0.36747491638795987,0.35759171195652173,0.9375935192459509,1.0,False,0.5236381499537777,1.0,False,down,True,0,0
DPH5,144,3,0.020833333333333332,7,0.04128261716214462,0.504651467505241,0.4941121370266292,0.9384565931864352,1.0,False,0.2883901594912244,0.7342949550630442,False,down,True,0,0
CCNQ,66,1,0.015151515151515152,6,0.041875284478834776,0.3618247694334651,0.3520066889632107,0.940220413202606,1.0,False,0.5255875307079514,1.0,False,down,True,0,0
C1D,146,3,0.02054794520547945,7,0.04129333852746397,0.4976092013440165,0.48706953423934557,0.9421139931609211,1.0,False,0.2891955819778278,0.7342949550630442,False,down,True,0,0
PKNOX1,69,1,0.014492753623188406,6,0.04190389432930995,0.3458569628229364,0.33623721227621484,0.9474592230753379,1.0,False,0.3686917627122823,0.892089480758738,False,down,True,0,0
RTRAF,189,4,0.021164021164021163,8,0.040227434257285005,0.5261091480172752,0.5158628593257568,0.9474899015137188,1.0,False,0.25803967585053694,0.6982915789464091,False,down,True,0,0
PDSS2,291,7,0.024054982817869417,8,0.04030641466208477,0.5968028419182948,0.5868648837965627,0.949048100994655,1.0,False,0.22313898133443988,0.631279352703037,False,down,True,0,0
CAND1,194,4,0.020618556701030927,8,0.04024173480270174,0.5123674911660777,0.5021015436116794,0.9542469333026073,1.0,False,0.19729396272963076,0.5741998820951989,False,down,True,0,0
DHX36,1019,51,0.050049067713444556,9,0.0622673434856176,0.803777147245808,0.7934389597556594,0.9556558638709461,1.0,False,0.11504883061851873,0.3677985932208604,False,down,True,0,0
RASA2,78,1,0.01282051282051282,6,0.04198995892286627,0.30532329988851725,0.2963015245623941,0.964347322354249,1.0,False,0.37965418201128054,0.8974966678197704,False,down,True,0,0
INTS14,203,4,0.019704433497536946,8,0.04026750142287991,0.48933836968441574,0.4790738143011879,0.9644305518450725,1.0,False,0.20159670775464775,0.5839679280967965,False,down,True,0,0
INO80C,81,1,0.012345679012345678,6,0.04201872573646951,0.2938137412775094,0.28498641304347827,0.9686758835734854,1.0,False,0.261397993163993,0.6993737916263704,False,down,True,0,0
ZMYM2,81,1,0.012345679012345678,6,0.04201872573646951,0.2938137412775094,0.28498641304347827,0.9686758835734854,1.0,False,0.261397993163993,0.6993737916263704,False,down,True,0,0
DDX6,214,4,0.018691588785046728,8,0.040299038803844785,0.46382219873848285,0.4536092882382635,0.9740154865009718,1.0,False,0.15493760770534182,0.4709187386906202,False,down,True,0,0
PPHLN1,132,2,0.015151515151515152,7,0.04134802333117304,0.36643868148570347,0.3566915842777912,0.9741207450121876,1.0,False,0.17945806548065102,0.5323347423152004,False,down,True,0,0
SMARCB1,493,21,0.04259634888438134,9,0.06220976446471154,0.684721269255795,0.6706940375913283,0.9757962719672439,1.0,False,0.07429956263046456,0.266650663244059,False,down,True,0,0
ACAD11,87,1,0.011494252873563218,6,0.04207637777269609,0.273175912043978,0.26472446916076847,0.9758268059837927,1.0,False,0.2680516958874376,0.7128788636316767,False,down,True,0,0
SMARCE1,783,36,0.04597701149425287,9,0.06227376041754357,0.7383047239475902,0.725692903414944,0.9782461433999046,1.0,False,0.06161649018832635,0.23467515090245286,False,down,True,0,0
SKIC8,443,18,0.040632054176072234,9,0.062207455700434636,0.6531701661572431,0.6384809026062558,0.9809708160411449,1.0,False,0.05998978234550126,0.22989873110046133,False,down,True,0,0
C11orf54,190,3,0.015789473684210527,8,0.04030137181036321,0.39178501810080757,0.38202755849814674,0.9832807710706628,1.0,False,0.09280563761745553,0.30785526026865623,False,down,True,0,0
RO60,100,1,0.01,7,0.04130631212082096,0.24209375,0.23443813131313132,0.9850627957745277,1.0,False,0.19410963084544028,0.5676096788229226,False,down,True,0,0
HOXB2,105,1,0.009523809523809525,7,0.04133298889175924,0.2304166666666667,0.22301682692307692,0.987912067639044,1.0,False,0.132243500303758,0.40797119843709345,False,down,True,0,0
ERCC4,111,1,0.009009009009009009,7,0.04136504653567735,0.2177927927927928,0.2106818181818182,0.9906250017728894,1.0,False,0.09205180085117208,0.3075491334584894,False,down,True,0,0
ATAD5,1817,90,0.04953219592735278,9,0.0624973107869713,0.7925492361773535,0.7817382525386516,0.990894028964598,1.0,False,0.025497963189463256,0.11653513546591725,False,down,True,0,0
TNPO1,289,5,0.01730103806228374,8,0.04044380816034359,0.4277796490798298,0.41770534712700985,0.991189964565083,1.0,False,0.047061828128740296,0.19103386812784715,False,down,True,0,0
DOHH,113,1,0.008849557522123894,7,0.04137574347039048,0.21388274336283186,0.20686383928571428,0.9913869265214632,1.0,False,0.09221489414881773,0.3075491334584894,False,down,True,0,0
MED19,481,18,0.037422037422037424,9,0.062256890710611065,0.6010906904423868,0.5855823371550498,0.9937139644196601,1.0,False,0.022228508661219712,0.10688258426382036,False,down,True,0,0
INSR,123,1,0.008130081300813009,7,0.041429311237700675,0.196239837398374,0.1896516393442623,0.99436431173065,1.0,False,0.0645505958196197,0.24358813566978682,False,down,True,0,0
NUDCD1,124,1,0.008064516129032258,7,0.04143467564417972,0.1946320564516129,0.18808434959349593,0.994598524047385,1.0,False,0.06474627917316862,0.24358813566978682,False,down,True,0,0
GABPB1,233,3,0.012875536480686695,8,0.04042492513902752,0.31850489361218975,0.30961582700713136,0.9959257592593905,1.0,False,0.02736266785563011,0.12323186910163342,False,down,True,0,0
UPF2,131,1,0.007633587786259542,7,0.041472265422498704,0.1840648854961832,0.17778846153846153,0.9959876156592529,1.0,False,0.04498096551843163,0.1850217048324821,False,down,True,0,0
CHD4,192,2,0.010416666666666666,8,0.04037819009028222,0.2579775528169014,0.25016679021497407,0.9965784936876337,1.0,False,0.037847435384877004,0.16015163566317658,False,down,True,0,0
TP53,240,3,0.0125,8,0.040445110207575435,0.30906084656084654,0.30031478132743955,0.996782490126515,1.0,False,0.028365991635020314,0.1259123513583276,False,down,True,0,0
NSD1,749,30,0.04005340453938585,9,0.06235541535226078,0.6423404336754797,0.627417225066668,0.9968993733704132,1.0,False,0.0114539797270971,0.06366761704161181,False,down,True,0,0
BHLHE40,249,3,0.012048192771084338,8,0.040471092077087795,0.2976987314336712,0.28913408181700867,0.9976300873831567,1.0,False,0.02049112963203778,0.09955139356667174,False,down,True,0,0
PTEN,296,4,0.013513513513513514,8,0.04053570149681301,0.33337312577595263,0.3242412507865821,0.9978950296250501,1.0,False,0.015233182989703116,0.08033225559527199,False,down,True,0,0
TAF13,878,35,0.03986332574031891,9,0.06241960312941524,0.6386347195715077,0.6236314161136225,0.9985763658313042,1.0,False,0.004635952810265796,0.029582774502168147,True,down,True,0,0
ZNF613,170,1,0.0058823529411764705,8,0.04038611682873163,0.1456528481339812,0.140597539543058,0.9990674236737437,1.0,False,0.015949880818990358,0.08133121045716571,False,down,True,0,0
EHMT2,362,10,0.027624309392265192,9,0.06226922836222542,0.44362697465226686,0.42782092279579714,0.9991609302815287,1.0,False,0.004185788739626002,0.0277702328209596,True,down,True,0,0
POGLUT3,173,1,0.005780346820809248,8,0.040394718159875054,0.1430965998557453,0.1381146033432787,0.999176101553809,1.0,False,0.016483964309899516,0.08336562278039346,False,down,True,0,0
SENP5,1467,64,0.043626448534423996,9,0.06258541168431841,0.6970705690085789,0.6832519777160264,0.999218121236696,1.0,False,0.002446239661144289,0.01960168663540294,True,down,True,0,0
DENR,632,22,0.03481012658227848,9,0.06237019321543206,0.5581211919937666,0.5421845792460009,0.9992306376559508,1.0,False,0.00273253555613285,0.020560663879682542,True,down,True,0,0
UBR5,350,9,0.025714285714285714,9,0.062274499989572255,0.4129183810161707,0.39742355822774117,0.999494301451564,1.0,False,0.0025150479614270685,0.019894674258980786,True,down,True,0,0
MMAB,185,1,0.005405405405405406,8,0.04042916015347449,0.13370066023844585,0.12899251165278522,0.9994982194665735,1.0,False,0.0075180062353282385,0.04492150087988135,True,down,True,0,0
NFKB2,188,1,0.005319148936170213,8,0.04043777983085779,0.13153909434244476,0.12689491837636158,0.9995567542821319,1.0,False,0.007593043792560468,0.04492150087988135,True,down,True,0,0
KMT5B,189,1,0.005291005291005291,8,0.0404406538734897,0.1308338215192345,0.12621059716561342,0.9995747096555371,1.0,False,0.007644663845036535,0.04492150087988135,True,down,True,0,0
UFM1,498,15,0.030120481927710843,9,0.0623417920127194,0.48315072370016976,0.4670995039393055,0.9996114483378171,1.0,False,0.0019139857431688518,0.015958502750475428,True,down,True,0,0
UBE2L3,456,13,0.02850877192982456,9,0.06232886733691449,0.45739274830268156,0.4414697364018573,0.9996680659740192,1.0,False,0.0016640621384037225,0.0140647443752753,True,down,True,0,0
UFL1,198,1,0.005050505050505051,8,0.04046653865301188,0.12480694466634713,0.12036434032455194,0.999706913627502,1.0,False,0.005265843865433397,0.03216857094032085,True,down,True,0,0
BRPF1,207,1,0.004830917874396135,8,0.04049245658980928,0.11930414406153689,0.11502892145989387,0.9997980703771787,1.0,False,0.0036273899289332263,0.024867773179464453,True,down,True,0,0
KDM1A,1073,41,0.03821062441752097,9,0.0625502900944395,0.6108784525192434,0.5954191662336709,0.99981066165236,1.0,False,0.0006648839502275739,0.006409896832662705,True,down,True,0,0
YTHDF2,471,13,0.027600849256900213,9,0.06234841515430292,0.4426872629976604,0.4268683425150613,0.9998163246259363,1.0,False,0.00099968194717101,0.008687376921190326,True,down,True,0,0
CDK13,211,1,0.004739336492890996,8,0.04050398633257403,0.11700913717422269,0.11280441877981422,0.9998288972776703,1.0,False,0.0037485780533862024,0.025416183065266888,True,down,True,0,0
USP22,592,18,0.030405405405405407,9,0.06240174397887103,0.4872524943485642,0.4711733042758711,0.9998505143389204,1.0,False,0.0007600301955710824,0.007214440471805505,True,down,True,0,0
KIFAP3,430,11,0.02558139534883721,9,0.062336794167415235,0.41037393229004304,0.39489448898500834,0.999863104929509,1.0,False,0.0008226092046867812,0.007575371332712597,True,down,True,0,0
SMG9,221,1,0.004524886877828055,8,0.04053283943581707,0.11163508258514979,0.1075970602332641,0.9998869403614689,1.0,False,0.0025963728077108153,0.02020070395313086,True,down,True,0,0
HAPSTR1,222,1,0.0045045045045045045,8,0.04053572700719527,0.11112430532465681,0.10710224335780007,0.9998915310434722,1.0,False,0.0026305548441425772,0.02020070395313086,True,down,True,0,0
TRAF3,295,2,0.006779661016949152,8,0.040676024061873386,0.1666746240152781,0.1609863961928568,0.9999292636982998,1.0,False,0.000817964432968607,0.007575371332712597,True,down,True,0,0
MYB,423,10,0.02364066193853428,9,0.062348567131757036,0.37916929010695716,0.3641370695284331,0.999936707413457,1.0,False,0.00035191538409471714,0.0036188631997740076,True,down,True,0,0
DCP2,253,1,0.003952569169960474,8,0.04062544623732686,0.09729294164229595,0.09371077077579713,0.999970036744533,1.0,False,0.0008847430618433073,0.00802774219349001,True,down,True,0,0
ELAVL1,745,22,0.02953020134228188,9,0.06251840013458385,0.4723441623379995,0.4562882447327934,0.999984697814513,1.0,False,6.317315049098382e-05,0.000829315613892277,True,down,True,0,0
MTA2,444,9,0.02027027027027027,9,0.06239682373837634,0.32486061077822637,0.3108922096219138,0.9999926254678861,1.0,False,4.3411964160345545e-05,0.0006229112066728652,True,down,True,0,0
MCTS1,330,5,0.015151515151515152,9,0.06233192270007713,0.24307793655619744,0.23143298173398508,0.9999928369451171,1.0,False,7.553904045003195e-05,0.0009709914157847857,True,down,True,0,0
EWSR1,791,23,0.029077117572692796,9,0.06255788498779152,0.46480339893791706,0.4487753757290265,0.9999935054997238,1.0,False,2.8279802844785374e-05,0.00044740098346750197,True,down,True,0,0
PCGF1,319,1,0.003134796238244514,8,0.040817790530846484,0.07679975318300268,0.07389660775276055,0.999998082011651,1.0,False,6.1034450114680986e-05,0.000829315613892277,True,down,True,0,0
BRMS1,320,1,0.003125,8,0.04082071884640218,0.0765542618629174,0.07365944763678234,0.9999981604372864,1.0,False,6.192590842549528e-05,0.000829315613892277,True,down,True,0,0
TAF11,625,14,0.0224,9,0.06252884171665897,0.3582346863468635,0.3435297528098031,0.9999992172786508,1.0,False,5.2151237439652e-06,8.696571216287914e-05,True,down,True,0,0
DDRGK1,479,8,0.016701461377870562,9,0.06246340443329151,0.2673799407732743,0.2549362879626293,0.9999996607648594,1.0,False,2.371216347629745e-06,4.303060254375155e-05,True,down,True,0,0
CHD7,339,3,0.008849557522123894,9,0.062385321100917435,0.14185320145757416,0.13419117647058823,0.9999999034972856,1.0,False,1.311517200823562e-06,2.4521397360852658e-05,True,down,True,0,0
CASC3,389,4,0.010282776349614395,9,0.06242955541640576,0.1647100685088685,0.1560317315583113,0.9999999551924357,1.0,False,7.069931841185111e-07,1.3631712331285043e-05,True,down,True,0,0
ELOF1,1936,67,0.03460743801652893,9,0.06315380799344304,0.5479865603689654,0.5317827613024703,0.9999999870769424,1.0,False,4.80598650361957e-08,1.18611746909331e-06,True,down,True,0,0
SMG7,417,4,0.009592326139088728,9,0.06246606240340838,0.1535606018695575,0.1453626415971077,0.9999999910009477,1.0,False,1.1447414166518522e-07,2.522519478836403e-06,True,down,True,0,0
INTS10,393,3,0.007633587786259542,9,0.06245564229950319,0.12222414989590562,0.11547202797202798,0.9999999960581828,1.0,False,7.53638149314694e-08,1.7584007895368844e-06,True,down,True,0,0
STRAP,394,3,0.007614213197969543,9,0.062456946039035593,0.12191139146013735,0.11517413870919212,0.9999999962863264,1.0,False,7.694784654375345e-08,1.7584007895368844e-06,True,down,True,0,0
SIN3B,564,6,0.010638297872340425,9,0.06261652875248769,0.1698960016514454,0.16097015220683725,0.9999999998793613,1.0,False,1.87274637554462e-09,5.5118034574947815e-08,True,down,True,0,20
RPRD2,784,13,0.016581632653061226,9,0.0627591286962012,0.26421068930590347,0.25180438445632725,0.9999999998828278,1.0,False,8.768622758651893e-10,3.005689023382343e-08,True,down,True,0,18
SETDB1,634,8,0.012618296529968454,9,0.06266652680163642,0.20135624509573027,0.19114993512890255,0.9999999998978272,1.0,False,1.208092171685331e-09,3.923120368051838e-08,True,down,True,0,19
ATF7IP2,372,1,0.002688172043010753,9,0.062470006468170344,0.04303140330840893,0.040451973128647234,0.999999999958641,1.0,False,1.8759784863434424e-09,5.5118034574947815e-08,True,down,True,0,0
NFRKB,1253,27,0.02154828411811652,9,0.06308719125961824,0.34156353592348715,0.3270628960131561,0.999999999998135,1.0,False,1.1976958217454608e-11,5.684448630899611e-10,True,down,True,0,13
SMG1,810,3,0.003703703703703704,9,0.06300406409905451,0.05878515547633195,0.05528621553386478,1.0,1.0,False,1.328680089754087e-18,1.171136593397531e-16,True,down,True,0,7
AASDH,4,0,0.0,0,0.06553398058252427,0.0,0.0,1.0,1.0,False,1.0,1.0,False,down,False,0,0
ABHD13,19,0,0.0,2,0.05391658189216684,0.0,0.0,1.0,1.0,False,0.6185314560199646,1.0,False,down,False,0,0
ACTR2,30,0,0.0,4,0.030592734225621414,0.0,0.0,1.0,1.0,False,1.0,1.0,False,down,False,0,0
ACTR5,114,0,0.0,7,0.041510409931462565,0.0,0.0,1.0,1.0,False,0.015035501880111747,0.08033225559527199,False,down,False,0,0
ADAM19,33,0,0.0,4,0.030636668262326472,0.0,0.0,1.0,1.0,False,0.623505716918842,1.0,False,down,False,0,0
ADAT2,27,0,0.0,3,0.034482758620689655,0.0,0.0,1.0,1.0,False,1.0,1.0,False,down,False,0,0
ADCY4,29,0,0.0,4,0.030578117534639272,0.0,0.0,1.0,1.0,False,1.0,1.0,False,down,False,0,0
ADNP2,31,0,0.0,4,0.030607364897178385,0.0,0.0,1.0,1.0,False,1.0,1.0,False,down,False,0,0
AIP,26,0,0.0,3,0.034458509142053444,0.0,0.0,1.0,1.0,False,1.0,1.0,False,down,False,0,0
AK3,19,0,0.0,2,0.05391658189216684,0.0,0.0,1.0,1.0,False,0.6185314560199646,1.0,False,down,False,0,0
ALG6,39,0,0.0,4,0.030724915986557848,0.0,0.0,1.0,1.0,False,0.6298157680095292,1.0,False,down,False,0,0
APEX1,14,0,0.0,1,0.03125,0.0,0.0,1.0,1.0,False,1.0,1.0,False,down,False,0,0
ARID1A,4,0,0.0,0,0.06553398058252427,0.0,0.0,1.0,1.0,False,1.0,1.0,False,down,False,0,0
ARID2,38,0,0.0,4,0.030710172744721688,0.0,0.0,1.0,1.0,False,0.6280639224071687,1.0,False,down,False,0,0
ARL5B,30,0,0.0,4,0.030592734225621414,0.0,0.0,1.0,1.0,False,1.0,1.0,False,down,False,0,0
ATF4,11,0,0.0,1,0.0311284046692607,0.0,0.0,1.0,1.0,False,1.0,1.0,False,down,False,0,0
ATM,26,0,0.0,3,0.034458509142053444,0.0,0.0,1.0,1.0,False,1.0,1.0,False,down,False,0,0
ATP23,19,0,0.0,2,0.05391658189216684,0.0,0.0,1.0,1.0,False,0.6185314560199646,1.0,False,down,False,0,0
ATRX,47,0,0.0,5,0.032418952618453865,0.0,0.0,1.0,1.0,False,0.4029082496875812,0.9002621710636174,False,down,False,0,0
ATXN2L,9,0,0.0,0,0.06633906633906633,0.0,0.0,1.0,1.0,False,1.0,1.0,False,down,False,0,0
B4GALNT3,7,0,0.0,0,0.06601466992665037,0.0,0.0,1.0,1.0,False,1.0,1.0,False,down,False,0,0
BRD1,10,0,0.0,1,0.031088082901554404,0.0,0.0,1.0,1.0,False,1.0,1.0,False,down,False,0,0
BRD9,13,0,0.0,1,0.031209362808842653,0.0,0.0,1.0,1.0,False,1.0,1.0,False,down,False,0,0
C11orf68,30,0,0.0,4,0.030592734225621414,0.0,0.0,1.0,1.0,False,1.0,1.0,False,down,False,0,0
C16orf87,13,0,0.0,1,0.031209362808842653,0.0,0.0,1.0,1.0,False,1.0,1.0,False,down,False,0,0
CAP1,22,0,0.0,3,0.034361851332398316,0.0,0.0,1.0,1.0,False,1.0,1.0,False,down,False,0,0
CARM1,31,0,0.0,4,0.030607364897178385,0.0,0.0,1.0,1.0,False,1.0,1.0,False,down,False,0,0
CASK,12,0,0.0,1,0.03116883116883117,0.0,0.0,1.0,1.0,False,1.0,1.0,False,down,False,0,0
CBLL1,35,0,0.0,4,0.030666027791087687,0.0,0.0,1.0,1.0,False,0.6244151854923821,1.0,False,down,False,0,0
CBX3,15,0,0.0,1,0.03129074315514994,0.0,0.0,1.0,1.0,False,1.0,1.0,False,down,False,0,0
CCDC22,17,0,0.0,2,0.05380710659898477,0.0,0.0,1.0,1.0,False,1.0,1.0,False,down,False,0,0
CCDC6,11,0,0.0,1,0.0311284046692607,0.0,0.0,1.0,1.0,False,1.0,1.0,False,down,False,0,0
CCNA2,107,0,0.0,7,0.041472868217054266,0.0,0.0,1.0,1.0,False,0.023039519784583642,0.10688258426382036,False,down,False,0,0
CCNK,32,0,0.0,4,0.03062200956937799,0.0,0.0,1.0,1.0,False,0.6235676301375692,1.0,False,down,False,0,0
CCS,11,0,0.0,1,0.0311284046692607,0.0,0.0,1.0,1.0,False,1.0,1.0,False,down,False,0,0
CD2BP2,1,0,0.0,0,0.06506024096385542,0.0,0.0,1.0,1.0,False,1.0,1.0,False,down,False,0,0
CDCA3,3,0,0.0,0,0.06537530266343826,0.0,0.0,1.0,1.0,False,1.0,1.0,False,down,False,0,0
CDK5RAP3,12,0,0.0,1,0.03116883116883117,0.0,0.0,1.0,1.0,False,1.0,1.0,False,down,False,0,0
CDKN2AIP,46,0,0.0,5,0.032407407407407406,0.0,0.0,1.0,1.0,False,0.4020298857736963,0.9002621710636174,False,down,False,0,0
CHORDC1,2,0,0.0,0,0.06521739130434782,0.0,0.0,1.0,1.0,False,1.0,1.0,False,down,False,0,0
CHTF18,47,0,0.0,5,0.032418952618453865,0.0,0.0,1.0,1.0,False,0.4029082496875812,0.9002621710636174,False,down,False,0,0
CLASRP,26,0,0.0,3,0.034458509142053444,0.0,0.0,1.0,1.0,False,1.0,1.0,False,down,False,0,0
CMTM7,13,0,0.0,1,0.031209362808842653,0.0,0.0,1.0,1.0,False,1.0,1.0,False,down,False,0,0
CNBP,15,0,0.0,1,0.03129074315514994,0.0,0.0,1.0,1.0,False,1.0,1.0,False,down,False,0,0
CNOT4,55,0,0.0,5,0.03251161128974634,0.0,0.0,1.0,1.0,False,0.4205324951948554,0.91340258657776,False,down,False,0,0
COA3,13,0,0.0,1,0.031209362808842653,0.0,0.0,1.0,1.0,False,1.0,1.0,False,down,False,0,0
COMMD8,2,0,0.0,0,0.06521739130434782,0.0,0.0,1.0,1.0,False,1.0,1.0,False,down,False,0,0
COPRS,26,0,0.0,3,0.034458509142053444,0.0,0.0,1.0,1.0,False,1.0,1.0,False,down,False,0,0
CREB1,82,0,0.0,6,0.04225673823663773,0.0,0.0,1.0,1.0,False,0.049459144291495755,0.19588966692357254,False,down,False,0,0
CSNK2A1,49,0,0.0,5,0.03244206773618538,0.0,0.0,1.0,1.0,False,0.405628660544061,0.9002621710636174,False,down,False,0,0
CTDSPL2,127,0,0.0,7,0.041580310880829016,0.0,0.0,1.0,1.0,False,0.010409920196539448,0.05839018873877127,False,down,False,0,0
CYP4V2,2,0,0.0,0,0.06521739130434782,0.0,0.0,1.0,1.0,False,1.0,1.0,False,down,False,0,0
DCAF5,10,0,0.0,1,0.031088082901554404,0.0,0.0,1.0,1.0,False,1.0,1.0,False,down,False,0,0
DDX17,55,0,0.0,5,0.03251161128974634,0.0,0.0,1.0,1.0,False,0.4205324951948554,0.91340258657776,False,down,False,0,0
DEK,12,0,0.0,1,0.03116883116883117,0.0,0.0,1.0,1.0,False,1.0,1.0,False,down,False,0,0
DHX9,16,0,0.0,2,0.0537525354969574,0.0,0.0,1.0,1.0,False,1.0,1.0,False,down,False,0,0
DNAJB11,64,0,0.0,6,0.04208371246587807,0.0,0.0,1.0,1.0,False,0.11321032684772413,0.36571084641385226,False,down,False,0,0
DNAJB9,154,0,0.0,7,0.04172624463798258,0.0,0.0,1.0,1.0,False,0.0030455920085463092,0.022107414932624386,True,down,False,0,0
DNAJC3,10,0,0.0,1,0.031088082901554404,0.0,0.0,1.0,1.0,False,1.0,1.0,False,down,False,0,0
DOP1A,75,0,0.0,6,0.04218928164196123,0.0,0.0,1.0,1.0,False,0.07528719069489997,0.266650663244059,False,down,False,0,0
DOT1L,13,0,0.0,1,0.031209362808842653,0.0,0.0,1.0,1.0,False,1.0,1.0,False,down,False,0,0
DPH1,8,0,0.0,0,0.0661764705882353,0.0,0.0,1.0,1.0,False,1.0,1.0,False,down,False,0,0
DPH2,5,0,0.0,0,0.06569343065693431,0.0,0.0,1.0,1.0,False,1.0,1.0,False,down,False,0,0
DRAP1,22,0,0.0,3,0.034361851332398316,0.0,0.0,1.0,1.0,False,1.0,1.0,False,down,False,0,0
ECHS1,33,0,0.0,4,0.030636668262326472,0.0,0.0,1.0,1.0,False,0.623505716918842,1.0,False,down,False,0,0
EHMT1,122,0,0.0,7,0.04155339805825243,0.0,0.0,1.0,1.0,False,0.009972548850800652,0.05645011597196332,False,down,False,0,0
EIF3K,27,0,0.0,3,0.034482758620689655,0.0,0.0,1.0,1.0,False,1.0,1.0,False,down,False,0,0
EIF4B,4,0,0.0,0,0.06553398058252427,0.0,0.0,1.0,1.0,False,1.0,1.0,False,down,False,0,0
ELP4,6,0,0.0,0,0.06585365853658537,0.0,0.0,1.0,1.0,False,1.0,1.0,False,down,False,0,0
EMC4,24,0,0.0,3,0.03441011235955056,0.0,0.0,1.0,1.0,False,1.0,1.0,False,down,False,0,0
EML2,17,0,0.0,2,0.05380710659898477,0.0,0.0,1.0,1.0,False,1.0,1.0,False,down,False,0,0
EP300,6,0,0.0,0,0.06585365853658537,0.0,0.0,1.0,1.0,False,1.0,1.0,False,down,False,0,0
EPC1,12,0,0.0,1,0.03116883116883117,0.0,0.0,1.0,1.0,False,1.0,1.0,False,down,False,0,0
ERCC1,77,0,0.0,6,0.04220853296828656,0.0,0.0,1.0,1.0,False,0.07649459869400071,0.266650663244059,False,down,False,0,0
ERCC6L,20,0,0.0,2,0.0539714867617108,0.0,0.0,1.0,1.0,False,0.6196956530005753,1.0,False,down,False,0,0
ERGIC3,7,0,0.0,0,0.06601466992665037,0.0,0.0,1.0,1.0,False,1.0,1.0,False,down,False,0,0
EXOC1,3,0,0.0,0,0.06537530266343826,0.0,0.0,1.0,1.0,False,1.0,1.0,False,down,False,0,0
EZH2,15,0,0.0,1,0.03129074315514994,0.0,0.0,1.0,1.0,False,1.0,1.0,False,down,False,0,0
FAF2,40,0,0.0,5,0.03233830845771144,0.0,0.0,1.0,1.0,False,0.6377364043417099,1.0,False,down,False,0,0
FANCB,22,0,0.0,3,0.034361851332398316,0.0,0.0,1.0,1.0,False,1.0,1.0,False,down,False,0,0
FANCF,5,0,0.0,0,0.06569343065693431,0.0,0.0,1.0,1.0,False,1.0,1.0,False,down,False,0,0
FBXL3,21,0,0.0,3,0.03433777154870357,0.0,0.0,1.0,1.0,False,1.0,1.0,False,down,False,0,0
FDX1,5,0,0.0,0,0.06569343065693431,0.0,0.0,1.0,1.0,False,1.0,1.0,False,down,False,0,0
FGFR1OP2,30,0,0.0,4,0.030592734225621414,0.0,0.0,1.0,1.0,False,1.0,1.0,False,down,False,0,0
FLAD1,25,0,0.0,3,0.03443429374560787,0.0,0.0,1.0,1.0,False,1.0,1.0,False,down,False,0,0
FOXK1,35,0,0.0,4,0.030666027791087687,0.0,0.0,1.0,1.0,False,0.6244151854923821,1.0,False,down,False,0,0
FOXN2,144,0,0.0,7,0.04167207581461768,0.0,0.0,1.0,1.0,False,0.004532942267380961,0.029440267147095293,True,down,False,0,0
FUBP1,223,0,0.0,8,0.04060986035907666,0.0,0.0,1.0,1.0,False,0.00019289281237231927,0.002163906640613109,True,down,False,0,0
GALNT6,19,0,0.0,2,0.05391658189216684,0.0,0.0,1.0,1.0,False,0.6185314560199646,1.0,False,down,False,0,0
GATAD1,15,0,0.0,1,0.03129074315514994,0.0,0.0,1.0,1.0,False,1.0,1.0,False,down,False,0,0
GCN1,9,0,0.0,0,0.06633906633906633,0.0,0.0,1.0,1.0,False,1.0,1.0,False,down,False,0,0
GIGYF2,23,0,0.0,3,0.0343859649122807,0.0,0.0,1.0,1.0,False,1.0,1.0,False,down,False,0,0
GMEB1,155,0,0.0,7,0.041731669266770674,0.0,0.0,1.0,1.0,False,0.003085859696645799,0.022139249218958816,True,down,False,0,0
GNAZ,6,0,0.0,0,0.06585365853658537,0.0,0.0,1.0,1.0,False,1.0,1.0,False,down,False,0,0
GPATCH8,29,0,0.0,4,0.030578117534639272,0.0,0.0,1.0,1.0,False,1.0,1.0,False,down,False,0,0
GPR137,13,0,0.0,1,0.031209362808842653,0.0,0.0,1.0,1.0,False,1.0,1.0,False,down,False,0,0
GPS2,17,0,0.0,2,0.05380710659898477,0.0,0.0,1.0,1.0,False,1.0,1.0,False,down,False,0,0
GSTCD,19,0,0.0,2,0.05391658189216684,0.0,0.0,1.0,1.0,False,0.6185314560199646,1.0,False,down,False,0,0
GYPC,20,0,0.0,2,0.0539714867617108,0.0,0.0,1.0,1.0,False,0.6196956530005753,1.0,False,down,False,0,0
H2AZ1,38,0,0.0,4,0.030710172744721688,0.0,0.0,1.0,1.0,False,0.6280639224071687,1.0,False,down,False,0,0
HDAC1,11,0,0.0,1,0.0311284046692607,0.0,0.0,1.0,1.0,False,1.0,1.0,False,down,False,0,0
HEXIM1,31,0,0.0,4,0.030607364897178385,0.0,0.0,1.0,1.0,False,1.0,1.0,False,down,False,0,0
HMGN5,20,0,0.0,2,0.0539714867617108,0.0,0.0,1.0,1.0,False,0.6196956530005753,1.0,False,down,False,0,0
HNRNPA2B1,36,0,0.0,4,0.030680728667305847,0.0,0.0,1.0,1.0,False,0.6253458563312604,1.0,False,down,False,0,0
HNRNPD,28,0,0.0,3,0.03450704225352113,0.0,0.0,1.0,1.0,False,1.0,1.0,False,down,False,0,0
HPS1,39,0,0.0,4,0.030724915986557848,0.0,0.0,1.0,1.0,False,0.6298157680095292,1.0,False,down,False,0,0
HSD17B10,7,0,0.0,0,0.06601466992665037,0.0,0.0,1.0,1.0,False,1.0,1.0,False,down,False,0,0
HSDL2,20,0,0.0,2,0.0539714867617108,0.0,0.0,1.0,1.0,False,0.6196956530005753,1.0,False,down,False,0,0
ID2,94,0,0.0,6,0.0423728813559322,0.0,0.0,1.0,1.0,False,0.03304315112651341,0.14357481862717447,False,down,False,0,0
IL12RB2,33,0,0.0,4,0.030636668262326472,0.0,0.0,1.0,1.0,False,0.623505716918842,1.0,False,down,False,0,0
IMMP2L,15,0,0.0,1,0.03129074315514994,0.0,0.0,1.0,1.0,False,1.0,1.0,False,down,False,0,0
INO80B,19,0,0.0,2,0.05391658189216684,0.0,0.0,1.0,1.0,False,0.6185314560199646,1.0,False,down,False,0,0
INTS12,153,0,0.0,7,0.041720821419287756,0.0,0.0,1.0,1.0,False,0.0030135494271294537,0.022107414932624386,True,down,False,0,0
INTS13,221,0,0.0,8,0.04060407465450919,0.0,0.0,1.0,1.0,False,0.00019076660557177202,0.002163906640613109,True,down,False,0,0
INTS6,4,0,0.0,0,0.06553398058252427,0.0,0.0,1.0,1.0,False,1.0,1.0,False,down,False,0,0
IPO9,6,0,0.0,0,0.06585365853658537,0.0,0.0,1.0,1.0,False,1.0,1.0,False,down,False,0,0
IRF1,33,0,0.0,4,0.030636668262326472,0.0,0.0,1.0,1.0,False,0.623505716918842,1.0,False,down,False,0,0
IRF2,18,0,0.0,2,0.05386178861788618,0.0,0.0,1.0,1.0,False,0.6184452873856796,1.0,False,down,False,0,0
IRF2BP1,13,0,0.0,1,0.031209362808842653,0.0,0.0,1.0,1.0,False,1.0,1.0,False,down,False,0,0
IRF9,39,0,0.0,4,0.030724915986557848,0.0,0.0,1.0,1.0,False,0.6298157680095292,1.0,False,down,False,0,0
ITGB2,7,0,0.0,0,0.06601466992665037,0.0,0.0,1.0,1.0,False,1.0,1.0,False,down,False,0,0
JOSD2,25,0,0.0,3,0.03443429374560787,0.0,0.0,1.0,1.0,False,1.0,1.0,False,down,False,0,0
KAT6A,13,0,0.0,1,0.031209362808842653,0.0,0.0,1.0,1.0,False,1.0,1.0,False,down,False,0,0
KATNIP,5,0,0.0,0,0.06569343065693431,0.0,0.0,1.0,1.0,False,1.0,1.0,False,down,False,0,0
KDM2A,66,0,0.0,6,0.04210286754665453,0.0,0.0,1.0,1.0,False,0.11424661142178949,0.3671362460793964,False,down,False,0,0
KEAP1,48,0,0.0,5,0.03243050605844619,0.0,0.0,1.0,1.0,False,0.404112501892262,0.9002621710636174,False,down,False,0,0
KMT2C,114,0,0.0,7,0.041510409931462565,0.0,0.0,1.0,1.0,False,0.015035501880111747,0.08033225559527199,False,down,False,0,0
KTI12,170,0,0.0,8,0.04045709418695436,0.0,0.0,1.0,1.0,False,0.002236219811221153,0.01830323923384863,True,down,False,0,0
L3MBTL2,146,0,0.0,7,0.04168289832489287,0.0,0.0,1.0,1.0,False,0.004650776542480244,0.029582774502168147,True,down,False,0,0
LAMTOR3,23,0,0.0,3,0.0343859649122807,0.0,0.0,1.0,1.0,False,1.0,1.0,False,down,False,0,0
LAT2,25,0,0.0,3,0.03443429374560787,0.0,0.0,1.0,1.0,False,1.0,1.0,False,down,False,0,0
LUC7L3,5,0,0.0,0,0.06569343065693431,0.0,0.0,1.0,1.0,False,1.0,1.0,False,down,False,0,0
LZTS1,19,0,0.0,2,0.05391658189216684,0.0,0.0,1.0,1.0,False,0.6185314560199646,1.0,False,down,False,0,0
MAPKAP1,20,0,0.0,2,0.0539714867617108,0.0,0.0,1.0,1.0,False,0.6196956530005753,1.0,False,down,False,0,0
MAU2,25,0,0.0,3,0.03443429374560787,0.0,0.0,1.0,1.0,False,1.0,1.0,False,down,False,0,0
MAX,25,0,0.0,3,0.03443429374560787,0.0,0.0,1.0,1.0,False,1.0,1.0,False,down,False,0,0
MDM4,5,0,0.0,0,0.06569343065693431,0.0,0.0,1.0,1.0,False,1.0,1.0,False,down,False,0,0
MEAF6,23,0,0.0,3,0.0343859649122807,0.0,0.0,1.0,1.0,False,1.0,1.0,False,down,False,0,0
MED14,10,0,0.0,1,0.031088082901554404,0.0,0.0,1.0,1.0,False,1.0,1.0,False,down,False,0,0
MFHAS1,8,0,0.0,0,0.0661764705882353,0.0,0.0,1.0,1.0,False,1.0,1.0,False,down,False,0,0
MGA,41,0,0.0,5,0.0323498044792037,0.0,0.0,1.0,1.0,False,0.6405557265680484,1.0,False,down,False,0,0
MIA2,45,0,0.0,5,0.032395870416518334,0.0,0.0,1.0,1.0,False,0.401491704966189,0.9002621710636174,False,down,False,0,0
MICOS10,29,0,0.0,4,0.030578117534639272,0.0,0.0,1.0,1.0,False,1.0,1.0,False,down,False,0,0
MLST8,76,0,0.0,6,0.04219890510948905,0.0,0.0,1.0,1.0,False,0.0758084853709968,0.266650663244059,False,down,False,0,0
MORC2,29,0,0.0,4,0.030578117534639272,0.0,0.0,1.0,1.0,False,1.0,1.0,False,down,False,0,0
MPI,16,0,0.0,2,0.0537525354969574,0.0,0.0,1.0,1.0,False,1.0,1.0,False,down,False,0,0
MSL2,38,0,0.0,4,0.030710172744721688,0.0,0.0,1.0,1.0,False,0.6280639224071687,1.0,False,down,False,0,0
MTMR10,18,0,0.0,2,0.05386178861788618,0.0,0.0,1.0,1.0,False,0.6184452873856796,1.0,False,down,False,0,0
NAA40,10,0,0.0,1,0.031088082901554404,0.0,0.0,1.0,1.0,False,1.0,1.0,False,down,False,0,0
NCBP3,46,0,0.0,5,0.032407407407407406,0.0,0.0,1.0,1.0,False,0.4020298857736963,0.9002621710636174,False,down,False,0,0
NDUFB11,13,0,0.0,1,0.031209362808842653,0.0,0.0,1.0,1.0,False,1.0,1.0,False,down,False,0,0
NFE2L1,9,0,0.0,0,0.06633906633906633,0.0,0.0,1.0,1.0,False,1.0,1.0,False,down,False,0,0
NFKB1,8,0,0.0,0,0.0661764705882353,0.0,0.0,1.0,1.0,False,1.0,1.0,False,down,False,0,0
NR2C2,75,0,0.0,6,0.04218928164196123,0.0,0.0,1.0,1.0,False,0.07528719069489997,0.266650663244059,False,down,False,0,0
NRAS,26,0,0.0,3,0.034458509142053444,0.0,0.0,1.0,1.0,False,1.0,1.0,False,down,False,0,0
P4HB,69,0,0.0,6,0.04213163288544751,0.0,0.0,1.0,1.0,False,0.11754313340654256,0.37002098628488145,False,down,False,0,0
PAGR1,41,0,0.0,5,0.0323498044792037,0.0,0.0,1.0,1.0,False,0.6405557265680484,1.0,False,down,False,0,0
PAIP1,8,0,0.0,0,0.0661764705882353,0.0,0.0,1.0,1.0,False,1.0,1.0,False,down,False,0,0
PAK2,10,0,0.0,1,0.031088082901554404,0.0,0.0,1.0,1.0,False,1.0,1.0,False,down,False,0,0
PAN3,14,0,0.0,1,0.03125,0.0,0.0,1.0,1.0,False,1.0,1.0,False,down,False,0,0
PCBP1,31,0,0.0,4,0.030607364897178385,0.0,0.0,1.0,1.0,False,1.0,1.0,False,down,False,0,0
PCBP2,28,0,0.0,3,0.03450704225352113,0.0,0.0,1.0,1.0,False,1.0,1.0,False,down,False,0,0
PCNX3,10,0,0.0,1,0.031088082901554404,0.0,0.0,1.0,1.0,False,1.0,1.0,False,down,False,0,0
PDCD2L,11,0,0.0,1,0.0311284046692607,0.0,0.0,1.0,1.0,False,1.0,1.0,False,down,False,0,0
PDIA6,70,0,0.0,6,0.04214123006833713,0.0,0.0,1.0,1.0,False,0.11908970090210041,0.37298652516038555,False,down,False,0,0
PDLIM2,10,0,0.0,1,0.031088082901554404,0.0,0.0,1.0,1.0,False,1.0,1.0,False,down,False,0,0
PELO,17,0,0.0,2,0.05380710659898477,0.0,0.0,1.0,1.0,False,1.0,1.0,False,down,False,0,0
PEX6,9,0,0.0,0,0.06633906633906633,0.0,0.0,1.0,1.0,False,1.0,1.0,False,down,False,0,0
PHF12,31,0,0.0,4,0.030607364897178385,0.0,0.0,1.0,1.0,False,1.0,1.0,False,down,False,0,0
PHF3,41,0,0.0,5,0.0323498044792037,0.0,0.0,1.0,1.0,False,0.6405557265680484,1.0,False,down,False,0,0
PIGB,39,0,0.0,4,0.030724915986557848,0.0,0.0,1.0,1.0,False,0.6298157680095292,1.0,False,down,False,0,0
PKM,7,0,0.0,0,0.06601466992665037,0.0,0.0,1.0,1.0,False,1.0,1.0,False,down,False,0,0
PPDPF,39,0,0.0,4,0.030724915986557848,0.0,0.0,1.0,1.0,False,0.6298157680095292,1.0,False,down,False,0,0
PPIH,27,0,0.0,3,0.034482758620689655,0.0,0.0,1.0,1.0,False,1.0,1.0,False,down,False,0,0
PPIL1,18,0,0.0,2,0.05386178861788618,0.0,0.0,1.0,1.0,False,0.6184452873856796,1.0,False,down,False,0,0
PPP6C,16,0,0.0,2,0.0537525354969574,0.0,0.0,1.0,1.0,False,1.0,1.0,False,down,False,0,0
PPRC1,12,0,0.0,1,0.03116883116883117,0.0,0.0,1.0,1.0,False,1.0,1.0,False,down,False,0,0
PRKRA,9,0,0.0,0,0.06633906633906633,0.0,0.0,1.0,1.0,False,1.0,1.0,False,down,False,0,0
PRPF38B,5,0,0.0,0,0.06569343065693431,0.0,0.0,1.0,1.0,False,1.0,1.0,False,down,False,0,0
PRPF39,6,0,0.0,0,0.06585365853658537,0.0,0.0,1.0,1.0,False,1.0,1.0,False,down,False,0,0
PRSS21,6,0,0.0,0,0.06585365853658537,0.0,0.0,1.0,1.0,False,1.0,1.0,False,down,False,0,0
PSMB9,8,0,0.0,0,0.0661764705882353,0.0,0.0,1.0,1.0,False,1.0,1.0,False,down,False,0,0
PSMF1,33,0,0.0,4,0.030636668262326472,0.0,0.0,1.0,1.0,False,0.623505716918842,1.0,False,down,False,0,0
PTBP1,16,0,0.0,2,0.0537525354969574,0.0,0.0,1.0,1.0,False,1.0,1.0,False,down,False,0,0
PTPA,105,0,0.0,7,0.04146215448204598,0.0,0.0,1.0,1.0,False,0.022609847495585006,0.10688258426382036,False,down,False,0,0
PUM1,8,0,0.0,0,0.0661764705882353,0.0,0.0,1.0,1.0,False,1.0,1.0,False,down,False,0,0
PXMP4,19,0,0.0,2,0.05391658189216684,0.0,0.0,1.0,1.0,False,0.6185314560199646,1.0,False,down,False,0,0
QNG1,5,0,0.0,0,0.06569343065693431,0.0,0.0,1.0,1.0,False,1.0,1.0,False,down,False,0,0
R3HCC1L,78,0,0.0,6,0.04221816522136011,0.0,0.0,1.0,1.0,False,0.07734368383343579,0.26809580295072966,False,down,False,0,0
RAB11FIP1,46,0,0.0,5,0.032407407407407406,0.0,0.0,1.0,1.0,False,0.4020298857736963,0.9002621710636174,False,down,False,0,0
RAD50,13,0,0.0,1,0.031209362808842653,0.0,0.0,1.0,1.0,False,1.0,1.0,False,down,False,0,0
RANBP3,12,0,0.0,1,0.03116883116883117,0.0,0.0,1.0,1.0,False,1.0,1.0,False,down,False,0,0
RASGRP1,68,0,0.0,6,0.042122040072859745,0.0,0.0,1.0,1.0,False,0.11621764081271543,0.3696200225847702,False,down,False,0,0
RBM12,45,0,0.0,5,0.032395870416518334,0.0,0.0,1.0,1.0,False,0.401491704966189,0.9002621710636174,False,down,False,0,0
RBM27,20,0,0.0,2,0.0539714867617108,0.0,0.0,1.0,1.0,False,0.6196956530005753,1.0,False,down,False,0,0
RBM33,31,0,0.0,4,0.030607364897178385,0.0,0.0,1.0,1.0,False,1.0,1.0,False,down,False,0,0
RBPJ,22,0,0.0,3,0.034361851332398316,0.0,0.0,1.0,1.0,False,1.0,1.0,False,down,False,0,0
RC3H1,40,0,0.0,5,0.03233830845771144,0.0,0.0,1.0,1.0,False,0.6377364043417099,1.0,False,down,False,0,0
RCOR1,99,0,0.0,7,0.04143004646360351,0.0,0.0,1.0,1.0,False,0.03522470395944502,0.15092807182623316,False,down,False,0,0
RFX1,109,0,0.0,7,0.041483587490307575,0.0,0.0,1.0,1.0,False,0.023687305779200432,0.10906766914751244,False,down,False,0,0
RHBDD3,11,0,0.0,1,0.0311284046692607,0.0,0.0,1.0,1.0,False,1.0,1.0,False,down,False,0,0
RHEB,20,0,0.0,2,0.0539714867617108,0.0,0.0,1.0,1.0,False,0.6196956530005753,1.0,False,down,False,0,0
RIPK1,23,0,0.0,3,0.0343859649122807,0.0,0.0,1.0,1.0,False,1.0,1.0,False,down,False,0,0
RNASEH1,20,0,0.0,2,0.0539714867617108,0.0,0.0,1.0,1.0,False,0.6196956530005753,1.0,False,down,False,0,0
RNF8,24,0,0.0,3,0.03441011235955056,0.0,0.0,1.0,1.0,False,1.0,1.0,False,down,False,0,0
RPRD1B,21,0,0.0,3,0.03433777154870357,0.0,0.0,1.0,1.0,False,1.0,1.0,False,down,False,0,0
RPUSD1,14,0,0.0,1,0.03125,0.0,0.0,1.0,1.0,False,1.0,1.0,False,down,False,0,0
RXRB,60,0,0.0,6,0.042045454545454546,0.0,0.0,1.0,1.0,False,0.1790209994180319,0.5323347423152004,False,down,False,0,0
SAMD1,154,0,0.0,7,0.04172624463798258,0.0,0.0,1.0,1.0,False,0.0030455920085463092,0.022107414932624386,True,down,False,0,0
SAP130,79,0,0.0,6,0.04222780187171878,0.0,0.0,1.0,1.0,False,0.0783539245373816,0.2700802873718684,False,down,False,0,0
SARS2,6,0,0.0,0,0.06585365853658537,0.0,0.0,1.0,1.0,False,1.0,1.0,False,down,False,0,0
SCAF4,52,0,0.0,5,0.0324768022840828,0.0,0.0,1.0,1.0,False,0.41191349086768747,0.9101170105264952,False,down,False,0,0
SCAF8,13,0,0.0,1,0.031209362808842653,0.0,0.0,1.0,1.0,False,1.0,1.0,False,down,False,0,0
SCYL3,54,0,0.0,5,0.0325,0.0,0.0,1.0,1.0,False,0.41742080489014144,0.9132930376497066,False,down,False,0,0
SEC14L2,43,0,0.0,5,0.03237282106012095,0.0,0.0,1.0,1.0,False,0.6467624356933201,1.0,False,down,False,0,0
SEC63,184,0,0.0,8,0.04049733570159858,0.0,0.0,1.0,1.0,False,0.0009437530997755909,0.008318509465164851,True,down,False,0,0
SENP1,14,0,0.0,1,0.03125,0.0,0.0,1.0,1.0,False,1.0,1.0,False,down,False,0,0
SETD1B,17,0,0.0,2,0.05380710659898477,0.0,0.0,1.0,1.0,False,1.0,1.0,False,down,False,0,0
SHLD1,76,0,0.0,6,0.04219890510948905,0.0,0.0,1.0,1.0,False,0.0758084853709968,0.266650663244059,False,down,False,0,0
SINHCAF,9,0,0.0,0,0.06633906633906633,0.0,0.0,1.0,1.0,False,1.0,1.0,False,down,False,0,0
SLC25A22,4,0,0.0,0,0.06553398058252427,0.0,0.0,1.0,1.0,False,1.0,1.0,False,down,False,0,0
SLC35B1,17,0,0.0,2,0.05380710659898477,0.0,0.0,1.0,1.0,False,1.0,1.0,False,down,False,0,0
SLC39A6,3,0,0.0,0,0.06537530266343826,0.0,0.0,1.0,1.0,False,1.0,1.0,False,down,False,0,0
SMAD4,21,0,0.0,3,0.03433777154870357,0.0,0.0,1.0,1.0,False,1.0,1.0,False,down,False,0,0
SMARCC1,20,0,0.0,2,0.0539714867617108,0.0,0.0,1.0,1.0,False,0.6196956530005753,1.0,False,down,False,0,0
SMARCD1,6,0,0.0,0,0.06585365853658537,0.0,0.0,1.0,1.0,False,1.0,1.0,False,down,False,0,0
SMG8,204,0,0.0,8,0.04055496264674493,0.0,0.0,1.0,1.0,False,0.0004283138566388438,0.004262413702357526,True,down,False,0,0
SNAP23,10,0,0.0,1,0.031088082901554404,0.0,0.0,1.0,1.0,False,1.0,1.0,False,down,False,0,0
SP1,46,0,0.0,5,0.032407407407407406,0.0,0.0,1.0,1.0,False,0.4020298857736963,0.9002621710636174,False,down,False,0,0
SP100,24,0,0.0,3,0.03441011235955056,0.0,0.0,1.0,1.0,False,1.0,1.0,False,down,False,0,0
SP2,181,0,0.0,8,0.04048870578207132,0.0,0.0,1.0,1.0,False,0.0009365386807682818,0.008318509465164851,True,down,False,0,0
SRSF10,115,0,0.0,7,0.04151577858251423,0.0,0.0,1.0,1.0,False,0.015144692653957327,0.08033225559527199,False,down,False,0,0
SSR2,18,0,0.0,2,0.05386178861788618,0.0,0.0,1.0,1.0,False,0.6184452873856796,1.0,False,down,False,0,0
STAG2,47,0,0.0,5,0.032418952618453865,0.0,0.0,1.0,1.0,False,0.4029082496875812,0.9002621710636174,False,down,False,0,0
STARD10,31,0,0.0,4,0.030607364897178385,0.0,0.0,1.0,1.0,False,1.0,1.0,False,down,False,0,0
STK40,13,0,0.0,1,0.031209362808842653,0.0,0.0,1.0,1.0,False,1.0,1.0,False,down,False,0,0
STYXL1,37,0,0.0,4,0.030695443645083934,0.0,0.0,1.0,1.0,False,0.6265681619826782,1.0,False,down,False,0,0
TARBP2,21,0,0.0,3,0.03433777154870357,0.0,0.0,1.0,1.0,False,1.0,1.0,False,down,False,0,0
TASOR,107,0,0.0,7,0.041472868217054266,0.0,0.0,1.0,1.0,False,0.023039519784583642,0.10688258426382036,False,down,False,0,0
TENT2,2,0,0.0,0,0.06521739130434782,0.0,0.0,1.0,1.0,False,1.0,1.0,False,down,False,0,0
TESPA1,40,0,0.0,5,0.03233830845771144,0.0,0.0,1.0,1.0,False,0.6377364043417099,1.0,False,down,False,0,0
TET2,17,0,0.0,2,0.05380710659898477,0.0,0.0,1.0,1.0,False,1.0,1.0,False,down,False,0,0
TFDP1,16,0,0.0,2,0.0537525354969574,0.0,0.0,1.0,1.0,False,1.0,1.0,False,down,False,0,0
TGDS,26,0,0.0,3,0.034458509142053444,0.0,0.0,1.0,1.0,False,1.0,1.0,False,down,False,0,0
THAP12,59,0,0.0,5,0.03255813953488372,0.0,0.0,1.0,1.0,False,0.261840106751526,0.6993737916263704,False,down,False,0,0
THAP2,49,0,0.0,5,0.03244206773618538,0.0,0.0,1.0,1.0,False,0.405628660544061,0.9002621710636174,False,down,False,0,0
THAP5,44,0,0.0,5,0.03238434163701068,0.0,0.0,1.0,1.0,False,0.4013083122440614,0.9002621710636174,False,down,False,0,0
THOC6,42,0,0.0,5,0.032361308677098154,0.0,0.0,1.0,1.0,False,0.6435694573511603,1.0,False,down,False,0,0
THRA,15,0,0.0,1,0.03129074315514994,0.0,0.0,1.0,1.0,False,1.0,1.0,False,down,False,0,0
TIAL1,12,0,0.0,1,0.03116883116883117,0.0,0.0,1.0,1.0,False,1.0,1.0,False,down,False,0,0
TIPARP,13,0,0.0,1,0.031209362808842653,0.0,0.0,1.0,1.0,False,1.0,1.0,False,down,False,0,0
TM9SF3,4,0,0.0,0,0.06553398058252427,0.0,0.0,1.0,1.0,False,1.0,1.0,False,down,False,0,0
TMED10,83,0,0.0,6,0.04226639250628284,0.0,0.0,1.0,1.0,False,0.04952801951390164,0.19588966692357254,False,down,False,0,0
TMEM167A,15,0,0.0,1,0.03129074315514994,0.0,0.0,1.0,1.0,False,1.0,1.0,False,down,False,0,0
TMEM214,42,0,0.0,5,0.032361308677098154,0.0,0.0,1.0,1.0,False,0.6435694573511603,1.0,False,down,False,0,0
TMEM79,20,0,0.0,2,0.0539714867617108,0.0,0.0,1.0,1.0,False,0.6196956530005753,1.0,False,down,False,0,0
TOR1A,13,0,0.0,1,0.031209362808842653,0.0,0.0,1.0,1.0,False,1.0,1.0,False,down,False,0,0
TP73,5,0,0.0,0,0.06569343065693431,0.0,0.0,1.0,1.0,False,1.0,1.0,False,down,False,0,0
TPD52,30,0,0.0,4,0.030592734225621414,0.0,0.0,1.0,1.0,False,1.0,1.0,False,down,False,0,0
TSTD2,46,0,0.0,5,0.032407407407407406,0.0,0.0,1.0,1.0,False,0.4020298857736963,0.9002621710636174,False,down,False,0,0
UBA2,29,0,0.0,4,0.030578117534639272,0.0,0.0,1.0,1.0,False,1.0,1.0,False,down,False,0,0
UBA5,47,0,0.0,5,0.032418952618453865,0.0,0.0,1.0,1.0,False,0.4029082496875812,0.9002621710636174,False,down,False,0,0
UBE2E1,10,0,0.0,1,0.031088082901554404,0.0,0.0,1.0,1.0,False,1.0,1.0,False,down,False,0,0
UBE2G2,18,0,0.0,2,0.05386178861788618,0.0,0.0,1.0,1.0,False,0.6184452873856796,1.0,False,down,False,0,0
UCHL5,21,0,0.0,3,0.03433777154870357,0.0,0.0,1.0,1.0,False,1.0,1.0,False,down,False,0,0
URM1,17,0,0.0,2,0.05380710659898477,0.0,0.0,1.0,1.0,False,1.0,1.0,False,down,False,0,0
USP10,2,0,0.0,0,0.06521739130434782,0.0,0.0,1.0,1.0,False,1.0,1.0,False,down,False,0,0
VHL,80,0,0.0,6,0.04223744292237443,0.0,0.0,1.0,1.0,False,0.07952352822315659,0.2725889828538201,False,down,False,0,0
WARS2,15,0,0.0,1,0.03129074315514994,0.0,0.0,1.0,1.0,False,1.0,1.0,False,down,False,0,0
WIZ,74,0,0.0,6,0.0421796625626995,0.0,0.0,1.0,1.0,False,0.07493259944428288,0.266650663244059,False,down,False,0,0
WNK1,23,0,0.0,3,0.0343859649122807,0.0,0.0,1.0,1.0,False,1.0,1.0,False,down,False,0,0
WRAP53,62,0,0.0,6,0.04206457480673033,0.0,0.0,1.0,1.0,False,0.18392024776457264,0.5403752041463872,False,down,False,0,0
XBP1,140,0,0.0,7,0.041650447644998055,0.0,0.0,1.0,1.0,False,0.004440240070558122,0.029144980037599584,True,down,False,0,0
XPR1,17,0,0.0,2,0.05380710659898477,0.0,0.0,1.0,1.0,False,1.0,1.0,False,down,False,0,0
XRN1,11,0,0.0,1,0.0311284046692607,0.0,0.0,1.0,1.0,False,1.0,1.0,False,down,False,0,0
XRRA1,8,0,0.0,0,0.0661764705882353,0.0,0.0,1.0,1.0,False,1.0,1.0,False,down,False,0,0
YBX1,9,0,0.0,0,0.06633906633906633,0.0,0.0,1.0,1.0,False,1.0,1.0,False,down,False,0,0
ZBTB1,36,0,0.0,4,0.030680728667305847,0.0,0.0,1.0,1.0,False,0.6253458563312604,1.0,False,down,False,0,0
ZBTB44,13,0,0.0,1,0.031209362808842653,0.0,0.0,1.0,1.0,False,1.0,1.0,False,down,False,0,0
ZC3H10,77,0,0.0,6,0.04220853296828656,0.0,0.0,1.0,1.0,False,0.07649459869400071,0.266650663244059,False,down,False,0,0
ZC3H3,46,0,0.0,5,0.032407407407407406,0.0,0.0,1.0,1.0,False,0.4020298857736963,0.9002621710636174,False,down,False,0,0
ZCRB1,4,0,0.0,0,0.06553398058252427,0.0,0.0,1.0,1.0,False,1.0,1.0,False,down,False,0,0
ZEB1,122,0,0.0,7,0.04155339805825243,0.0,0.0,1.0,1.0,False,0.009972548850800652,0.05645011597196332,False,down,False,0,0
ZFC3H1,96,0,0.0,6,0.0423923006416132,0.0,0.0,1.0,1.0,False,0.03362394129097719,0.14507672571002048,False,down,False,0,0
ZFYVE21,29,0,0.0,4,0.030578117534639272,0.0,0.0,1.0,1.0,False,1.0,1.0,False,down,False,0,0
ZHX3,19,0,0.0,2,0.05391658189216684,0.0,0.0,1.0,1.0,False,0.6185314560199646,1.0,False,down,False,0,0
ZNF148,227,0,0.0,8,0.040621436716077534,0.0,0.0,1.0,1.0,False,0.00020356510172303246,0.002242851210055554,True,down,False,0,0
ZNF274,106,0,0.0,7,0.04146751065753779,0.0,0.0,1.0,1.0,False,0.022797489274803896,0.10688258426382036,False,down,False,0,0
ZNF280D,14,0,0.0,1,0.03125,0.0,0.0,1.0,1.0,False,1.0,1.0,False,down,False,0,0
ZNF384,9,0,0.0,0,0.06633906633906633,0.0,0.0,1.0,1.0,False,1.0,1.0,False,down,False,0,0
ZNF554,212,0,0.0,8,0.04057805937210792,0.0,0.0,1.0,1.0,False,0.0002846876910546196,0.0029771577183169543,True,down,False,0,0
ZNF641,25,0,0.0,3,0.03443429374560787,0.0,0.0,1.0,1.0,False,1.0,1.0,False,down,False,0,0
ZNF829,24,0,0.0,3,0.03441011235955056,0.0,0.0,1.0,1.0,False,1.0,1.0,False,down,False,0,0
