gene,n_both,n_inv,rate,enrichment
CCNC,1304,288,0.22085889570552147,4.238836499354841
ARNT,922,177,0.19197396963123645,3.6844622753340115
SGF29,2218,166,0.07484220018034266,1.4364096533356288
AHR,727,165,0.22696011004126548,4.355934114708408
TAF6L,1642,129,0.07856272838002436,1.5078159269172797
TADA1,1375,100,0.07272727272727272,1.3958188876663413
SUPT20H,1491,100,0.0670690811535882,1.2872239909733196
NCKAP1L,244,91,0.3729508196721312,7.157862226198811
ATAD5,1817,90,0.04953219592735278,0.9506471510660967
ARHGAP30,362,71,0.19613259668508287,3.764276765426149
LEO1,952,59,0.06197478991596639,1.1894517569530667
CREBBP,461,59,0.1279826464208243,2.4563081835560077
ATP2A2,924,55,0.05952380952380952,1.1424112919888212
EIF4G2,604,55,0.09105960264900662,1.7476623076120374
MED12,1008,53,0.05257936507936508,1.0091299745901254
DHX36,1019,51,0.050049067713444556,0.9605672178371168
STAT5B,270,42,0.15555555555555556,2.985501509730786
KDM1A,1073,41,0.03821062441752097,0.7333577799831315
STIP1,275,41,0.14909090909090908,2.8614287197159998
DOP1B,431,40,0.09280742459396751,1.781207397254032
DOCK2,111,40,0.36036036036036034,6.916219713662052
TSC1,336,39,0.11607142857142858,2.2277020193782016
MED15,633,38,0.06003159557661927,1.1521569807356453
DOLPP1,125,38,0.304,5.834522950445307
STAT3,257,38,0.14785992217898833,2.8378029914617255
CPSF6,630,37,0.05873015873015873,1.1271791414289702
SMARCE1,783,36,0.04597701149425287,0.8824142393292963
TAF13,878,35,0.03986332574031891,0.7650772661610784
CBFB,212,34,0.16037735849056603,3.0780440093585595
ELOB,631,32,0.05071315372424723,0.9733126950446755
WDR82,407,30,0.07371007371007371,1.414681305067238
NSD1,749,30,0.04005340453938585,0.7687253553569638
NFRKB,1253,27,0.02154828411811652,0.4135656520719308
BTAF1,277,25,0.09025270758122744,1.7321759661924365
ELAVL1,745,22,0.02953020134228188,0.5667586758645212
DENR,632,22,0.03481012658227848,0.6680936922770068
SMARCB1,493,21,0.04259634888438134,0.8175308393786128
UBR4,141,21,0.14893617021276595,2.8584588922954333
WAC,403,20,0.04962779156327544,0.9524818712363373
USP22,592,18,0.030405405405405407,0.5835560383402357
SKIC8,443,18,0.040632054176072234,0.7798310941251004
UBXN1,328,18,0.054878048780487805,1.0532474838335961
LRPPRC,277,17,0.061371841155234655,1.1778796570108567
UFM1,498,15,0.030120481927710843,0.578087641729283
MEN1,250,15,0.06,1.1515505823247316
YEATS2,89,14,0.15730337078651685,3.019046470514278
ACTR8,151,14,0.09271523178807947,1.7794379859322567
YTHDF2,471,13,0.027600849256900213,0.5297295672406763
RPRD2,784,13,0.016581632653061226,0.31824314562545736
UBE2L3,456,13,0.02850877192982456,0.5471548819525406
GATA3,299,13,0.043478260869565216,0.8344569437135737
NAA30,220,13,0.05909090909090909,1.1341028462289025
TMED9,199,12,0.06030150753768844,1.157337268668072
THAP11,221,12,0.05429864253393665,1.0421272238232866
PPP1R11,80,12,0.15,2.878876455811829
BATF,81,12,0.14814814814814814,2.843334771172177
ATP5ME,35,12,0.34285714285714286,6.58028904185561
PRKAR1A,299,11,0.03678929765886288,0.706078952373024
FAM98B,295,11,0.03728813559322034,0.7156529042696074
SIK3,165,11,0.06666666666666667,1.2795006470274797
CYB5R4,61,11,0.18032786885245902,3.4609443731071172
TFAM,157,11,0.07006369426751592,1.344698132226332
PDCL,206,11,0.05339805825242718,1.0248427512598746
CFAP20,139,11,0.07913669064748201,1.518831703306001
EHMT2,362,10,0.027624309392265192,0.5301798261163589
EIF1,51,10,0.19607843137254902,3.763237197139646
ATP5PO,84,10,0.11904761904761904,2.2848225839776424
CSDE1,248,10,0.04032258064516129,0.773891520379524
FOXO1,227,10,0.04405286343612335,0.8454850090489955
GDAP2,199,10,0.05025125628140704,0.9644477238900602
GSS,26,10,0.38461538461538464,7.381734502081614
HCCS,254,10,0.03937007874015748,0.7556106183233148
PAXIP1,308,10,0.032467532467532464,0.6231334319939024
MYB,423,10,0.02364066193853428,0.4537236336976878
MCAT,18,10,0.5555555555555556,10.662505391895666
METTL1,108,9,0.08333333333333333,1.5993758087843495
KMT2E,59,9,0.15254237288135594,2.92767097201203
UBR5,350,9,0.025714285714285714,0.49352167813917075
TARS2,103,9,0.08737864077669903,1.677015411152522
WDR59,173,9,0.05202312138728324,0.9984542621312703
MOV10,242,9,0.0371900826446281,0.7137710221021065
TM2D1,65,9,0.13846153846153847,2.657424420749381
MTA2,444,9,0.02027027027027027,0.38903735889349045
ATP5F1A,20,9,0.45,8.636629367435487
PCYT2,134,9,0.06716417910447761,1.2890491593187297
NDUFA8,40,9,0.225,4.318314683717744
CUL3,114,8,0.07017543859649122,1.3468427863447154
DNTTIP1,82,8,0.0975609756097561,1.8724399712597264
NCAPG2,136,8,0.058823529411764705,1.1289711591418938
SETDB1,634,8,0.012618296529968454,0.2421767786171886
SMARCA5,65,7,0.1076923076923077,2.066885660582852
METAP2,134,7,0.05223880597014925,1.002593790581234
PDSS2,291,7,0.024054982817869417,0.4616754911954824
MIOS,71,7,0.09859154929577464,1.8922192667307798
TIMM8B,20,7,0.35,6.717378396894268
NDUFS8,17,6,0.35294117647058826,6.773826954851364
CCNF,22,6,0.2727272727272727,5.23432082874878
STK11,160,6,0.0375,0.7197191139529573
CEP43,123,6,0.04878048780487805,0.9362199856298632
GPI,65,6,0.09230769230769231,1.7716162804995874
SIN3B,564,6,0.010638297872340425,0.20417563516395953
OXA1L,97,6,0.061855670103092786,1.1871655487883832
BRK1,47,6,0.1276595744680851,2.450107621967514
CXXC1,120,6,0.05,0.9596254852706099
YY1,109,6,0.05504587155963303,1.0564684241511302
LCK,73,6,0.0821917808219178,1.5774665511297694
ZAP70,47,6,0.1276595744680851,2.450107621967514
RB1CC1,49,6,0.12244897959183673,2.350103229234146
SEL1L,165,5,0.030303030303030304,0.581591203194309
EIF3J,38,5,0.13157894736842105,2.5253302243963414
MCTS1,330,5,0.015151515151515152,0.2907956015971545
TNPO1,289,5,0.01730103806228374,0.3320503409240865
RTRAF,189,4,0.021164021164021163,0.4061906815960253
RASAL3,16,4,0.25,4.798127426353049
DDX6,214,4,0.018691588785046728,0.35873849916658307
PTPN2,59,4,0.06779661016949153,1.3011870986720133
PTEN,296,4,0.013513513513513514,0.259358239262327
PMVK,121,4,0.03305785123966942,0.634463130757428
CAND1,194,4,0.020618556701030927,0.3957218495961277
INTS14,203,4,0.019704433497536946,0.378177531141127
IST1,43,4,0.09302325581395349,1.7853497400383438
CASC3,389,4,0.010282776349614395,0.19735228488855727
UBE2N,7,4,0.5714285714285714,10.967148403092683
EIF3H,66,4,0.06060606060606061,1.163182406388618
SMG7,417,4,0.009592326139088728,0.18410081252193952
THRAP3,102,4,0.0392156862745098,0.7526474394279292
MBD2,34,3,0.08823529411764706,1.693456738712841
WAPL,11,3,0.2727272727272727,5.23432082874878
C1D,146,3,0.02054794520547945,0.39436663778244235
COPS8,30,3,0.1,1.9192509705412197
PNPT1,32,3,0.09375,1.7992977848823934
PARP14,9,3,0.3333333333333333,6.397503235137398
CRLS1,17,3,0.17647058823529413,3.386913477425682
GABPB1,233,3,0.012875536480686695,0.2471138588679682
INTS10,393,3,0.007633587786259542,0.14650770767490226
BHLHE40,249,3,0.012048192771084338,0.2312350566917132
FNBP4,98,3,0.030612244897959183,0.5875258073085365
ATXN7L3,104,3,0.028846153846153848,0.5536300876561211
DPH5,144,3,0.020833333333333332,0.39984395219608737
STRAP,394,3,0.007614213197969543,0.1461358607011081
ATP1B3,19,3,0.15789473684210525,3.0303962692756095
DHPS,52,3,0.057692307692307696,1.1072601753122422
RCC1L,21,3,0.14285714285714285,2.7417871007731707
MIPEP,59,3,0.05084745762711865,0.97589032400401
ATP5MF,9,3,0.3333333333333333,6.397503235137398
ARIH1,67,3,0.04477611940298507,0.8593661062124863
MYO9A,105,2,0.01904761904761905,0.3655716134364228
ZNF710,9,2,0.2222222222222222,4.265002156758266
USO1,40,2,0.05,0.9596254852706099
HMBS,74,2,0.02702702702702703,0.518716478524654
MED23,26,2,0.07692307692307693,1.4763469004163228
PARS2,23,2,0.08695652173913043,1.6689138874271474
INO80,34,2,0.058823529411764705,1.1289711591418938
COX6C,44,2,0.045454545454545456,0.8723868047914635
MLYCD,22,2,0.09090909090909091,1.744773609582927
XRCC2,60,2,0.03333333333333333,0.6397503235137398
VPS41,35,2,0.05714285714285714,1.0967148403092684
WASF2,30,2,0.06666666666666667,1.2795006470274797
CAMSAP1,18,2,0.1111111111111111,2.132501078379133
KAT7,43,2,0.046511627906976744,0.8926748700191719
IWS1,93,2,0.021505376344086023,0.41274214420241284
CHD4,192,2,0.010416666666666666,0.19992197609804369
TUFM,12,2,0.16666666666666666,3.198751617568699
E2F1,47,2,0.0425531914893617,0.8167025406558381
EID2,15,2,0.13333333333333333,2.5590012940549594
PTPN1,6,2,0.3333333333333333,6.397503235137398
EIF4A1,29,2,0.06896551724137931,1.3236213589939445
TRAF3,295,2,0.006779661016949152,0.1301187098672013
CLCC1,79,2,0.02531645569620253,0.4858863216560049
SLC25A51,4,2,0.5,9.596254852706098
TWNK,66,2,0.030303030303030304,0.581591203194309
FBXL15,41,2,0.04878048780487805,0.9362199856298632
PGS1,26,2,0.07692307692307693,1.4763469004163228
TIPRL,72,2,0.027777777777777776,0.5331252695947832
GGA3,55,2,0.03636363636363636,0.6979094438331707
COQ3,72,2,0.027777777777777776,0.5331252695947832
PGK1,26,2,0.07692307692307693,1.4763469004163228
ELP3,34,2,0.058823529411764705,1.1289711591418938
TNRC6A,25,1,0.04,0.7677003882164879
RHOF,42,1,0.023809523809523808,0.45696451679552846
MMAB,185,1,0.005405405405405406,0.1037432957049308
RICTOR,30,1,0.03333333333333333,0.6397503235137398
ZNF644,53,1,0.018867924528301886,0.3621228246304188
SFXN1,9,1,0.1111111111111111,2.132501078379133
ZNF71,5,1,0.2,3.8385019410824395
SNUPN,12,1,0.08333333333333333,1.5993758087843495
SRR,50,1,0.02,0.38385019410824395
TMED2,23,1,0.043478260869565216,0.8344569437135737
RASA2,78,1,0.01282051282051282,0.24605781673605379
ZC3HC1,4,1,0.25,4.798127426353049
ZNF613,170,1,0.0058823529411764705,0.11289711591418938
PDPK1,25,1,0.04,0.7677003882164879
TBL1XR1,33,1,0.030303030303030304,0.581591203194309
PTPRC,38,1,0.02631578947368421,0.5050660448792683
NFKB2,188,1,0.005319148936170213,0.10208781758197977
UQCRB,65,1,0.015384615384615385,0.2952693800832646
SH3GL1,29,1,0.034482758620689655,0.6618106794969723
PKNOX1,69,1,0.014492753623188406,0.2781523145711912
PPM1D,28,1,0.03571428571428571,0.6854467751932927
OTUB1,20,1,0.05,0.9596254852706099
NIPBL,53,1,0.018867924528301886,0.3621228246304188
VARS2,13,1,0.07692307692307693,1.4763469004163228
NELFCD,31,1,0.03225806451612903,0.6191132163036192
TFAP4,34,1,0.029411764705882353,0.5644855795709469
PPP1R15B,23,1,0.043478260869565216,0.8344569437135737
STX16,58,1,0.017241379310344827,0.3309053397484861
VAV1,36,1,0.027777777777777776,0.5331252695947832
PSIP1,45,1,0.022222222222222223,0.4265002156758266
SMG9,221,1,0.004524886877828055,0.08684393531860722
MBTPS1,27,1,0.037037037037037035,0.7108336927930442
NAA20,34,1,0.029411764705882353,0.5644855795709469
PCGF1,319,1,0.003134796238244514,0.06016460722699748
ZNF92,17,1,0.058823529411764705,1.1289711591418938
MBD3,22,1,0.045454545454545456,0.8723868047914635
INO80C,81,1,0.012345679012345678,0.23694456426434807
BCL3,7,1,0.14285714285714285,2.7417871007731707
HOXB2,105,1,0.009523809523809525,0.1827858067182114
BRAT1,16,1,0.0625,1.1995318565882622
BRPF1,207,1,0.004830917874396135,0.09271743819039707
HDAC7,4,1,0.25,4.798127426353049
HAPSTR1,222,1,0.0045045045045045045,0.08645274642077566
CCDC93,23,1,0.043478260869565216,0.8344569437135737
GPALPP1,7,1,0.14285714285714285,2.7417871007731707
CCNQ,66,1,0.015151515151515152,0.2907956015971545
GLIPR2,50,1,0.02,0.38385019410824395
CDK13,211,1,0.004739336492890996,0.09095976163702463
FLI1,16,1,0.0625,1.1995318565882622
CNOT11,53,1,0.018867924528301886,0.3621228246304188
FIGNL1,61,1,0.01639344262295082,0.31463130664610156
FBXO42,5,1,0.2,3.8385019410824395
COMMD10,7,1,0.14285714285714285,2.7417871007731707
EXOC7,21,1,0.047619047619047616,0.9139290335910569
CYC1,4,1,0.25,4.798127426353049
ERCC4,111,1,0.009009009009009009,0.17290549284155132
DNAJC24,37,1,0.02702702702702703,0.518716478524654
DOHH,113,1,0.008849557522123894,0.16984521863196633
DR1,24,1,0.041666666666666664,0.7996879043921747
ELP5,35,1,0.02857142857142857,0.5483574201546342
ELP1,20,1,0.05,0.9596254852706099
EDC3,52,1,0.019230769230769232,0.3690867251040807
ICOS,25,1,0.04,0.7677003882164879
EIF3L,12,1,0.08333333333333333,1.5993758087843495
KHDRBS1,19,1,0.05263157894736842,1.0101320897585366
ARPC3,29,1,0.034482758620689655,0.6618106794969723
LIG1,18,1,0.05555555555555555,1.0662505391895665
ARPC2,56,1,0.017857142857142856,0.34272338759664633
KMT5B,189,1,0.005291005291005291,0.10154767039900632
ALG8,24,1,0.041666666666666664,0.7996879043921747
L2HGDH,20,1,0.05,0.9596254852706099
MAPRE3,9,1,0.1111111111111111,2.132501078379133
ZFYVE21,29,0,0.0,0.0
COPRS,26,0,0.0,0.0
DCAF5,10,0,0.0,0.0
CYP4V2,2,0,0.0,0.0
ZNF280D,14,0,0.0,0.0
CTDSPL2,127,0,0.0,0.0
CSNK2A1,49,0,0.0,0.0
ZNF274,106,0,0.0,0.0
CREB1,82,0,0.0,0.0
TFDP1,16,0,0.0,0.0
ZHX3,19,0,0.0,0.0
COMMD8,2,0,0.0,0.0
ZEB1,122,0,0.0,0.0
DDX17,55,0,0.0,0.0
TASOR,107,0,0.0,0.0
COA3,13,0,0.0,0.0
TENT2,2,0,0.0,0.0
TET2,17,0,0.0,0.0
CNOT4,55,0,0.0,0.0
ZNF148,227,0,0.0,0.0
WNK1,23,0,0.0,0.0
DEK,12,0,0.0,0.0
STAG2,47,0,0.0,0.0
SLC25A22,4,0,0.0,0.0
ACTR5,114,0,0.0,0.0
ADAM19,33,0,0.0,0.0
ECHS1,33,0,0.0,0.0
SLC35B1,17,0,0.0,0.0
SMAD4,21,0,0.0,0.0
ADNP2,31,0,0.0,0.0
DPH2,5,0,0.0,0.0
SMARCD1,6,0,0.0,0.0
DPH1,8,0,0.0,0.0
AIP,26,0,0.0,0.0
SMG8,204,0,0.0,0.0
DNAJC3,10,0,0.0,0.0
SNAP23,10,0,0.0,0.0
SP1,46,0,0.0,0.0
SP2,181,0,0.0,0.0
DHX9,16,0,0.0,0.0
SRSF10,115,0,0.0,0.0
ZNF384,9,0,0.0,0.0
SSR2,18,0,0.0,0.0
THAP5,44,0,0.0,0.0
CNBP,15,0,0.0,0.0
TIAL1,12,0,0.0,0.0
THRA,15,0,0.0,0.0
XRN1,11,0,0.0,0.0
CASK,12,0,0.0,0.0
CARM1,31,0,0.0,0.0
ARID2,38,0,0.0,0.0
CAP1,22,0,0.0,0.0
C16orf87,13,0,0.0,0.0
URM1,17,0,0.0,0.0
USP10,2,0,0.0,0.0
BRD1,10,0,0.0,0.0
YBX1,9,0,0.0,0.0
VHL,80,0,0.0,0.0
CCDC22,17,0,0.0,0.0
B4GALNT3,7,0,0.0,0.0
ATXN2L,9,0,0.0,0.0
XPR1,17,0,0.0,0.0
ATRX,47,0,0.0,0.0
WARS2,15,0,0.0,0.0
ATP23,19,0,0.0,0.0
ATM,26,0,0.0,0.0
XBP1,140,0,0.0,0.0
ATF4,11,0,0.0,0.0
CBLL1,35,0,0.0,0.0
CCDC6,11,0,0.0,0.0
CMTM7,13,0,0.0,0.0
TMEM79,20,0,0.0,0.0
WIZ,74,0,0.0,0.0
CLASRP,26,0,0.0,0.0
TIPARP,13,0,0.0,0.0
CHTF18,47,0,0.0,0.0
CDKN2AIP,46,0,0.0,0.0
TM9SF3,4,0,0.0,0.0
TMED10,83,0,0.0,0.0
AK3,19,0,0.0,0.0
CDCA3,3,0,0.0,0.0
CD2BP2,1,0,0.0,0.0
UBE2G2,18,0,0.0,0.0
CCS,11,0,0.0,0.0
TOR1A,13,0,0.0,0.0
SINHCAF,9,0,0.0,0.0
ZC3H3,46,0,0.0,0.0
ALG6,39,0,0.0,0.0
CCNK,32,0,0.0,0.0
TSTD2,46,0,0.0,0.0
CCNA2,107,0,0.0,0.0
UBE2E1,10,0,0.0,0.0
TP73,5,0,0.0,0.0
SEC63,184,0,0.0,0.0
EIF4B,4,0,0.0,0.0
HNRNPD,28,0,0.0,0.0
INO80B,19,0,0.0,0.0
IL12RB2,33,0,0.0,0.0
NR2C2,75,0,0.0,0.0
NRAS,26,0,0.0,0.0
HSDL2,20,0,0.0,0.0
HSD17B10,7,0,0.0,0.0
P4HB,69,0,0.0,0.0
PAGR1,41,0,0.0,0.0
PAIP1,8,0,0.0,0.0
PAK2,10,0,0.0,0.0
PAN3,14,0,0.0,0.0
HNRNPA2B1,36,0,0.0,0.0
PHF12,31,0,0.0,0.0
PCBP1,31,0,0.0,0.0
PCBP2,28,0,0.0,0.0
HDAC1,11,0,0.0,0.0
PCNX3,10,0,0.0,0.0
PDCD2L,11,0,0.0,0.0
GYPC,20,0,0.0,0.0
PDIA6,70,0,0.0,0.0
PDLIM2,10,0,0.0,0.0
GPS2,17,0,0.0,0.0
GPATCH8,29,0,0.0,0.0
PEX6,9,0,0.0,0.0
NFKB1,8,0,0.0,0.0
NFE2L1,9,0,0.0,0.0
INTS6,4,0,0.0,0.0
IPO9,6,0,0.0,0.0
MDM4,5,0,0.0,0.0
MAPKAP1,20,0,0.0,0.0
LZTS1,19,0,0.0,0.0
LUC7L3,5,0,0.0,0.0
LAT2,25,0,0.0,0.0
L3MBTL2,146,0,0.0,0.0
MGA,41,0,0.0,0.0
MIA2,45,0,0.0,0.0
MICOS10,29,0,0.0,0.0
ACTR2,30,0,0.0,0.0
MLST8,76,0,0.0,0.0
KTI12,170,0,0.0,0.0
KMT2C,114,0,0.0,0.0
MPI,16,0,0.0,0.0
MSL2,38,0,0.0,0.0
KEAP1,48,0,0.0,0.0
KDM2A,66,0,0.0,0.0
KAT6A,13,0,0.0,0.0
ITGB2,7,0,0.0,0.0
NAA40,10,0,0.0,0.0
IRF2BP1,13,0,0.0,0.0
NCBP3,46,0,0.0,0.0
IRF2,18,0,0.0,0.0
GNAZ,6,0,0.0,0.0
PHF3,41,0,0.0,0.0
SHLD1,76,0,0.0,0.0
ERCC1,77,0,0.0,0.0
RBM33,31,0,0.0,0.0
RBPJ,22,0,0.0,0.0
RC3H1,40,0,0.0,0.0
EXOC1,3,0,0.0,0.0
RCOR1,99,0,0.0,0.0
RFX1,109,0,0.0,0.0
RHEB,20,0,0.0,0.0
ERGIC3,7,0,0.0,0.0
RIPK1,23,0,0.0,0.0
RNASEH1,20,0,0.0,0.0
RNF8,24,0,0.0,0.0
EPC1,12,0,0.0,0.0
PKM,7,0,0.0,0.0
RXRB,60,0,0.0,0.0
SAMD1,154,0,0.0,0.0
SARS2,6,0,0.0,0.0
SCAF4,52,0,0.0,0.0
SCAF8,13,0,0.0,0.0
SEC14L2,43,0,0.0,0.0
MAX,25,0,0.0,0.0
EP300,6,0,0.0,0.0
SETD1B,17,0,0.0,0.0
EML2,17,0,0.0,0.0
EMC4,24,0,0.0,0.0
RBM27,20,0,0.0,0.0
RASGRP1,68,0,0.0,0.0
FANCF,5,0,0.0,0.0
FBXL3,21,0,0.0,0.0
GMEB1,155,0,0.0,0.0
GIGYF2,23,0,0.0,0.0
PPDPF,39,0,0.0,0.0
PPIH,27,0,0.0,0.0
PPIL1,18,0,0.0,0.0
GCN1,9,0,0.0,0.0
GALNT6,19,0,0.0,0.0
FUBP1,223,0,0.0,0.0
PPP6C,16,0,0.0,0.0
PPRC1,12,0,0.0,0.0
FOXN2,144,0,0.0,0.0
PRPF38B,5,0,0.0,0.0
PRPF39,6,0,0.0,0.0
FOXK1,35,0,0.0,0.0
PSMF1,33,0,0.0,0.0
PTBP1,16,0,0.0,0.0
FLAD1,25,0,0.0,0.0
PUM1,8,0,0.0,0.0
PXMP4,19,0,0.0,0.0
QNG1,5,0,0.0,0.0
R3HCC1L,78,0,0.0,0.0
RAB11FIP1,46,0,0.0,0.0
RANBP3,12,0,0.0,0.0
AASDH,4,0,0.0,0.0
