term	kegg_id	display_name	category	subcategory	n_background_targets	n_all_dyads	n_sign_stable_dyads	n_reversal_dyads	n_lost_dyads	n_gained_dyads	reversal_fraction	lost_fraction_among_reversals	n_unique_lost_targets	n_unique_gained_targets	n_unique_mixed_targets	n_informative_targets	n_informative_reversal_dyads	n_informative_regulators	target_score_sum	target_score_variance	pathway_Z	signed_test_eligible	target_null_mean_Z	target_null_sd_Z	target_observed_T	target_marginal_p	target_maxT_p	target_excess_sign	regulator_null_mean_Z	regulator_null_sd_Z	regulator_observed_T	regulator_marginal_p	regulator_maxT_p	regulator_excess_sign	concordant_excess_sign	both_single_margin_maxT_supported
KEGG_ABC_TRANSPORTERS	hsa02010	ABC transporters	Environmental Information Processing	Membrane transport	20	269	257	12	1	11	0.04460966543	0.08333333333	1	5	1	5	12	12	-6.739130435	2.201323251	-4.542155015	False													False	False
KEGG_ADHERENS_JUNCTION	hsa04520	Adherens junction	Cellular Processes	Cellular community - eukaryotes	50	583	554	29	10	19	0.04974271012	0.3448275862	6	10	2	14	29	22	-2.462543552	4.043446388	-1.224638971	True	0.0005253785161	0.9968949344	-1.228980414	0.3141842908	1	-1	1.084753059	1.21538515	-1.900131847	0.06534673266	0.9499025049	-1	True	False
KEGG_ADIPOCYTOKINE_SIGNALING_PATHWAY	hsa04920	Adipocytokine signaling pathway	Organismal Systems	Endocrine system	45	439	419	20	12	8	0.04555808656	0.6	8	5	2	9	16	16	-1.15297732	2.738280489	-0.6967577347	False													False	False
KEGG_ALANINE_ASPARTATE_AND_GLUTAMATE_METABOLISM	hsa00250	Alanine, aspartate and glutamate metabolism	Metabolism	Amino acid metabolism	19	182	168	14	6	8	0.07692307692	0.4285714286	4	4	1	6	12	11	1.023504274	1.693060037	0.7865991649	False													False	False
KEGG_ALDOSTERONE_REGULATED_SODIUM_REABSORPTION	hsa04960	Aldosterone-regulated sodium reabsorption	Organismal Systems	Excretory system	27	247	239	8	2	6	0.03238866397	0.25	2	4	0	5	7	7	-2.988461538	1.430111619	-2.498979556	False													False	False
KEGG_AMINOACYL_TRNA_BIOSYNTHESIS	hsa00970	Aminoacyl-tRNA biosynthesis	Genetic Information Processing	Translation	26	189	171	18	17	1	0.09523809524	0.9444444444	8	1	0	9	18	14	9.775085251	3.615934338	5.140558264	False													False	False
KEGG_AMINO_SUGAR_AND_NUCLEOTIDE_SUGAR_METABOLISM	hsa00520	Amino sugar and nucleotide sugar metabolism	Metabolism	Glycan biosynthesis and metabolism	38	443	419	24	6	18	0.05417607223	0.25	6	8	2	11	22	19	-2.227695649	3.577919297	-1.17771603	True	0.002698517609	0.9937737782	-1.187810117	0.2524373781	1	-1	2.417214059	1.182441274	-3.040261001	0.002899855007	0.1056447178	-1	True	False
KEGG_ANTIGEN_PROCESSING_AND_PRESENTATION	hsa04612	Antigen processing and presentation	Organismal Systems	Immune system	32	485	430	55	12	43	0.1134020619	0.2181818182	9	13	5	17	55	36	-11.36358057	8.241017354	-3.958446513	True	-0.01465855495	0.9901419651	-3.983053033	9.999500025e-05	0.003449827509	-1	2.325052913	1.209183462	-5.196481445	4.999750012e-05	4.999750012e-05	-1	True	True
KEGG_APOPTOSIS	hsa04210	Apoptosis	Cellular Processes	Cell growth and death	73	850	785	65	37	28	0.07647058824	0.5692307692	19	15	3	28	57	36	-6.588907661	9.442839509	-2.144184326	True	0.004878857016	1.000628071	-2.147714265	0.03324833758	0.808259587	-1	-1.404334367	1.123186654	-0.6587061525	0.5480225989	1	-1	True	False
KEGG_ARACHIDONIC_ACID_METABOLISM	hsa00590	Arachidonic acid metabolism	Metabolism	Lipid metabolism	18	159	157	2	0	2	0.01257861635	0	0	1	0	1	2	2	-0.8571428571	0.4081632653	-1.341640786	False													False	False
KEGG_ARGININE_AND_PROLINE_METABOLISM	hsa00330	Arginine and proline metabolism	Metabolism	Amino acid metabolism	32	312	289	23	13	10	0.07371794872	0.5652173913	7	7	2	10	17	15	0.0048583941	2.791027215	0.002908109165	True	0.002578893377	0.9989823804	0.0003295511454	0.9982500875	1	1	1.437421011	1.088746685	-1.317581878	0.1908904555	0.9999500025	-1	False	False
KEGG_AXON_GUIDANCE	hsa04360	Axon guidance	Organismal Systems	Development and regeneration	59	640	609	31	10	21	0.0484375	0.3225806452	10	9	2	15	29	25	-5.070131305	4.534333411	-2.381016918	True	-0.005532694237	1.003787417	-2.366521221	0.01479926004	0.590120494	-1	-1.052824275	1.086109376	-1.222890321	0.2325383731	1	-1	True	False
KEGG_BASAL_TRANSCRIPTION_FACTORS	hsa03022	Basal transcription factors	Genetic Information Processing	Transcription	24	147	138	9	5	4	0.0612244898	0.5555555556	4	3	0	6	8	8	-0.1757575758	1.76405877	-0.1323297612	False													False	False
KEGG_BASE_EXCISION_REPAIR	hsa03410	Base excision repair	Genetic Information Processing	Replication and repair	28	139	128	11	4	7	0.07913669065	0.3636363636	4	4	2	6	11	10	0.244047619	1.454896542	0.202329179	False													False	False
KEGG_BETA_ALANINE_METABOLISM	hsa00410	beta-Alanine metabolism	Metabolism	Metabolism of other amino acids	16	127	124	3	3	0	0.02362204724	1	2	0	0	2	3	3	1.841269841	0.6707754327	2.248168538	False													False	False
KEGG_BIOSYNTHESIS_OF_UNSATURATED_FATTY_ACIDS	hsa01040	Biosynthesis of unsaturated fatty acids	Metabolism	Lipid metabolism	15	158	156	2	1	1	0.01265822785	0.5	1	1	0	2	2	2	0.3623188406	0.4339424491	0.5500154006	False													False	False
KEGG_BUTANOATE_METABOLISM	hsa00650	Butanoate metabolism	Metabolism	Carbohydrate metabolism	22	195	185	10	5	5	0.05128205128	0.5	2	3	0	4	9	9	0.2887426901	1.590417935	0.2289577591	False													False	False
KEGG_B_CELL_RECEPTOR_SIGNALING_PATHWAY	hsa04662	B cell receptor signaling pathway	Organismal Systems	Immune system	59	616	581	35	22	13	0.05681818182	0.6285714286	13	10	2	19	33	25	-0.2344232565	5.77866948	-0.09751844491	True	-0.009348718455	0.9984203369	-0.08830922528	0.9998500075	1	-1	-0.9309397162	1.040501491	0.8009803722	0.3435328234	1	1	False	False
KEGG_CALCIUM_SIGNALING_PATHWAY	hsa04020	Calcium signaling pathway	Environmental Information Processing	Signal transduction	67	717	675	42	25	17	0.05857740586	0.5952380952	16	9	3	21	41	31	4.828313353	5.764655923	2.010984635	True	-0.008032856883	0.9891791748	2.041103921	0.04989750512	0.8900054997	1	0.08886548859	1.191511971	1.613176529	0.1059447028	0.9976501175	1	True	False
KEGG_CARDIAC_MUSCLE_CONTRACTION	hsa04260	Cardiac muscle contraction	Organismal Systems	Circulatory system	34	295	276	19	10	9	0.06440677966	0.5263157895	7	8	2	13	19	17	-1.012157287	3.42554886	-0.5468685184	True	-0.001922002027	0.9979803539	-0.5460493427	0.5409229539	1	-1	-0.5262560758	1.093729708	-0.01884601145	0.8843057847	1	-1	True	False
KEGG_CELL_ADHESION_MOLECULES_CAMS	hsa04514	Cell adhesion molecule (CAM) interaction	Environmental Information Processing	Signaling molecules and interaction	54	718	680	38	20	18	0.05292479109	0.5263157895	10	12	3	17	30	24	-5.09962085	5.454673227	-2.183501622	True	-0.009557104843	0.9997205201	-2.174552261	0.03419829009	0.7691115444	-1	-1.077582867	1.047513415	-1.055756174	0.3156342183	1	-1	True	False
KEGG_CELL_CYCLE	hsa04110	Cell cycle	Cellular Processes	Cell growth and death	109	980	897	83	23	60	0.08469387755	0.2771084337	19	37	8	39	71	48	-4.04954608	11.37561357	-1.200656924	True	-0.008434027566	0.9997864158	-1.192477591	0.2033898305	1	-1	2.423109477	1.11875643	-3.23910219	0.001099945003	0.05364731763	-1	True	False
KEGG_CHEMOKINE_SIGNALING_PATHWAY	hsa04062	Chemokine signaling pathway	Organismal Systems	Immune system	115	1395	1308	87	38	49	0.0623655914	0.4367816092	26	25	8	40	84	59	-10.47393337	15.08326634	-2.696883009	True	-0.0005235635462	0.9956827295	-2.708050833	0.008949552522	0.2958352082	-1	-0.5757712871	1.015417729	-2.088905541	0.0405479726	0.8457577121	-1	True	False
KEGG_CITRATE_CYCLE_TCA_CYCLE	hsa00020	Citrate cycle (TCA cycle)	Metabolism	Carbohydrate metabolism	21	176	165	11	6	5	0.0625	0.5454545455	4	5	0	9	11	9	0.08910563121	1.761157405	0.06714382287	False													False	False
KEGG_COMPLEMENT_AND_COAGULATION_CASCADES	hsa04610	Complement and coagulation cascades	Organismal Systems	Immune system	16	166	162	4	1	3	0.02409638554	0.25	1	1	0	2	4	4	-1.465454545	0.8815338843	-1.560820093	False													False	False
KEGG_CYSTEINE_AND_METHIONINE_METABOLISM	hsa00270	Cysteine and methionine metabolism	Metabolism	Amino acid metabolism	23	265	255	10	8	2	0.03773584906	0.8	6	2	1	6	9	9	3.788790236	1.453977513	3.1421124	False													False	False
KEGG_CYTOKINE_CYTOKINE_RECEPTOR_INTERACTION	hsa04060	Cytokine-cytokine receptor interaction	Environmental Information Processing	Signaling molecules and interaction	120	1288	1179	109	75	34	0.08462732919	0.6880733945	30	21	4	43	104	52	5.924644905	15.43100643	1.508221751	True	0.0015897495	0.992713232	1.517691065	0.1550422479	0.998700065	1	-2.056180784	1.173426084	3.037602951	0.002149892505	0.1059447028	1	True	False
KEGG_CYTOSOLIC_DNA_SENSING_PATHWAY	hsa04623	Cytosolic DNA-sensing pathway	Organismal Systems	Immune system	27	234	213	21	14	7	0.08974358974	0.6666666667	8	5	3	9	20	19	2.825159429	3.382778071	1.536053024	False													False	False
KEGG_DNA_REPLICATION	hsa03030	DNA replication	Genetic Information Processing	Replication and repair	32	226	210	16	5	11	0.07079646018	0.3125	4	8	2	8	14	12	0.02976190476	2.214675454	0.01999888009	False													False	False
KEGG_DRUG_METABOLISM_OTHER_ENZYMES	hsa00983	Drug metabolism - other enzymes	Metabolism	Xenobiotics biodegradation and metabolism	15	198	185	13	3	10	0.06565656566	0.2307692308	3	5	2	6	13	13	-1.576814852	1.927495249	-1.135753395	False													False	False
KEGG_ECM_RECEPTOR_INTERACTION	hsa04512	ECM-receptor interaction	Environmental Information Processing	Signaling molecules and interaction	29	293	272	21	8	13	0.07167235495	0.380952381	4	6	0	9	18	15	-0.4907467532	3.559396454	-0.2601173095	False													False	False
KEGG_ENDOCYTOSIS	hsa04144	Endocytosis	Cellular Processes	Transport and catabolism	123	1213	1130	83	48	35	0.06842539159	0.578313253	20	26	7	36	79	41	-7.923404263	13.25329282	-2.176456132	True	1.25634124e-05	0.9955192716	-2.186264754	0.03689815509	0.7608119594	-1	-2.467267257	1.110838238	0.2617943053	0.7540122994	1	1	False	False
KEGG_ERBB_SIGNALING_PATHWAY	hsa04012	ErbB signaling pathway	Environmental Information Processing	Signal transduction	58	665	629	36	19	17	0.05413533835	0.5277777778	10	13	2	19	34	29	-2.492664099	6.058232349	-1.012723286	True	-0.007521935814	1.002867965	-1.002326712	0.393280336	1	-1	0.2042929193	1.020015763	-1.193134704	0.2915354232	1	-1	True	False
KEGG_ETHER_LIPID_METABOLISM	hsa00565	Ether lipid metabolism	Metabolism	Lipid metabolism	18	159	154	5	4	1	0.03144654088	0.8	1	1	0	2	5	5	0.3296703297	0.594614177	0.4275257058	False													False	False
KEGG_FATTY_ACID_METABOLISM	hsa00071	Fatty acid degradation	Metabolism	Lipid metabolism	30	285	279	6	1	5	0.02105263158	0.1666666667	1	3	0	4	6	6	-1.977527151	1.151458213	-1.842885548	False													False	False
KEGG_FC_EPSILON_RI_SIGNALING_PATHWAY	hsa04664	Fc epsilon RI signaling pathway	Organismal Systems	Immune system	58	638	605	33	22	11	0.05172413793	0.6666666667	12	9	1	18	31	26	0.4369352869	5.549191636	0.1854822085	True	-0.01148916762	1.00533003	0.1959270789	0.9143042848	1	1	-0.6875382301	1.033224208	0.8449477196	0.3583320834	1	1	True	False
KEGG_FC_GAMMA_R_MEDIATED_PHAGOCYTOSIS	hsa04666	Fc gamma R-mediated phagosome formation	Organismal Systems	Immune system	68	793	744	49	30	19	0.06179066835	0.612244898	16	8	2	19	44	31	1.512156995	7.116714685	0.5668355832	True	-0.005845074342	1.001440306	0.5718570086	0.5211739413	1	1	-0.1761592336	1.083691531	0.6856146748	0.5770711464	1	1	True	False
KEGG_FOCAL_ADHESION	hsa04510	Focal adhesion	Cellular Processes	Cellular community - eukaryotes	107	1267	1204	63	34	29	0.04972375691	0.5396825397	22	18	2	36	61	42	-0.3426343605	10.45900476	-0.105946285	True	-0.001943192891	0.9944445536	-0.1045841035	0.8775561222	1	-1	0.215679451	1.084878214	-0.2964625262	0.6839658017	1	-1	True	False
KEGG_FRUCTOSE_AND_MANNOSE_METABOLISM	hsa00051	Fructose and mannose metabolism	Metabolism	Carbohydrate metabolism	24	281	256	25	8	17	0.08896797153	0.32	5	8	2	10	23	16	-4.161865259	3.257743972	-2.305841975	True	-0.006933960512	0.9990326982	-2.301133906	0.01064946753	0.6494675266	-1	0.368373085	1.267195485	-2.110341374	0.02659867007	0.8199090045	-1	True	False
KEGG_GALACTOSE_METABOLISM	hsa00052	Galactose metabolism	Metabolism	Carbohydrate metabolism	18	162	153	9	4	5	0.05555555556	0.4444444444	2	4	1	3	6	6	0.1777777778	0.915696649	0.1857811559	False													False	False
KEGG_GAP_JUNCTION	hsa04540	Gap junction	Cellular Processes	Cellular community - eukaryotes	46	489	453	36	18	18	0.0736196319	0.5	12	13	5	17	31	26	0.8253746254	4.870309969	0.3740010417	True	0.0002377228844	0.9963552433	0.3751305785	0.786460677	1	1	-0.05241584764	1.091464517	0.390683236	0.7673616319	1	1	True	False
KEGG_GLUTATHIONE_METABOLISM	hsa00480	Glutathione metabolism	Metabolism	Metabolism of other amino acids	31	438	420	18	12	6	0.04109589041	0.6666666667	7	6	1	11	17	17	4.66245728	2.705328207	2.834685519	True	-0.01127362203	1.004022989	2.834555756	0.005799710014	0.1993900305	1	1.519257791	1.083833393	1.213680754	0.2540372981	1	1	True	False
KEGG_GLYCEROLIPID_METABOLISM	hsa00561	Glycerolipid metabolism	Metabolism	Lipid metabolism	32	342	327	15	8	7	0.04385964912	0.5333333333	5	5	2	7	14	13	-2.171446969	2.286205143	-1.436122971	False													False	False
KEGG_GLYCEROPHOSPHOLIPID_METABOLISM	hsa00564	Glycerophospholipid metabolism	Metabolism	Lipid metabolism	49	439	418	21	13	8	0.04783599089	0.619047619	8	6	3	10	20	18	-1.099832034	3.213687702	-0.6135140735	True	0.00550460052	1.004839137	-0.6160375835	0.5806709665	1	-1	-0.882553189	1.182153533	0.2275839034	0.9829508525	1	1	False	False
KEGG_GLYCINE_SERINE_AND_THREONINE_METABOLISM	hsa00260	Glycine, serine and threonine metabolism	Metabolism	Amino acid metabolism	17	180	166	14	13	1	0.07777777778	0.9285714286	6	1	0	5	11	10	5.547527707	2.091252962	3.836155432	False													False	False
KEGG_GLYCOLYSIS_GLUCONEOGENESIS	hsa00010	Glycolysis / Gluconeogenesis	Metabolism	Carbohydrate metabolism	30	344	311	33	18	15	0.09593023256	0.5454545455	10	7	4	12	31	25	1.479028653	4.711045821	0.6814247811	True	0.002455041018	1.00369326	0.6764713558	0.6369181541	1	1	-0.9121752963	1.164814286	1.368115155	0.216239188	0.9999500025	1	True	False
KEGG_GLYCOSAMINOGLYCAN_BIOSYNTHESIS_CHONDROITIN_SULFATE	hsa00532	Glycosaminoglycan biosynthesis - chondroitin sulfate / dermatan sulfate	Metabolism	Glycan biosynthesis and metabolism	16	195	190	5	2	3	0.02564102564	0.4	2	3	0	3	3	2	-1.927777778	0.478117284	-2.787980603	False													False	False
KEGG_GLYCOSAMINOGLYCAN_BIOSYNTHESIS_HEPARAN_SULFATE	hsa00534	Glycosaminoglycan biosynthesis - heparan sulfate / heparin	Metabolism	Glycan biosynthesis and metabolism	15	107	104	3	1	2	0.02803738318	0.3333333333	1	2	0	3	3	3	-1.35	0.5075	-1.895028497	False													False	False
KEGG_GLYCOSAMINOGLYCAN_DEGRADATION	hsa00531	Glycosaminoglycan degradation	Metabolism	Glycan biosynthesis and metabolism	16	198	190	8	5	3	0.0404040404	0.625	5	2	0	6	7	7	-0.7672274808	1.188715568	-0.7036961499	False													False	False
KEGG_GLYCOSYLPHOSPHATIDYLINOSITOL_GPI_ANCHOR_BIOSYNTHESIS	hsa00563	Glycosylphosphatidylinositol (GPI)-anchor biosynthesis	Metabolism	Glycan biosynthesis and metabolism	22	169	166	3	1	2	0.01775147929	0.3333333333	1	2	0	3	3	3	-0.5333333333	0.7377777778	-0.6209204206	False													False	False
KEGG_GNRH_SIGNALING_PATHWAY	hsa04912	GnRH signaling pathway	Organismal Systems	Endocrine system	58	608	572	36	17	19	0.05921052632	0.4722222222	10	11	2	18	35	33	-1.262859363	5.063327416	-0.5612249664	True	-0.001426266943	1.001017041	-0.5592299397	0.5782710864	1	-1	-1.107646981	1.113067761	0.4909153188	0.6909154542	1	1	False	False
KEGG_HEDGEHOG_SIGNALING_PATHWAY	hsa04340	Hedgehog signaling pathway	Environmental Information Processing	Signal transduction	16	113	108	5	3	2	0.04424778761	0.6	3	2	2	2	4	4	-0.75	0.7570488722	-0.8619841993	False													False	False
KEGG_HEMATOPOIETIC_CELL_LINEAGE	hsa04640	Hematopoietic cell lineage	Organismal Systems	Immune system	42	661	626	35	22	13	0.05295007564	0.6285714286	10	9	2	15	33	27	-0.1777903653	5.559767471	-0.07540148653	True	0.0001525222962	0.9983929857	-0.07567562063	0.9789510524	1	-1	-1.279070362	1.12189197	1.072891961	0.3462326884	1	1	False	False
KEGG_HOMOLOGOUS_RECOMBINATION	hsa03440	Homologous recombination	Genetic Information Processing	Replication and repair	22	136	131	5	3	2	0.03676470588	0.6	3	2	0	5	5	5	0.3261904762	1.022171202	0.3226334975	False													False	False
KEGG_INOSITOL_PHOSPHATE_METABOLISM	hsa00562	Inositol phosphate metabolism	Metabolism	Carbohydrate metabolism	38	346	335	11	9	2	0.03179190751	0.8181818182	7	2	0	8	9	7	1.192141192	1.788380488	0.8914515265	False													False	False
KEGG_INSULIN_SIGNALING_PATHWAY	hsa04910	Insulin signaling pathway	Organismal Systems	Endocrine system	96	984	917	67	36	31	0.06808943089	0.5373134328	19	20	6	30	63	47	1.630627852	10.10161526	0.5130497072	True	-0.001831841329	1.002613302	0.5135395146	0.6214689266	1	1	0.7996019211	1.062859012	-0.2696051034	0.8824558772	1	-1	False	False
KEGG_INTESTINAL_IMMUNE_NETWORK_FOR_IGA_PRODUCTION	hsa04672	Intestinal immune network for IgA production	Organismal Systems	Immune system	20	256	242	14	8	6	0.0546875	0.5714285714	4	4	1	5	11	10	-0.1322790113	2.079647182	-0.09172677178	False													False	False
KEGG_JAK_STAT_SIGNALING_PATHWAY	hsa04630	JAK-STAT signaling pathway	Environmental Information Processing	Signal transduction	89	1026	941	85	64	21	0.0828460039	0.7529411765	21	17	3	29	73	43	6.007293269	10.728215	1.834066592	True	-0.008123212032	1.000234671	1.841757596	0.05054747263	0.9567021649	1	-1.033632989	1.189388623	2.411070297	0.01594920254	0.5597720114	1	True	False
KEGG_LEUKOCYTE_TRANSENDOTHELIAL_MIGRATION	hsa04670	Leukocyte transendothelial migration	Organismal Systems	Immune system	69	1013	973	40	18	22	0.03948667325	0.45	16	12	3	24	39	28	-2.113289331	5.971414319	-0.8648093133	True	-0.006215843207	1.008019709	-0.8517625817	0.3469826509	1	-1	0.5880392007	1.152725677	-1.260359288	0.194640268	1	-1	True	False
KEGG_LONG_TERM_DEPRESSION	hsa04730	Long-term depression	Organismal Systems	Nervous system	31	273	256	17	12	5	0.06227106227	0.7058823529	6	3	0	8	16	14	0.9215367965	2.557098253	0.5762871997	False													False	False
KEGG_LONG_TERM_POTENTIATION	hsa04720	Long-term potentiation	Organismal Systems	Nervous system	41	450	415	35	18	17	0.07777777778	0.5142857143	11	8	2	17	35	32	-0.5686652237	5.001466563	-0.2542775306	True	0.0002614815821	0.9940478138	-0.2560631477	0.814859257	1	-1	-0.8398849393	1.117920753	0.5238362445	0.6318684066	1	1	False	False
KEGG_LYSINE_DEGRADATION	hsa00310	Lysine degradation	Metabolism	Amino acid metabolism	35	239	231	8	1	7	0.03347280335	0.125	1	4	0	3	5	5	-1.058479532	1.045313088	-1.035283448	False													False	False
KEGG_LYSOSOME	hsa04142	Lysosome biogenesis	Cellular Processes	Transport and catabolism	105	1181	1121	60	35	25	0.05080440305	0.5833333333	20	19	4	30	52	34	-13.59821248	6.608056166	-5.289869524	True	-0.004906407497	1.001626726	-5.276379894	4.999750012e-05	4.999750012e-05	-1	-5.148113506	1.282691173	-0.1105145347	0.9526023699	1	-1	True	False
KEGG_MAPK_SIGNALING_PATHWAY	hsa04010	MAPK signaling pathway	Environmental Information Processing	Signal transduction	157	1796	1683	113	58	55	0.06291759465	0.5132743363	28	37	7	52	104	71	-9.590363087	16.16681285	-2.385189255	True	0.001252714988	0.9994798486	-2.387683927	0.01789910504	0.5796710164	-1	-1.658368277	1.089292917	-0.6672410761	0.5585220739	1	-1	True	False
KEGG_MELANOGENESIS	hsa04916	Melanogenesis	Organismal Systems	Endocrine system	47	455	421	34	17	17	0.07472527473	0.5	8	9	1	14	32	30	0.2580274798	4.588822284	0.1204523677	True	0.007668674805	0.9997610382	0.1128106503	0.9995500225	1	1	0.06233328754	1.114458601	0.05215005754	0.998100095	1	1	True	False
KEGG_METABOLISM_OF_XENOBIOTICS_BY_CYTOCHROME_P450	hsa00980	Metabolism of xenobiotics by cytochrome P450	Metabolism	Xenobiotics biodegradation and metabolism	16	166	163	3	2	1	0.01807228916	0.6666666667	1	1	0	2	3	3	0.2916666667	0.5399305556	0.396933584	False													False	False
KEGG_MISMATCH_REPAIR	hsa03430	Mismatch repair	Genetic Information Processing	Replication and repair	19	112	99	13	5	8	0.1160714286	0.3846153846	4	5	1	7	12	10	0.882034632	1.803647561	0.6567646939	False													False	False
KEGG_MTOR_SIGNALING_PATHWAY	hsa04150	mTOR signaling pathway	Environmental Information Processing	Signal transduction	36	378	338	40	32	8	0.1058201058	0.8	9	6	2	12	39	33	3.521311189	4.354356162	1.687494757	True	-0.0003540556175	0.9992369825	1.689137654	0.09934503275	0.9907504625	1	-2.024809392	1.359630188	2.73037785	0.007299635018	0.2578371081	1	True	False
KEGG_NATURAL_KILLER_CELL_MEDIATED_CYTOTOXICITY	hsa04650	Natural killer cell mediated cytotoxicity	Organismal Systems	Immune system	81	1012	960	52	33	19	0.05138339921	0.6346153846	21	14	2	32	51	36	-1.302865193	9.114164672	-0.4315598626	True	-0.008236323461	0.9997778665	-0.4234175943	0.6761161942	1	-1	-0.7014037758	1.042429706	0.2588605368	0.8591570421	1	1	False	False
KEGG_NEUROACTIVE_LIGAND_RECEPTOR_INTERACTION	hsa04080	Neuroactive ligand-receptor interaction	Environmental Information Processing	Signaling molecules and interaction	42	436	414	22	15	7	0.0504587156	0.6818181818	8	4	3	9	22	19	2.646285659	3.927833985	1.335242544	False													False	False
KEGG_NEUROTROPHIN_SIGNALING_PATHWAY	hsa04722	Neurotrophin signaling pathway	Organismal Systems	Nervous system	96	1128	1057	71	30	41	0.06294326241	0.4225352113	22	20	5	35	69	45	-5.098648476	10.52233548	-1.571806204	True	-0.003436840835	1.006234324	-1.55865222	0.1251937403	0.9978501075	-1	-0.2995850529	1.098233209	-1.158425316	0.2667366632	1	-1	True	False
KEGG_NICOTINATE_AND_NICOTINAMIDE_METABOLISM	hsa00760	Nicotinate and nicotinamide metabolism	Metabolism	Metabolism of cofactors and vitamins	16	128	124	4	2	2	0.03125	0.5	2	1	0	3	4	4	-0.08333333333	0.7486111111	-0.09631426607	False													False	False
KEGG_NOD_LIKE_RECEPTOR_SIGNALING_PATHWAY	hsa04621	NOD-like receptor signaling pathway	Organismal Systems	Immune system	38	443	414	29	19	10	0.06546275395	0.6551724138	8	6	3	11	29	27	3.9361206	4.683850193	1.818724421	True	0.0004946816956	0.9985451489	1.820878847	0.0801959902	0.9619519024	1	0.4437720735	1.072030253	1.282568606	0.2245387731	1	1	True	False
KEGG_NOTCH_SIGNALING_PATHWAY	hsa04330	Notch signaling pathway	Environmental Information Processing	Signal transduction	33	318	309	9	3	6	0.02830188679	0.3333333333	3	3	1	4	8	7	-1.937134503	1.589104918	-1.536680183	False													False	False
KEGG_NUCLEOTIDE_EXCISION_REPAIR	hsa03420	Nucleotide excision repair	Genetic Information Processing	Replication and repair	38	274	254	20	10	10	0.07299270073	0.5	8	6	1	10	17	16	0.5328571429	2.872820635	0.3143811773	True	-0.003240738946	1.000923516	0.317328858	0.6757162142	1	1	0.04770502584	1.0744644	0.2481944973	0.9006549673	1	1	True	False
KEGG_N_GLYCAN_BIOSYNTHESIS	hsa00510	N-Glycan biosynthesis	Metabolism	Glycan biosynthesis and metabolism	38	385	373	12	10	2	0.03116883117	0.8333333333	5	2	1	4	7	6	2.412207792	1.340019801	2.083814752	False													False	False
KEGG_OOCYTE_MEIOSIS	hsa04114	Oocyte meiosis	Cellular Processes	Cell growth and death	77	630	573	57	22	35	0.09047619048	0.3859649123	16	20	5	27	50	38	-1.312551338	7.476006277	-0.480044469	True	0.001718459961	1.001563528	-0.4810108552	0.588520574	1	-1	-0.3090821755	1.090459934	-0.1567799864	0.8657567122	1	-1	True	False
KEGG_OXIDATIVE_PHOSPHORYLATION	hsa00190	Oxidative phosphorylation	Metabolism	Energy metabolism	80	747	704	43	15	28	0.05756358768	0.3488372093	11	22	5	28	43	29	-10.27431411	7.556141533	-3.737685856	True	-0.01328344507	1.001197621	-3.719947324	0.0002499875006	0.01044947753	-1	-1.307554937	1.103516544	-2.202169903	0.03189840508	0.7450127494	-1	True	False
KEGG_O_GLYCAN_BIOSYNTHESIS	hsa00512	Mucin type O-glycan biosynthesis	Metabolism	Glycan biosynthesis and metabolism	15	146	142	4	3	1	0.02739726027	0.75	2	1	1	1	2	2	-0.6666666667	0.2525252525	-1.326649916	False													False	False
KEGG_P53_SIGNALING_PATHWAY	hsa04115	p53 signaling pathway	Cellular Processes	Cell growth and death	58	784	720	64	24	40	0.08163265306	0.375	11	21	1	28	58	42	-11.40888512	8.845204511	-3.836094239	True	-0.002331846509	1.001433743	-3.828273631	0.0004999750012	0.006299685016	-1	-1.710720617	1.163273492	-1.827062712	0.0800459977	0.9691015449	-1	True	False
KEGG_PENTOSE_PHOSPHATE_PATHWAY	hsa00030	Pentose phosphate pathway	Metabolism	Carbohydrate metabolism	16	201	186	15	10	5	0.07462686567	0.6666666667	5	3	2	6	15	14	1.105860806	2.007160837	0.7805655478	False													False	False
KEGG_PEROXISOME	hsa04146	Peroxisome	Cellular Processes	Transport and catabolism	54	512	493	19	10	9	0.037109375	0.5263157895	6	9	1	12	17	15	-2.639130022	2.249740075	-1.75952165	True	-0.003953576386	0.9949237945	-1.764525166	0.07444627769	0.9789010549	-1	-2.688875332	1.249312537	0.7438920643	0.599720014	1	1	False	False
KEGG_PHOSPHATIDYLINOSITOL_SIGNALING_SYSTEM	hsa04070	Phosphatidylinositol signaling system	Environmental Information Processing	Signal transduction	55	516	483	33	17	16	0.06395348837	0.5151515152	12	8	1	17	30	24	0.1682495665	4.383288606	0.08036258918	True	-0.00246004895	0.9918155307	0.08350609118	0.9458527074	1	1	-0.2451724109	1.138369613	0.285965996	0.7693615319	1	1	True	False
KEGG_PORPHYRIN_AND_CHLOROPHYLL_METABOLISM	hsa00860	Porphyrin metabolism	Metabolism	Metabolism of cofactors and vitamins	18	178	169	9	6	3	0.05056179775	0.6666666667	5	2	0	5	5	5	0.8304195804	1.126642637	0.7823561296	False													False	False
KEGG_PPAR_SIGNALING_PATHWAY	hsa03320	PPAR signaling pathway	Organismal Systems	Endocrine system	35	286	270	16	11	5	0.05594405594	0.6875	9	4	2	7	10	10	0.4488267771	1.698151948	0.3444216836	False													False	False
KEGG_PROGESTERONE_MEDIATED_OOCYTE_MATURATION	hsa04914	Progesterone-mediated oocyte maturation	Organismal Systems	Endocrine system	60	607	555	52	16	36	0.08566721582	0.3076923077	10	19	5	18	43	34	-4.486557741	6.28867804	-1.789095737	True	-0.001677912341	1.004142565	-1.780043877	0.1045947703	0.9754012299	-1	1.042496142	1.154774572	-2.452073287	0.01529923504	0.5060746963	-1	True	False
KEGG_PROPANOATE_METABOLISM	hsa00640	Propanoate metabolism	Metabolism	Carbohydrate metabolism	23	223	216	7	3	4	0.03139013453	0.4285714286	3	2	0	5	7	6	0.1890537154	1.27533167	0.1674070118	False													False	False
KEGG_PROTEASOME	hsa03050	Proteasome	Genetic Information Processing	Folding, sorting and degradation	36	370	317	53	13	40	0.1432432432	0.2452830189	8	13	1	20	53	36	-6.102421477	8.074828171	-2.147511782	True	0.004496908018	0.9999071633	-2.152208493	0.03454827259	0.8035098245	-1	3.536561406	1.186619829	-4.790138381	4.999750012e-05	0.0001499925004	-1	True	False
KEGG_PROTEIN_EXPORT	hsa03060	Protein export	Genetic Information Processing	Folding, sorting and degradation	20	347	337	10	5	5	0.0288184438	0.5	4	4	1	7	10	9	-1.458149634	1.750173207	-1.102202971	False													False	False
KEGG_PURINE_METABOLISM	hsa00230	Purine metabolism	Metabolism	Nucleotide metabolism	93	912	866	46	22	24	0.05043859649	0.4782608696	19	19	6	29	43	34	4.034680112	7.093997005	1.514828988	True	0.003446691939	1.005857722	1.502580596	0.1372431378	0.99880006	1	2.463971813	1.150447625	-0.8250204569	0.3535823209	1	-1	False	False
KEGG_PYRIMIDINE_METABOLISM	hsa00240	Pyrimidine metabolism	Metabolism	Nucleotide metabolism	65	690	650	40	21	19	0.05797101449	0.525	15	13	4	22	38	35	4.891209302	6.203885029	1.963741766	True	0.003175457537	0.9973930786	1.965690709	0.06729663517	0.9233538323	1	2.091895425	1.096022458	-0.1169261256	0.9370531473	1	-1	False	False
KEGG_PYRUVATE_METABOLISM	hsa00620	Pyruvate metabolism	Metabolism	Carbohydrate metabolism	28	295	279	16	8	8	0.05423728814	0.5	7	4	1	10	16	14	1.18349816	2.811815526	0.7057878449	True	-0.004742138466	1.000192272	0.7103933945	0.5451227439	1	1	0.5470971499	1.078762638	0.147104367	0.9952502375	1	1	True	False
KEGG_REGULATION_OF_ACTIN_CYTOSKELETON	hsa04810	Regulation of actin cytoskeleton	Cellular Processes	Cell motility	130	1611	1529	82	32	50	0.05090006207	0.3902439024	22	24	5	39	79	52	-4.40792405	13.00267933	-1.222412203	True	-0.009269208375	1.001025049	-1.211900738	0.2191890405	1	-1	1.820595252	1.062626914	-2.863664957	0.006599670016	0.1962901855	-1	True	False
KEGG_REGULATION_OF_AUTOPHAGY	hsa04140	Autophagy - animal	Cellular Processes	Transport and catabolism	17	106	101	5	4	1	0.04716981132	0.8	2	1	0	2	4	4	0.02380952381	0.5470521542	0.032191139	False													False	False
KEGG_RIG_I_LIKE_RECEPTOR_SIGNALING_PATHWAY	hsa04622	RIG-I-like receptor signaling pathway	Organismal Systems	Immune system	48	444	421	23	13	10	0.0518018018	0.5652173913	10	8	4	14	23	19	-0.6907269746	4.165117974	-0.3384486321	True	-0.009812997596	1.010335673	-0.3252737118	0.783460827	1	-1	-1.005789175	1.084652666	0.6152573669	0.5890705465	1	1	False	False
KEGG_RNA_DEGRADATION	hsa03018	RNA degradation	Genetic Information Processing	Folding, sorting and degradation	50	402	370	32	8	24	0.07960199005	0.25	7	16	2	18	29	23	-4.747340365	4.933297576	-2.137379864	True	0.004889298509	1.004190761	-2.133328891	0.0416479176	0.8260086996	-1	0.4530225444	1.105663196	-2.342849447	0.02349882506	0.6235688216	-1	True	False
KEGG_SELENOAMINO_ACID_METABOLISM	hsa00450	Selenocompound metabolism	Metabolism	Metabolism of other amino acids	16	134	125	9	7	2	0.0671641791	0.7777777778	4	2	0	5	8	8	2.433625731	1.247027778	2.179293506	False													False	False
KEGG_SNARE_INTERACTIONS_IN_VESICULAR_TRANSPORT	hsa04130	SNARE interactions in vesicular transport	Genetic Information Processing	Folding, sorting and degradation	30	308	294	14	10	4	0.04545454545	0.7142857143	9	4	2	8	10	10	-2.432084582	1.144999154	-2.272877826	False													False	False
KEGG_SPHINGOLIPID_METABOLISM	hsa00600	Sphingolipid metabolism	Metabolism	Lipid metabolism	27	196	181	15	9	6	0.07653061224	0.6	4	4	1	6	13	10	-2.385281385	1.891531102	-1.734334549	False													False	False
KEGG_SPLICEOSOME	hsa03040	Spliceosome	Genetic Information Processing	Transcription	84	635	595	40	23	17	0.06299212598	0.575	17	15	6	24	38	23	7.847886903	6.473304486	3.08453511	True	0.003198129983	0.9864032912	3.123810522	0.002099895005	0.08339583021	1	2.541943101	1.104793993	0.4911250533	0.7088645568	1	1	True	False
KEGG_STARCH_AND_SUCROSE_METABOLISM	hsa00500	Starch and sucrose metabolism	Metabolism	Carbohydrate metabolism	18	159	152	7	4	3	0.04402515723	0.5714285714	4	2	1	4	5	4	1.104460757	0.886881856	1.172782304	False													False	False
KEGG_TGF_BETA_SIGNALING_PATHWAY	hsa04350	TGF-beta signaling pathway	Environmental Information Processing	Signal transduction	41	434	406	28	15	13	0.06451612903	0.5357142857	8	10	3	14	27	24	0.8334626158	4.337636942	0.4001838197	True	-0.003138899483	0.9930902422	0.4061289721	0.6914154292	1	1	1.63934486	1.064698534	-1.163860943	0.2588370581	1	-1	False	False
KEGG_TIGHT_JUNCTION	hsa04530	Tight junction	Cellular Processes	Cellular community - eukaryotes	69	806	775	31	14	17	0.03846153846	0.4516129032	12	9	2	17	29	22	-1.182594298	4.925649245	-0.5328488579	True	-0.003444338688	1.004334526	-0.5271197052	0.6500674966	1	-1	-0.04843437337	1.092316064	-0.4434746503	0.6737163142	1	-1	True	False
KEGG_TOLL_LIKE_RECEPTOR_SIGNALING_PATHWAY	hsa04620	Toll-like receptor signaling pathway	Organismal Systems	Immune system	66	660	618	42	28	14	0.06363636364	0.6666666667	13	9	2	18	38	33	2.389908406	6.540534405	0.9344899596	True	-0.01078872625	1.000669396	0.9446463434	0.3961301935	1	1	-0.07542350051	1.03448729	0.9762454014	0.3188340583	1	1	True	False
KEGG_TRYPTOPHAN_METABOLISM	hsa00380	Tryptophan metabolism	Metabolism	Amino acid metabolism	19	177	171	6	3	3	0.03389830508	0.5	1	1	0	2	6	6	0.6526315789	1.216177285	0.5917927499	False													False	False
KEGG_TYROSINE_METABOLISM	hsa00350	Tyrosine metabolism	Metabolism	Amino acid metabolism	15	122	109	13	4	9	0.106557377	0.3076923077	3	3	2	4	13	13	1.24899447	1.370505525	1.066891168	False													False	False
KEGG_T_CELL_RECEPTOR_SIGNALING_PATHWAY	hsa04660	T cell receptor signaling pathway	Organismal Systems	Immune system	88	1045	976	69	48	21	0.06602870813	0.6956521739	27	17	4	35	55	39	0.5649269751	10.00410504	0.1786089392	True	-0.00652023493	0.9994338799	0.1852340389	0.8610569472	1	1	-0.8242597148	1.055998974	0.9496871482	0.3718314084	1	1	True	False
KEGG_UBIQUITIN_MEDIATED_PROTEOLYSIS	hsa04120	Ubiquitin mediated proteolysis	Genetic Information Processing	Folding, sorting and degradation	112	970	922	48	24	24	0.04948453608	0.5	15	17	4	25	44	32	-3.087331002	7.408714895	-1.134257743	True	0.01824794464	0.998711234	-1.153992915	0.2649367532	1	-1	-1.479954341	1.098632091	0.3146609321	0.8537073146	1	1	False	False
KEGG_VALINE_LEUCINE_AND_ISOLEUCINE_DEGRADATION	hsa00280	Valine, leucine and isoleucine degradation	Metabolism	Amino acid metabolism	37	325	312	13	8	5	0.04	0.6153846154	5	3	0	8	13	13	1.0821834	2.426382925	0.6947382289	False													False	False
KEGG_VASCULAR_SMOOTH_MUSCLE_CONTRACTION	hsa04270	Vascular smooth muscle contraction	Organismal Systems	Circulatory system	58	528	492	36	19	17	0.06818181818	0.5277777778	9	8	1	15	35	33	0.9860522518	4.873586594	0.4466584821	True	-0.009103807297	0.9927951001	0.4590698417	0.5286235688	1	1	0.01325058219	1.146633159	0.377983051	0.7224638768	1	1	True	False
KEGG_VASOPRESSIN_REGULATED_WATER_REABSORPTION	hsa04962	Vasopressin-regulated water reabsorption	Organismal Systems	Excretory system	29	357	329	28	12	16	0.07843137255	0.4285714286	7	9	4	11	27	22	-3.110027473	3.727699238	-1.610808056	True	0.01567935703	1.002774898	-1.621986566	0.09734513274	0.995300235	-1	0.4396910504	1.200802058	-1.707607921	0.1238938053	0.99080046	-1	True	False
KEGG_VEGF_SIGNALING_PATHWAY	hsa04370	VEGF signaling pathway	Environmental Information Processing	Signal transduction	52	650	626	24	14	10	0.03692307692	0.5833333333	9	8	0	16	23	19	-1.109926185	4.088313436	-0.5489363688	True	-0.002461072566	1.002616491	-0.5450491798	0.5743212839	1	-1	-0.5689417317	1.022841611	0.01955861268	0.9785010749	1	1	False	False
KEGG_WNT_SIGNALING_PATHWAY	hsa04310	Wnt signaling pathway	Environmental Information Processing	Signal transduction	81	753	724	29	16	13	0.0385126162	0.5517241379	15	11	3	20	26	23	-0.7440144964	4.699527376	-0.3432055526	True	-0.002958935353	0.9920011296	-0.342990151	0.788560572	1	-1	-0.437815885	1.058427522	0.08938763441	0.8912554372	1	1	False	False
