term	kegg_id	kegg_display_name	category	subcategory	background_size	query_size	term_background_size	query_overlap	overlap_targets	odds_ratio	odds_ratio_is_infinite	fisher_p_greater	hypergeom_p_greater	fisher_bh_q	conventional_BH_descriptive	regulator_observed_z	regulator_null_overlap_mean	regulator_null_overlap_sd	regulator_null_overlap_q025	regulator_null_overlap_q975	regulator_null_z_mean	regulator_null_z_sd	regulator_marginal_exceedances	regulator_marginal_p	regulator_marginal_bh_q	regulator_maxT_exceedances	regulator_maxT_p	regulator_global_gate	regulator_maxT_term	degree_null_exact_mean	degree_null_exact_sd	degree_null_mc_mean	degree_null_mc_sd	degree_null_q025	degree_null_q975	degree_observed_z	degree_null_z_mean	degree_null_z_sd	degree_exceedances	degree_permutation_p_greater	degree_permutation_bh_q	exact_degree_sensitivity	joint_sensitivity_supported
KEGG_P53_SIGNALING_PATHWAY	hsa04115	p53 signaling pathway	Cellular Processes	Cell growth and death	9554	2577	58	31	ATM;ATR;BAX;BBC3;CASP9;CCNB1;CCNB2;CCNE2;CCNG1;CDK1;CDK2;CDK4;CDKN1A;COP1;CYCS;DDB2;EI24;FAS;GADD45A;GTSE1;MDM4;PMAIP1;PPM1D;PTEN;RCHY1;RRM2;SESN2;SHISA5;TNFRSF10B;TP53;ZMAT3	3.13418288674	False	1.6675923131e-05	1.6675923131e-05	0.00188437931381	True	4.55667196634	27.47995	3.18703592661	21	34	2.33692491923	0.892046432879	107	0.0053997300135	0.152542372881	3687	0.184390780461	False	False	19.351518164	3.34987430095	19.3669	3.3347840095	13	26	4.55667196634	1.10464112886	0.98957090003	11	0.0005999700015	0.0263653483992	True	False
KEGG_CELL_CYCLE	hsa04110	Cell cycle	Cellular Processes	Cell growth and death	9554	2577	109	48	ANAPC11;ATM;ATR;BUB1;CCNA2;CCNB1;CCNB2;CCNE2;CDC20;CDC25B;CDC25C;CDC45;CDK1;CDK2;CDK4;CDK7;CDKN1A;CDKN2C;CDKN2D;E2F4;GADD45A;HDAC1;HDAC2;MAD1L1;MAD2L1;MCM2;MCM3;MCM5;MYC;ORC3;ORC6;PCNA;PRKDC;PTTG1;RAD21;RB1;RBL2;RBX1;SKP2;SMAD3;TFDP1;TGFB1;TP53;YWHAE;YWHAH;YWHAQ;YWHAZ;ZBTB17	2.15187756451	False	8.59574163834e-05	8.59574163834e-05	0.00485659402566	True	4.03691004272	42.0104	4.42835091654	33	51	1.23871366888	0.905244008543	19	0.0009999500025	0.0508474576271	9453	0.472676366182	False	False	30.1544522447	4.47719539157	30.14925	4.44474683615	22	39	4.03691004272	0.162498118267	0.964709053858	2	0.000149992500375	0.0169491525424	True	False
KEGG_T_CELL_RECEPTOR_SIGNALING_PATHWAY	hsa04660	T cell receptor signaling pathway	Organismal Systems	Immune system	9554	2577	88	40	AKT2;CARD11;CBL;CD28;CD3D;CD3G;CD4;CDK4;CSF2;CTLA4;FYN;IFNG;IL2;ITK;JUN;KRAS;LAT;LCK;LCP2;MAP2K1;MAP3K8;MAPK1;MAPK11;NCK2;NFAT5;NFATC2;NFATC3;NFKB1;NFKBIA;PIK3CD;PIK3CG;PIK3R2;PPP3CA;PRKCQ;PTPRC;RAF1;RASGRP1;SOS2;VAV1;ZAP70	2.27598213113	False	0.000142137416047	0.000142137416047	0.00535384267109	True	3.92428038051	39.74365	4.14469958833	32	48	2.43892716806	0.942362212174	1106	0.0553472326384	0.546028580924	10948	0.547422628869	False	False	29.0108301396	4.24095594076	29.01165	4.25151905529	21	38	3.92428038051	1.27290357329	1.02584819547	153	0.00769961501925	0.124293785311	False	False
KEGG_PROTEASOME	hsa03050	Proteasome	Genetic Information Processing	Folding, sorting and degradation	9554	2577	36	20	IFNG;POMP;PSMA3;PSMA5;PSMA7;PSMB1;PSMB10;PSMB6;PSMB8;PSMB9;PSMC1;PSMC2;PSMC6;PSMD1;PSMD11;PSMD3;PSMD8;PSME1;PSME2;PSME4	3.40291357059	False	0.000265273365983	0.000265273365983	0.00749397258901	True	3.8711774411	14.43245	2.58345446979	10	19	0.907080613385	0.916144390686	26	0.00134993250337	0.0508474576271	11889	0.594470276486	False	False	10.8852596648	2.61246056669	10.8742	2.60633350897	6	16	3.8711774411	0.43788813308	0.980549318361	13	0.00069996500175	0.0263653483992	True	False
KEGG_ANTIGEN_PROCESSING_AND_PRESENTATION	hsa04612	Antigen processing and presentation	Organismal Systems	Immune system	9554	2577	32	17	CANX;CD4;CTSB;CTSS;HSP90AA1;HSPA1B;HSPA4;HSPA5;HSPA8;LGMN;LTA;NFYC;PSME1;PSME2;TAP1;TAP2;TAPBP	3.08213541667	False	0.00149356503041	0.00149356503041	0.0337545696873	True	3.33871567582	15.5942	2.42646375617	11	20	1.89643872506	0.913090043909	1048	0.0524473776311	0.546028580924	17932	0.896605169742	False	False	11.4742134886	2.5893162786	11.4824	2.58354218855	7	17	3.33871567582	1.13743870414	1.03071841471	543	0.027198640068	0.341494036409	False	False
KEGG_CYTOKINE_CYTOKINE_RECEPTOR_INTERACTION	hsa04060	Cytokine-cytokine receptor interaction	Environmental Information Processing	Signaling molecules and interaction	9554	2577	120	47	ACVR1;ACVR2B;CCL1;CCL3;CCL4;CCL5;CCR1;CCR4;CCR5;CCR7;CSF2;CXCR4;CXCR6;FAS;FLT3LG;IFNG;IL10RA;IL13;IL18RAP;IL1RAP;IL2;IL21R;IL23A;IL2RA;IL2RB;IL3;IL4R;LIF;LTA;LTB;OSM;PLEKHO2;TGFB1;TGFBR1;TGFBR2;TNFRSF10B;TNFRSF14;TNFRSF18;TNFRSF1A;TNFRSF1B;TNFRSF8;TNFRSF9;TNFSF10;TNFSF13B;TNFSF14;TNFSF8;VEGFB	1.75693323948	False	0.00230949383735	0.00230949383735	0.04349546727	True	3.02859162749	48.6677	4.41957879328	40	57	1.77285857592	0.862259278833	1440	0.0720463976801	0.546028580924	19503	0.975151242438	False	False	34.3970979776	4.64819638006	34.44345	4.64602002767	26	44	3.02859162749	0.429657174491	0.96162572675	118	0.00594970251487	0.124293785311	False	False
KEGG_APOPTOSIS	hsa04210	Apoptosis	Cellular Processes	Cell growth and death	9554	2577	73	31	AKT2;ATM;BAX;BCL2;BCL2L1;BIRC3;CAPN2;CASP10;CASP6;CASP9;CYCS;ENDOD1;ENDOG;FAS;IL1RAP;IL3;IRAK1;MYD88;NFKB1;NFKBIA;PIK3CD;PIK3CG;PIK3R2;PPP3CA;PRKACA;PRKAR1A;TNFRSF10B;TNFRSF1A;TNFSF10;TP53;TRADD	2.0104832978	False	0.00294555987184	0.00294555987184	0.0475497522169	True	2.99382660835	31.89655	3.66396617035	25	39	1.95159013836	0.914134968458	2524	0.126243687816	0.642102677475	19596	0.97980100995	False	False	22.9577492433	3.7702341043	22.98455	3.77334219194	16	31	2.99382660835	0.872033858688	0.998852229741	519	0.025998700065	0.341494036409	False	False
KEGG_MAPK_SIGNALING_PATHWAY	hsa04010	MAPK signaling pathway	Environmental Information Processing	Signal transduction	9554	2577	157	58	AKT2;ARRB2;ATF2;ATF4;CDC25B;CRKL;DDIT3;DUSP10;DUSP4;DUSP5;DUSP6;DUSP7;ECSIT;FAS;FLNA;FLNB;GADD45A;HSPA1B;HSPA8;JUN;JUND;KRAS;MAP2K1;MAP3K11;MAP3K13;MAP3K2;MAP3K3;MAP3K8;MAP4K4;MAPK1;MAPK11;MAPK7;MKNK1;MKNK2;MYC;NFATC2;NFKB1;PPM1A;PPP3CA;PPP5C;PRKACA;PTPN7;RAC3;RAF1;RAP1A;RAPGEF2;RASA2;RASGRP1;RASGRP2;RELB;SOS2;STK4;STMN1;TGFB1;TGFBR1;TGFBR2;TNFRSF1A;TP53	1.59965675011	False	0.00373872391288	0.00373872391288	0.0528094752695	True	2.83791881481	66.2367	5.3261123824	56	77	2.47044782605	0.908494179607	6802	0.34013299335	0.966822935449	19853	0.992650367482	False	False	49.9831196297	5.54264929182	49.95625	5.55815940195	39	61	2.83791881481	1.37951537604	1.0077437495	1804	0.0902454877256	0.623979912116	False	False
KEGG_NATURAL_KILLER_CELL_MEDIATED_CYTOTOXICITY	hsa04650	Natural killer cell mediated cytotoxicity	Organismal Systems	Immune system	9554	2577	81	33	CD48;CSF2;FAS;FYN;HCST;ICAM1;ICAM2;IFNG;ITGAL;ITGB2;KRAS;LAT;LCK;LCP2;MAP2K1;MAPK1;NCR3;NFAT5;NFATC2;NFATC3;PIK3CD;PIK3CG;PIK3R2;PPP3CA;PTPN11;RAC3;RAF1;SHC4;SOS2;TNFRSF10B;TNFSF10;VAV1;ZAP70	1.87251867138	False	0.0048299884463	0.0048299884463	0.0606431882702	True	2.80365850339	37.9396	4.00240575654	30	46	2.66116471146	0.948193883651	8919	0.445977701115	0.985822406993	19887	0.994350282486	False	False	26.6704784735	4.09431597837	26.65935	4.12422205725	19	35	2.80365850339	1.20957503458	1.03685808287	1577	0.0788960551972	0.623979912116	False	False
KEGG_OOCYTE_MEIOSIS	hsa04114	Oocyte meiosis	Cellular Processes	Cell growth and death	9554	2577	77	31	ANAPC11;BUB1;CALM1;CALM2;CALM3;CAMK2D;CCNB1;CCNB2;CCNE2;CDC20;CDC25C;CDK1;CDK2;FBXO5;ITPR1;MAD2L1;MAP2K1;MAPK1;PPP1CC;PPP2R1B;PPP2R5A;PPP2R5D;PPP3CA;PRKACA;PTTG1;RBX1;SGO1;YWHAE;YWHAH;YWHAQ;YWHAZ	1.83459988388	False	0.00757837682025	0.00757837682025	0.0778505982444	True	2.63749755773	29.03165	3.81353487954	22	37	0.882295747859	0.926322986393	556	0.0278486075696	0.449556093624	19971	0.998550072496	False	False	20.991301525	3.77725889247	20.96845	3.76318410359	14	29	2.63749755773	0.0513649256198	0.970148502566	132	0.00664966751662	0.124293785311	False	False
KEGG_JAK_STAT_SIGNALING_PATHWAY	hsa04630	JAK-STAT signaling pathway	Environmental Information Processing	Signal transduction	9554	2577	89	35	AKT2;BCL2L1;CBL;CISH;CSF2;IFNG;IL10RA;IL13;IL2;IL21R;IL23A;IL2RA;IL2RB;IL3;IL4R;IRF9;JAK2;LIF;MYC;OSM;PIAS1;PIK3CD;PIK3CG;PIK3R2;PIM1;PTPN11;SOCS1;SOCS2;SOS2;SPRY1;STAT2;STAT4;STAT5A;STAT5B;STAT6	1.76519654981	False	0.00730588216544	0.00730588216544	0.0778505982444	True	2.63794243914	39.70925	3.97668384933	32	47	2.34281889802	0.899687540363	7386	0.369331533423	0.966822935449	19971	0.998550072496	False	False	27.2194355954	4.1205347334	27.28055	4.12108501459	19	35	2.63794243914	0.785713773676	0.988825861539	857	0.0428978551072	0.412900188324	False	False
KEGG_GAP_JUNCTION	hsa04540	Gap junction	Cellular Processes	Cellular community - eukaryotes	9554	2577	46	20	CDK1;CSNK1D;GNAI2;GNAI3;ITPR1;KRAS;MAP2K1;MAP3K2;MAPK1;MAPK7;PLCB2;PRKACA;RAF1;SOS2;TUBA1A;TUBA1B;TUBA1C;TUBA4A;TUBB;TUBB4B	2.09109232574	False	0.0114085638182	0.0114085638182	0.0920834079613	True	2.52825219456	18.5265	2.96937666018	13	24	1.05262528199	0.931846663581	937	0.0468976551172	0.546028580924	19988	0.999400029999	False	False	14.1699250577	3.03047269249	14.1544	3.02994399948	8	20	2.52825219456	0.581686133648	1.00896163882	810	0.0405479726014	0.412900188324	False	False
KEGG_NEUROTROPHIN_SIGNALING_PATHWAY	hsa04722	Neurotrophin signaling pathway	Organismal Systems	Nervous system	9554	2577	96	37	AKT2;ARHGDIA;ARHGDIB;ATF4;BAX;BCL2;CALM1;CALM2;CALM3;CAMK2D;CAMK4;CRKL;IRAK1;JUN;KRAS;MAP2K1;MAP3K3;MAPK1;MAPK11;MAPK7;NFKB1;NFKBIA;PIK3CD;PIK3CG;PIK3R2;PTPN11;RAF1;RAP1A;RAPGEF1;SH2B3;SHC4;SOS2;TP53;YWHAE;YWHAH;YWHAQ;YWHAZ	1.70803416522	False	0.00861802200829	0.00861802200829	0.0786346066215	True	2.56674656501	43.3234	4.31898280154	35	52	2.54117873389	0.940144481379	9679	0.48397580121	0.994350282486	19988	0.999400029999	False	False	31.3847277894	4.39648704718	31.40495	4.41364537514	23	40	2.56674656501	1.27364613646	1.02006000412	2498	0.124943752812	0.623979912116	False	False
KEGG_CHEMOKINE_SIGNALING_PATHWAY	hsa04062	Chemokine signaling pathway	Organismal Systems	Immune system	9554	2577	115	43	AKT2;ARRB2;CCL1;CCL3;CCL4;CCL5;CCR1;CCR4;CCR5;CCR7;CRKL;CXCR4;CXCR6;DOCK2;GNAI2;GNAI3;GNB2;GNG10;GNG2;GNG8;GRK2;ITK;JAK2;KRAS;MAP2K1;MAPK1;NFKB1;NFKBIA;PIK3CD;PIK3CG;PIK3R2;PLCB2;PRKACA;PXN;RAF1;RAP1A;RASGRP2;SHC4;SOS2;STAT2;STAT5B;TIAM1;VAV1	1.62739520302	False	0.00904645916884	0.00904645916884	0.0786346066215	True	2.53248397359	51.8275	4.60190653425	43	61	2.77008691739	0.916203098901	12138	0.606919654017	0.997850107495	19988	0.999400029999	False	False	37.1477632502	4.76536827619	37.1408	4.76733419848	28	47	2.53248397359	1.29400121649	1.00769067486	2615	0.130793460327	0.623979912116	False	False
KEGG_RNA_DEGRADATION	hsa03018	RNA degradation	Genetic Information Processing	Folding, sorting and degradation	9554	2577	50	21	CNOT10;CNOT6L;CNOT9;DCP1A;DDX6;DIS3;ENO1;ENO2;EXOSC7;EXOSC8;EXOSC9;HSPA9;HSPD1;LSM2;LSM4;LSM6;MPHOSPH6;SKIC8;XRN1;XRN2;ZCCHC7	1.96843127732	False	0.0151129987881	0.0151129987881	0.113851257537	False	2.4003123346	15.04915	2.73253257574	10	21	-0.436697528843	0.823134441729	8	0.000449977501125	0.0508474576271	19996	0.99980001	False	False	12.208804014	2.90288074087	12.22695	2.91778061161	7	18	2.4003123346	-0.402383342068	0.932133192632	79	0.00399980001	0.112994350282	False	False
KEGG_PROGESTERONE_MEDIATED_OOCYTE_MATURATION	hsa04914	Progesterone-mediated oocyte maturation	Organismal Systems	Endocrine system	9554	2577	60	24	AKT2;ANAPC11;BUB1;CCNA2;CCNB1;CCNB2;CDC25B;CDC25C;CDK1;CDK2;GNAI2;GNAI3;HSP90AA1;KRAS;MAD2L1;MAP2K1;MAPK1;MAPK11;PDE3B;PIK3CD;PIK3CG;PIK3R2;PRKACA;RAF1	1.81250816033	False	0.019058833969	0.019058833969	0.134603014906	False	2.28065254629	24.5685	3.28368813227	18	31	1.31422590912	0.902949640495	2748	0.137443127844	0.647128060264	19998	0.999900005	False	False	17.5670248196	3.37026373679	17.58295	3.39361448864	11	24	2.28065254629	0.408252085266	0.990206610991	876	0.0438478076096	0.412900188324	False	False
KEGG_FRUCTOSE_AND_MANNOSE_METABOLISM	hsa00051	Fructose and mannose metabolism	Metabolism	Carbohydrate metabolism	9554	2577	24	11	FCSK;GFUS;GMPPB;HK2;MPI;MTMR1;MTMR2;MTMR6;PFKFB3;PFKP;PHPT1	2.29642064872	False	0.0364331683431	0.0364331683431	0.212715811081	False	2.0843574116	9.7058	2.1361288257	6	14	0.77678939631	0.928325572927	1916	0.0958452077396	0.57002676182	19999	0.9999500025	False	False	7.68854907558	2.22868293687	7.70545	2.22467757158	4	12	2.0843574116	0.567280541762	1.02442120675	2132	0.106644667767	0.623979912116	False	False
KEGG_LONG_TERM_POTENTIATION	hsa04720	Long-term potentiation	Organismal Systems	Nervous system	9554	2577	41	17	ATF4;CALM1;CALM2;CALM3;CAMK2D;CAMK4;ITPR1;KRAS;MAP2K1;MAPK1;PLCB2;PPP1CC;PPP1R12A;PPP3CA;PRKACA;RAF1;RAP1A	1.92384440104	False	0.0311448223177	0.0311448223177	0.198842872138	False	2.09496937901	17.1669	2.80336304998	12	23	1.211269566	0.93223623388	3908	0.195440227989	0.761542957335	19999	0.9999500025	False	False	13.0490459852	2.89331076074	13.0657	2.89181318726	8	19	2.09496937901	0.707637546978	1.01972510662	2359	0.117994100295	0.623979912116	False	False
KEGG_GLYCOLYSIS_GLUCONEOGENESIS	hsa00010	Glycolysis / Gluconeogenesis	Metabolism	Carbohydrate metabolism	9554	2577	30	13	ACSS2;DLAT;DLD;ENO1;ENO2;GALM;GPI;HK2;LDHB;PFKP;PGAM1;PGK1;PKM	2.07580067909	False	0.038929731926	0.038929731926	0.212715811081	False	2.02211920405	13.5889	2.43917953214	9	18	1.43521593679	0.94808777205	4590	0.229538523074	0.836704938947	19999	0.9999500025	False	False	9.8014615465	2.4883888498	9.78565	2.48378825134	5	15	2.02211920405	0.69781914557	1.02331137757	2722	0.13614319284	0.623979912116	False	False
KEGG_FOCAL_ADHESION	hsa04510	Focal adhesion	Cellular Processes	Cellular community - eukaryotes	9554	2577	107	38	ACTG1;AKT2;BCL2;BIRC3;CAPN2;CRKL;FLNA;FLNB;FYN;ILK;ITGA1;ITGA2;ITGA4;ITGA5;ITGA6;ITGB7;JUN;MAP2K1;MAPK1;MYL12A;PIK3CD;PIK3CG;PIK3R2;PPP1CC;PPP1R12A;PTEN;PXN;RAC3;RAF1;RAP1A;RAPGEF1;SHC4;SOS2;THBS3;VASP;VAV1;VCL;VEGFB	1.49838747424	False	0.0316740858273	0.0316740858273	0.198842872138	False	2.00178938541	47.0772	4.36474972478	39	56	2.43415591174	0.900813049164	13625	0.681265936703	0.997850107495	19999	0.9999500025	False	False	34.2674908505	4.54830624469	34.2793	4.54041754798	26	43	2.00178938541	1.18680485963	0.994535985745	4803	0.2401879906	0.722166832835	False	False
KEGG_MISMATCH_REPAIR	hsa03430	Mismatch repair	Genetic Information Processing	Replication and repair	9554	2577	19	8	LIG1;MLH1;MSH2;MSH6;PCNA;RFC1;RFC3;RPA1	1.97204430447	False	0.112104254901	0.112104254901	0.350616813682	False	1.48759263082	5.27205	1.69580034128	2	9	-0.48690228414	0.827641240949	148	0.00744962751862	0.168361581921	20000	1	False	False	4.48228966339	1.79518247481	4.48085	1.79878661255	1	8	1.48759263082	-0.333215501652	0.930692153705	1041	0.0520973951302	0.45284658844	False	False
KEGG_CARDIAC_MUSCLE_CONTRACTION	hsa04260	Cardiac muscle contraction	Organismal Systems	Circulatory system	9554	2577	34	13	ATP2A2;COX4I1;COX6A1;COX6C;COX7A2;COX7A2L;COX8A;CYC1;TPM4;UQCR11;UQCRB;UQCRC2;UQCRQ	1.67944432063	False	0.101322478966	0.101322478966	0.350616813682	False	1.48221626196	9.9834	2.33371472978	6	15	-0.451142703869	0.852439535033	241	0.0120993950302	0.227871939736	20000	1	False	False	9.47478780374	2.51417648504	9.4629	2.49329572855	5	14	1.48221626196	0.113060177954	0.965115777322	2216	0.110844457777	0.623979912116	False	False
KEGG_SPLICEOSOME	hsa03040	Spliceosome	Genetic Information Processing	Transcription	9554	2577	84	26	BUD31;DDX5;EFTUD2;HNRNPA3;HNRNPM;HNRNPU;HSPA1B;HSPA8;LSM2;LSM4;LSM6;PCBP1;PLRG1;RBM17;SF3A3;SF3B3;SNRPB;SNRPB2;SNRPC;SNRPF;SRSF2;TRA2A;TRA2B;TXNL4A;U2AF2;U2SURP	1.21584503711	False	0.238482693566	0.238482693566	0.461173917298	False	0.825361496898	24.32685	3.73643132916	17	32	-0.789795989224	0.869286994416	643	0.0321983900805	0.454802259887	20000	1	False	False	21.4526109768	3.86126522446	21.4345	3.87494641898	14	29	0.825361496898	-0.301932695587	0.956785586313	2897	0.144892755362	0.623979912116	False	False
KEGG_NUCLEOTIDE_EXCISION_REPAIR	hsa03420	Nucleotide excision repair	Genetic Information Processing	Replication and repair	9554	2577	38	13	CDK7;CUL4A;DDB2;ERCC2;GTF2H1;GTF2H5;LIG1;MNAT1;PCNA;RBX1;RFC1;RFC3;RPA1	1.40992199688	False	0.202375963218	0.202375963218	0.423490441548	False	1.00720658462	11.6975	2.48525526858	7	17	-0.290560046578	0.858003234396	1275	0.0637968101595	0.546028580924	20000	1	False	False	9.708286911	2.58907632771	9.67585	2.60038012173	5	15	1.00720658462	-0.210170585041	0.952316650163	2776	0.138843057847	0.623979912116	False	False
KEGG_CITRATE_CYCLE_TCA_CYCLE	hsa00020	Citrate cycle (TCA cycle)	Metabolism	Carbohydrate metabolism	9554	2577	21	9	ACLY;DLAT;DLD;FH;IDH1;IDH2;IDH3A;IDH3B;MDH2	2.03417056075	False	0.0852792631603	0.0852792631603	0.331098919691	False	1.6418077842	7.5805	2.01395624332	4	12	0.302751822446	0.93547949486	1514	0.0757462126894	0.546028580924	20000	1	False	False	5.80049292183	2.00019387772	5.7914	2.00484065202	2	10	1.6418077842	0.0625439486138	0.986776892678	1814	0.0907454627269	0.623979912116	False	False
KEGG_GLYCINE_SERINE_AND_THREONINE_METABOLISM	hsa00260	Glycine, serine and threonine metabolism	Metabolism	Amino acid metabolism	9554	2577	17	7	ALAS1;CTH;DLD;GAMT;PHGDH;PSAT1;PSPH	1.89762645914	False	0.147675149297	0.147675149297	0.379256633423	False	1.32061654872	6.13305	1.65422117551	3	9	0.270497550193	0.853655835693	1552	0.0776461176941	0.546028580924	20000	1	False	False	5.29683262307	1.7029750481	5.2733	1.70423211741	2	9	1.32061654872	0.376229348862	0.932098799598	4613	0.230688465577	0.722166832835	False	False
KEGG_AMINOACYL_TRNA_BIOSYNTHESIS	hsa00970	Aminoacyl-tRNA biosynthesis	Genetic Information Processing	Translation	9554	2577	26	9	DARS1;EPRS1;GARS1;IARS1;IARS2;MARS1;NARS1;QARS1;WARS1	1.43485431556	False	0.249355225687	0.249355225687	0.461920336109	False	0.879181407156	7.58555	2.0350383774	4	12	-0.414743835981	0.849600193982	1564	0.0782460876956	0.546028580924	20000	1	False	False	6.62406480058	2.14424190697	6.60665	2.15838499288	3	11	0.879181407156	-0.179785090636	0.955003403931	3730	0.186540672966	0.722166832835	False	False
KEGG_BASAL_TRANSCRIPTION_FACTORS	hsa03022	Basal transcription factors	Genetic Information Processing	Transcription	9554	2577	24	7	GTF2H1;GTF2I;TAF10;TAF12;TAF13;TAF4B;TAF9B	1.11512932021	False	0.480813107051	0.480813107051	0.72442508129	False	0.242434393478	5.74195	1.93898432111	2	10	-0.94614707601	0.842430362168	1642	0.0821458927054	0.546028580924	20000	1	False	False	5.32472815243	1.97232420079	5.30565	1.94982770457	2	9	0.242434393478	-0.537781172962	0.897858132605	5228	0.261436928154	0.722166832835	False	False
KEGG_OXIDATIVE_PHOSPHORYLATION	hsa00190	Oxidative phosphorylation	Metabolism	Energy metabolism	9554	2577	80	28	ATP5F1A;ATP5F1B;ATP5MC1;ATP5MC2;ATP6V1G1;COX17;COX4I1;COX6A1;COX6C;COX7A2;COX7A2L;COX8A;CYC1;NDUFA1;NDUFA10;NDUFA2;NDUFA3;NDUFA4;NDUFA5;NDUFB10;NDUFB3;NDUFS5;NDUFV1;NDUFV2;UQCR11;UQCRB;UQCRC2;UQCRQ	1.4628662824	False	0.069681190846	0.069681190846	0.291628687615	False	1.62440889585	28.0983	3.84173621036	21	36	0.406555889496	0.916537689539	1780	0.0890455477226	0.559008160703	20000	1	False	False	23.1785457867	3.91908059146	23.15745	3.95038725918	16	31	1.62440889585	0.399437394891	0.999290004283	2698	0.134943252837	0.623979912116	False	False
KEGG_BASE_EXCISION_REPAIR	hsa03410	Base excision repair	Genetic Information Processing	Replication and repair	9554	2577	28	6	APEX1;FEN1;LIG1;NTHL1;PARP4;PCNA	0.737774477564	False	0.80704080016	0.80704080016	0.965455263948	False	-0.661978265521	5.29425	1.80611930323	2	9	-1.58756656557	0.726399528361	2246	0.112344382781	0.634745762712	20000	1	False	False	5.53550135262	2.0244936487	5.51005	2.01551457387	2	10	-0.661978265521	-0.870898744478	0.859439269555	9705	0.485275736213	0.884454164389	False	False
KEGG_SELENOAMINO_ACID_METABOLISM	hsa00450	Selenocompound metabolism	Metabolism	Metabolism of other amino acids	9554	2577	16	6	AHCY;CTH;HEMK1;LCMT2;MARS1;SCLY	1.62590431739	False	0.24487110653	0.24487110653	0.461173917298	False	0.949510325004	5.4499	1.67546709607	2	9	0.0908943322068	0.891645496625	2443	0.122193890305	0.642102677475	20000	1	False	False	4.31499977389	1.71973958862	4.31185	1.71595442174	1	8	0.949510325004	-0.00215870806558	0.967343355349	4737	0.236888155592	0.722166832835	False	False
KEGG_CYTOSOLIC_DNA_SENSING_PATHWAY	hsa04623	Cytosolic DNA-sensing pathway	Organismal Systems	Immune system	9554	2577	27	10	AIM2;CCL4;CCL5;IRF7;NFKB1;NFKBIA;POLR3H;POLR3K;PYCARD;STING1	1.59490364124	False	0.166900107538	0.166900107538	0.409993742431	False	1.17988524631	9.0786	2.17276828953	5	13	0.0696979649656	0.890110703493	2613	0.130693465327	0.642102677475	20000	1	False	False	7.43559360053	2.21681162733	7.40845	2.2031837412	3	12	1.17988524631	0.0545985546321	0.956652714901	3421	0.171091445428	0.690476190476	False	False
KEGG_PYRIMIDINE_METABOLISM	hsa00240	Pyrimidine metabolism	Metabolism	Nucleotide metabolism	9554	2577	65	24	CAD;CANT1;CMPK2;CTPS1;DCK;DTYMK;DUT;ENTPD1;ITPA;NME1;NME2;NT5C;PNP;POLR2I;POLR2K;POLR2L;POLR3H;POLR3K;RRM1;RRM2;TK1;TXNRD1;UCK1;UPP1	1.59032415236	False	0.0502564923165	0.0502564923165	0.258135619626	False	1.81357967594	24.99585	3.41852786701	18	32	0.939452843712	0.903368656419	3087	0.154392280386	0.697853107345	20000	1	False	False	19.4999694944	3.53909696168	19.51275	3.50872304942	13	27	1.81357967594	0.555300759597	0.98388818015	2531	0.126593670316	0.623979912116	False	False
KEGG_PURINE_METABOLISM	hsa00230	Purine metabolism	Metabolism	Nucleotide metabolism	9554	2577	93	32	ADK;ADSL;ADSS2;AMPD3;APRT;ATIC;CANT1;DCK;DGUOK;ENTPD1;GART;IMPDH2;ITPA;NME1;NME2;NT5C;PAICS;PDE1B;PDE3B;PDE4B;PFAS;PKM;PNP;POLR2I;POLR2K;POLR2L;POLR3H;POLR3K;PRPS1;PRUNE1;RRM1;RRM2	1.42556604077	False	0.0684765790694	0.0684765790694	0.291628687615	False	1.62350230368	34.167	4.08291697197	26	42	0.771639434061	0.903022952486	3432	0.171641417929	0.745980008692	20000	1	False	False	27.1400012096	4.14875873099	27.145	4.16312082457	19	35	1.62350230368	0.483665189833	0.977400540733	2981	0.149092545373	0.623979912116	False	False
KEGG_PORPHYRIN_AND_CHLOROPHYLL_METABOLISM	hsa00860	Porphyrin metabolism	Metabolism	Metabolism of cofactors and vitamins	9554	2577	18	7	ALAS1;BLVRB;CPOX;EPRS1;GUSB;HMOX1;MMAB	1.72486735055	False	0.188169527201	0.188169527201	0.423490441548	False	1.14010090802	6.82105	1.85661705731	3	11	0.44251751559	0.930869942964	3649	0.182490875456	0.761542957335	20000	1	False	False	5.38195309823	1.89470982488	5.3941	1.88655378667	2	9	1.14010090802	0.286484647411	1.00279780112	5414	0.270736463177	0.722166832835	False	False
KEGG_DNA_REPLICATION	hsa03030	DNA replication	Genetic Information Processing	Replication and repair	9554	2577	32	10	DNA2;FEN1;LIG1;MCM2;MCM3;MCM5;PCNA;RFC1;RFC3;RPA1	1.23154017778	False	0.354650897095	0.354650897095	0.598142557788	False	0.546027042763	10.0375	2.33229366719	6	15	-0.196160403833	0.877018695324	3876	0.193840307985	0.761542957335	20000	1	False	False	8.38656971071	2.42584353996	8.3803	2.43052914198	4	13	0.546027042763	-0.100161211375	0.969673015303	6318	0.31593420329	0.722166832835	False	False
KEGG_ALANINE_ASPARTATE_AND_GLUTAMATE_METABOLISM	hsa00250	Alanine, aspartate and glutamate metabolism	Metabolism	Amino acid metabolism	9554	2577	19	7	ADSL;ADSS2;ASS1;CAD;GLUL;GOT2;GPT2	1.58090142672	False	0.232540936043	0.232540936043	0.461173917298	False	0.970192652848	7.0381	1.91897065897	3	11	0.375612276099	0.936682555658	4476	0.22383880806	0.836704938947	20000	1	False	False	5.75334057557	1.96333337453	5.76405	1.95887151123	2	10	0.970192652848	0.330712150077	1.01352007675	6892	0.344632768362	0.748587570621	False	False
KEGG_GLYCOSAMINOGLYCAN_DEGRADATION	hsa00531	Glycosaminoglycan degradation	Metabolism	Glycan biosynthesis and metabolism	9554	2577	16	7	ARSB;GNS;GUSB;HPSE;IDS;IDUA;SGSH	2.10877648076	False	0.111807371769	0.111807371769	0.350616813682	False	1.51324520228	7.2624	1.85796830974	4	11	1.05530696878	0.988008836319	5030	0.251537423129	0.888241525424	20000	1	False	False	5.53417476177	1.86385465895	5.52155	1.86805663659	2	9	1.51324520228	0.679791372973	1.05308867877	5874	0.293735313234	0.722166832835	False	False
KEGG_SNARE_INTERACTIONS_IN_VESICULAR_TRANSPORT	hsa04130	SNARE interactions in vesicular transport	Genetic Information Processing	Folding, sorting and degradation	9554	2577	30	11	SEC22B;STX16;STX1A;STX2;STX4;STX6;VAMP1;VAMP2;VAMP4;VAMP5;VAMP8	1.56988144562	False	0.160096319254	0.160096319254	0.402019646127	False	1.19812675862	11.4167	2.39296074142	7	16	0.590449412661	0.929935657488	5386	0.269336533173	0.922273583291	20000	1	False	False	9.16103630404	2.45569626182	9.1415	2.45354391646	5	14	1.19812675862	0.432431778709	1.01085082584	5761	0.28808559572	0.722166832835	False	False
KEGG_PPAR_SIGNALING_PATHWAY	hsa03320	PPAR signaling pathway	Organismal Systems	Endocrine system	9554	2577	35	11	ACADM;ACSL1;DBI;FABP5;ILK;PPARD;PPARG;RXRA;SCD;SLC27A1;UBC	1.24192972201	False	0.334336475962	0.334336475962	0.572424572481	False	0.594984637889	12.1525	2.43469582289	7	17	0.217659358886	0.876237246772	5757	0.28788560572	0.956796277833	20000	1	False	False	9.59936750269	2.5237995446	9.6058	2.51982268424	5	15	0.594984637889	0.0630491710918	0.961399408827	7124	0.356232188391	0.748587570621	False	False
KEGG_ARGININE_AND_PROLINE_METABOLISM	hsa00330	Arginine and proline metabolism	Metabolism	Amino acid metabolism	9554	2577	32	12	ACY1;ASS1;AZIN2;GAMT;GLUL;GOT2;LAP3;ODC1;P4HA1;PYCR1;SAT1;SRM	1.62736842105	False	0.127548379857	0.127548379857	0.369563254456	False	1.34393808078	13.17235	2.46642362085	8	18	0.984409162265	0.928132295001	6011	0.300584970751	0.966822935449	20000	1	False	False	9.59234064083	2.53843059665	9.57245	2.53356487928	5	15	1.34393808078	0.375453610611	1.01077969135	4446	0.222338883056	0.722166832835	False	False
KEGG_ECM_RECEPTOR_INTERACTION	hsa04512	ECM-receptor interaction	Environmental Information Processing	Signaling molecules and interaction	9554	2577	29	10	CD44;CD47;HMMR;ITGA1;ITGA2;ITGA4;ITGA5;ITGA6;ITGB7;THBS3	1.42660898448	False	0.236129972738	0.236129972738	0.461173917298	False	0.912549211456	10.49495	2.20530598727	6	15	0.366461206116	0.871897403715	6238	0.31193440328	0.966822935449	20000	1	False	False	8.38156364718	2.30374315988	8.37155	2.30581885618	4	13	0.912549211456	0.230200316686	0.966178235778	6159	0.30798460077	0.722166832835	False	False
KEGG_PHOSPHATIDYLINOSITOL_SIGNALING_SYSTEM	hsa04070	Phosphatidylinositol signaling system	Environmental Information Processing	Signal transduction	9554	2577	55	19	CALM1;CALM2;CALM3;CDS2;DGKA;DGKD;DGKI;IMPA2;INPP4A;INPP5D;ITPKB;ITPR1;PIK3C2A;PIK3CD;PIK3CG;PIK3R2;PIKFYVE;PLCB2;PTEN	1.43209755886	False	0.132957408809	0.132957408809	0.375604679884	False	1.26894524649	21.0523	3.23656680914	15	27	0.835521234758	0.92961615848	6486	0.324333783311	0.966822935449	20000	1	False	False	15.9775707782	3.25701031421	15.9583	3.28733343456	10	22	1.26894524649	0.342201542506	1.00158318157	4386	0.219339033048	0.722166832835	False	False
KEGG_LONG_TERM_DEPRESSION	hsa04730	Long-term depression	Organismal Systems	Nervous system	9554	2577	31	9	GNAI2;GNAI3;ITPR1;KRAS;MAP2K1;MAPK1;PLCB2;PPP2R1B;RAF1	1.10795454545	False	0.465238732411	0.465238732411	0.710432118411	False	0.258743359318	9.62705	2.28892077135	5	14	-0.230061181786	0.874932359311	6609	0.330483475826	0.966822935449	20000	1	False	False	8.6677256621	2.4087891302	8.6647	2.41430609286	4	14	0.258743359318	0.122840257397	0.978561547884	10301	0.515074246288	0.904475170978	False	False
KEGG_STARCH_AND_SUCROSE_METABOLISM	hsa00500	Starch and sucrose metabolism	Metabolism	Carbohydrate metabolism	9554	2577	18	5	GBE1;GPI;GUSB;HK2;UGDH	1.04139251107	False	0.558441668054	0.558441668054	0.788798856126	False	0.0770007640397	5.8858	1.78596146655	3	9	-0.0267144975253	0.89571808389	7250	0.362531873406	0.966822935449	20000	1	False	False	5.11208226145	1.82772954991	5.11655	1.81869901234	2	9	0.0770007640397	0.13895292493	0.966729590941	12395	0.619769011549	0.908460273189	False	False
KEGG_MELANOGENESIS	hsa04916	Melanogenesis	Organismal Systems	Endocrine system	9554	2577	47	16	CALM1;CALM2;CALM3;CAMK2D;CREB3;CREB3L2;GNAI2;GNAI3;KRAS;LEF1;MAP2K1;MAPK1;PLCB2;PRKACA;RAF1;TCF7	1.3998564069	False	0.175174636167	0.175174636167	0.412390289311	False	1.09466938854	18.0571	3.0224393443	12	24	0.792862549852	0.938847723697	7338	0.366931653417	0.966822935449	20000	1	False	False	14.0688047071	3.03563309892	14.09085	3.03484699408	8	20	1.09466938854	0.465695044388	0.999838094292	6322	0.31613419329	0.722166832835	False	False
KEGG_HOMOLOGOUS_RECOMBINATION	hsa03440	Homologous recombination	Genetic Information Processing	Replication and repair	9554	2577	22	5	BLM;BRCA2;MUS81;RAD54L;RPA1	0.795901564358	False	0.747870099234	0.747870099234	0.938992457927	False	-0.449194595582	5.9693	1.76515084625	3	9	-0.585368456398	0.80081535335	7551	0.377581120944	0.966822935449	20000	1	False	False	5.07663962394	1.91368223838	5.0783	1.90524778179	2	9	-0.449194595582	-0.411539655587	0.916245094485	12063	0.603169841508	0.904475170978	False	False
KEGG_ENDOCYTOSIS	hsa04144	Endocytosis	Cellular Processes	Transport and catabolism	9554	2577	123	39	ACAP1;ACAP3;AGAP2;ARF6;ARFGAP2;ARFGAP3;ARRB2;CBL;CCR5;CHMP1B;CHMP2B;CHMP4B;CHMP5;CXCR4;EHD1;EHD4;GIT2;GRK2;HSPA1B;HSPA8;IL2RA;IL2RB;LDLR;PARD6B;PDCD6IP;PIKFYVE;PSD4;RAB11FIP1;RAB4A;RAB5B;RAB5C;RABEP1;RNF41;SH3KBP1;SMAP1;VPS28;VPS4A;VPS4B;WWP1	1.26096194979	False	0.138675298851	0.138675298851	0.37716445188	False	1.19067979042	45.39755	4.76230028426	36	55	0.929153735135	0.917007142374	7730	0.386530673466	0.966822935449	20000	1	False	False	35.6373534714	4.80888468774	35.5838	4.77811443563	26	45	1.19067979042	0.492165307333	0.976986749935	5395	0.269786510674	0.722166832835	False	False
KEGG_DRUG_METABOLISM_OTHER_ENZYMES	hsa00983	Drug metabolism - other enzymes	Metabolism	Xenobiotics biodegradation and metabolism	9554	2577	15	6	GUSB;IMPDH2;ITPA;TK1;UCK1;UPP1	1.80681965513	False	0.194972205994	0.194972205994	0.423490441548	False	1.13763336275	6.7327	1.70004432589	3	10	0.980119886973	0.934031894692	7921	0.39608019599	0.966822935449	20000	1	False	False	5.36989442016	1.80689490003	5.3671	1.80139878705	2	9	1.13763336275	0.769163818825	1.0487606091	9176	0.458827058647	0.878770468256	False	False
KEGG_PROTEIN_EXPORT	hsa03060	Protein export	Genetic Information Processing	Folding, sorting and degradation	9554	2577	20	7	HSPA5;OXA1L;SEC11A;SEC11C;SEC62;SRP68;SRPRB	1.45908410655	False	0.279912081935	0.279912081935	0.502064527916	False	0.80964470488	8.03115	1.93216968134	4	12	0.681802254821	0.919463707875	7984	0.399230038498	0.966822935449	20000	1	False	False	7.72622250931	2.08719139035	7.7251	2.08125682942	4	12	0.80964470488	1.1753311718	1.04963102565	14364	0.718214089296	0.972693032015	False	False
KEGG_GALACTOSE_METABOLISM	hsa00052	Galactose metabolism	Metabolism	Carbohydrate metabolism	9554	2577	18	5	B4GALT2;GALK1;GALT;HK2;PFKP	1.04139251107	False	0.558441668054	0.558441668054	0.788798856126	False	0.0770007640397	6.0836	1.76870320857	3	10	0.0725261639642	0.887023198441	8042	0.402129893505	0.966822935449	20000	1	False	False	5.07072718288	1.86993965839	5.0739	1.87043812782	2	9	0.0770007640397	0.11628231436	0.994231521497	12166	0.608319584021	0.904475170978	False	False
KEGG_VASOPRESSIN_REGULATED_WATER_REABSORPTION	hsa04962	Vasopressin-regulated water reabsorption	Organismal Systems	Excretory system	9554	2577	29	12	AQP3;ARHGDIA;ARHGDIB;CREB3;CREB3L2;DYNC2LI1;DYNLL2;PRKACA;RAB5B;RAB5C;STX4;VAMP2	1.91537667699	False	0.0657281583762	0.0657281583762	0.291628687615	False	1.75058402342	13.6272	2.47941931911	9	18	1.60531049101	0.979970733722	8855	0.442777861107	0.985822406993	20000	1	False	False	10.0242335254	2.51103932484	10.0186	2.49456489994	5	15	1.75058402342	0.920342935207	1.04526611342	5477	0.273886305685	0.722166832835	False	False
KEGG_B_CELL_RECEPTOR_SIGNALING_PATHWAY	hsa04662	B cell receptor signaling pathway	Organismal Systems	Immune system	9554	2577	59	21	AKT2;CARD11;DAPP1;INPP5D;JUN;KRAS;MAP2K1;MAPK1;NFAT5;NFATC2;NFATC3;NFKB1;NFKBIA;PIK3CD;PIK3CG;PIK3R2;PPP3CA;RAC3;RAF1;SOS2;VAV1	1.50027798369	False	0.0910102700204	0.0910102700204	0.3317471133	False	1.49644467318	24.2579	3.42449815155	18	31	1.33061502656	0.94964443147	8970	0.448527573621	0.985822406993	20000	1	False	False	18.5012493754	3.47555675977	18.5128	3.51659439799	12	26	1.49644467318	0.764630571721	1.03469498616	5678	0.28393580321	0.722166832835	False	False
KEGG_INSULIN_SIGNALING_PATHWAY	hsa04910	Insulin signaling pathway	Organismal Systems	Endocrine system	9554	2577	96	33	ACACA;AKT2;CALM1;CALM2;CALM3;CBL;CRKL;EIF4E2;EIF4EBP1;FASN;FLOT1;FOXO1;HK2;INPP5D;KRAS;MAP2K1;MAPK1;MKNK1;MKNK2;PDE3B;PIK3CD;PIK3CG;PIK3R2;PPP1CC;PRKACA;PRKAR1A;PTPN1;RAF1;RAPGEF1;SHC4;SOCS1;SOCS2;SOS2	1.42359239293	False	0.0658800322313	0.0658800322313	0.291628687615	False	1.64228624487	38.78525	4.2813236782	30	47	1.55115892475	0.931997371013	9046	0.452327383631	0.985822406993	20000	1	False	False	28.9614401063	4.3309140064	28.9832	4.35136964185	21	38	1.64228624487	0.713943191391	1.00566714303	4183	0.209189540523	0.722166832835	False	False
KEGG_TYROSINE_METABOLISM	hsa00350	Tyrosine metabolism	Metabolism	Amino acid metabolism	9554	2577	15	4	GOT2;HEMK1;LCMT2;MIF	0.984489276755	False	0.607811674725	0.607811674725	0.845663172373	False	-0.0267513549868	4.3928	1.47966488098	2	7	-0.305739523586	0.81321651906	9242	0.462126893655	0.985822406993	20000	1	False	False	3.82125229907	1.6091849812	3.8433	1.60836721864	1	7	-0.0267513549868	-0.117980897622	0.936379104951	11410	0.570521473926	0.904475170978	False	False
KEGG_INTESTINAL_IMMUNE_NETWORK_FOR_IGA_PRODUCTION	hsa04672	Intestinal immune network for IgA production	Organismal Systems	Immune system	9554	2577	20	7	CD28;CXCR4;IL2;ITGA4;ITGB7;TGFB1;TNFSF13B	1.45908410655	False	0.279912081935	0.279912081935	0.502064527916	False	0.80964470488	8.3448	1.74608503802	5	12	0.831118823159	0.830900527177	9247	0.462376881156	0.985822406993	20000	1	False	False	6.37727117081	1.89847959629	6.40045	1.90010257552	3	10	0.80964470488	0.507276312601	0.95827030427	9455	0.472776361182	0.884454164389	False	False
KEGG_MTOR_SIGNALING_PATHWAY	hsa04150	mTOR signaling pathway	Environmental Information Processing	Signal transduction	9554	2577	36	13	AKT2;CAB39;CAB39L;DDIT4;EIF4E2;EIF4EBP1;HIF1A;MAPK1;MLST8;PIK3CD;PIK3CG;PIK3R2;VEGFB	1.53296479685	False	0.147237978813	0.147237978813	0.379256633423	False	1.23765214402	15.36105	2.60395716123	10	21	1.2368843185	0.924184295042	9491	0.474576271186	0.993094789705	20000	1	False	False	11.1174425312	2.66610508038	11.1156	2.67670256846	6	16	1.23765214402	0.528707134039	1.00702341812	5927	0.296385180741	0.722166832835	False	False
KEGG_SPHINGOLIPID_METABOLISM	hsa00600	Sphingolipid metabolism	Metabolism	Lipid metabolism	9554	2577	27	7	DEGS1;GBA1;KDSR;PLPP1;SGMS1;SGPL1;SMPD2	0.947451361868	False	0.621150825726	0.621150825726	0.845663172373	False	-0.1227560591	8.5125	2.18232530801	4	13	-0.162336402938	0.893883002499	9893	0.494675266237	0.997850107495	20000	1	False	False	6.79914746369	2.1805127295	6.81565	2.18196358299	3	11	-0.1227560591	-0.202803367317	0.947438630037	10933	0.546672666367	0.904475170978	False	False
KEGG_PENTOSE_PHOSPHATE_PATHWAY	hsa00030	Pentose phosphate pathway	Metabolism	Carbohydrate metabolism	9554	2577	16	6	GPI;PFKP;PRPS1;RBKS;RPIA;TALDO1	1.62590431739	False	0.24487110653	0.24487110653	0.461173917298	False	0.949510325004	7.4635	1.85913091255	4	11	1.16233644247	0.988854045143	10117	0.505874706265	0.997850107495	20000	1	False	False	5.58987115629	1.87356442166	5.58215	1.88059867529	2	9	0.949510325004	0.713953706535	1.06015906342	10144	0.507224638768	0.904475170978	False	False
KEGG_TGF_BETA_SIGNALING_PATHWAY	hsa04350	TGF-beta signaling pathway	Environmental Information Processing	Signal transduction	9554	2577	41	15	ACVR1;ACVR2B;E2F4;IFNG;MAPK1;MYC;PPP2R1B;RBL2;RBX1;SMAD3;TFDP1;TGFB1;TGFBR1;TGFBR2;THBS3	1.56525851198	False	0.114315842329	0.114315842329	0.350616813682	False	1.38971973764	17.6504	2.76864223763	12	23	1.37222437334	0.921093957419	10433	0.521673916304	0.997850107495	20000	1	False	False	12.9831540282	2.88058884991	12.9849	2.89846027918	8	19	1.38971973764	0.679145461467	1.02206903622	5955	0.297785110744	0.722166832835	False	False
KEGG_PYRUVATE_METABOLISM	hsa00620	Pyruvate metabolism	Metabolism	Carbohydrate metabolism	9554	2577	28	10	ACACA;ACAT2;ACSS2;DLAT;DLD;GLO1;LDHB;MDH2;ME2;PKM	1.50608146128	False	0.200238736184	0.200238736184	0.423490441548	False	1.04366907773	11.7237	2.34684006911	7	16	1.00029553727	0.944118812197	10628	0.531423428829	0.997850107495	20000	1	False	False	8.46938947318	2.34703427131	8.45605	2.34208633434	4	13	1.04366907773	0.385310523829	0.99869333346	6408	0.320433978301	0.722166832835	False	False
KEGG_GLUTATHIONE_METABOLISM	hsa00480	Glutathione metabolism	Metabolism	Metabolism of other amino acids	9554	2577	31	12	GCLM;GGCT;GSTA4;GSTK1;IDH1;IDH2;LAP3;ODC1;RRM1;RRM2;SRM;TXNDC12	1.71326562019	False	0.104205444003	0.104205444003	0.350616813682	False	1.47469714925	14.57205	2.42243860552	10	19	1.66184532253	0.926000503068	10777	0.538873056347	0.997850107495	20000	1	False	False	11.0471198142	2.5838468015	11.06395	2.59662480877	6	16	1.47469714925	1.09529930089	1.05245859241	8564	0.428228588571	0.84239236314	False	False
KEGG_REGULATION_OF_AUTOPHAGY	hsa04140	Autophagy - animal	Cellular Processes	Transport and catabolism	9554	2577	17	3	GABARAP;IFNG;PIK3R4	0.57967032967	False	0.876799532372	0.876799532372	0.988407167683	False	-0.867110792122	3.82115	1.61618769872	1	7	-0.923057120332	0.833929104891	11072	0.553622318884	0.997850107495	20000	1	False	False	4.00988138951	1.71418854171	4.0156	1.7215855018	1	8	-0.867110792122	-0.311646820282	0.94158991797	16190	0.809509524524	0.998150092495	False	False
KEGG_HEMATOPOIETIC_CELL_LINEAGE	hsa04640	Hematopoietic cell lineage	Organismal Systems	Immune system	9554	2577	42	17	CD2;CD3D;CD3G;CD4;CD44;CD59;CD7;CSF2;FLT3LG;IL2RA;IL3;IL4R;ITGA1;ITGA2;ITGA4;ITGA5;ITGA6	1.846625	False	0.0395312569266	0.0395312569266	0.212715811081	False	1.9760085286	20.081	2.56186240848	15	25	2.04674270941	0.842364003411	11507	0.575371231438	0.997850107495	20000	1	False	False	15.1524361608	2.81812878762	15.15605	2.82876269728	10	21	1.9760085286	1.33353959884	0.985597300714	6254	0.312734363282	0.722166832835	False	False
KEGG_LYSOSOME	hsa04142	Lysosome biogenesis	Cellular Processes	Transport and catabolism	9554	2577	105	35	ABCA2;ACP5;AP1M1;AP1S3;AP3S2;AP4B1;ARSB;CD164;CD68;CLN3;CTNS;CTSA;CTSB;CTSC;CTSS;CTSW;GBA1;GGA3;GM2A;GNPTAB;GNS;GUSB;IDS;IDUA;IGF2R;LAMP1;LAMP2;LGMN;M6PR;MAN2B1;NPC2;PPT1;PSAP;SGSH;TPP1	1.35857592447	False	0.0879023680597	0.0879023680597	0.331098919691	False	1.47654081743	42.5452	4.39477609896	34	51	1.64886197231	0.915139315048	11684	0.584220788961	0.997850107495	20000	1	False	False	32.8877623166	4.52999647532	32.89505	4.53489090249	24	42	1.47654081743	1.01115004793	1.00263491612	7154	0.357732113394	0.748587570621	False	False
KEGG_GLYCOSAMINOGLYCAN_BIOSYNTHESIS_CHONDROITIN_SULFATE	hsa00532	Glycosaminoglycan biosynthesis - chondroitin sulfate / dermatan sulfate	Metabolism	Glycan biosynthesis and metabolism	9554	2577	16	5	CHPF2;CHSY1;CSGALNACT1;CSGALNACT2;XYLT2	1.23109006079	False	0.441475455479	0.441475455479	0.692871200961	False	0.38577544773	6.5032	1.70352275007	3	10	0.651354371467	0.906270617584	11972	0.598620068997	0.997850107495	20000	1	False	False	4.83513066414	1.76610528884	4.81385	1.76258281437	2	8	0.38577544773	0.280836200326	0.993629406542	11183	0.559172041398	0.904475170978	False	False
KEGG_AMINO_SUGAR_AND_NUCLEOTIDE_SUGAR_METABOLISM	hsa00520	Amino sugar and nucleotide sugar metabolism	Metabolism	Glycan biosynthesis and metabolism	9554	2577	38	12	AMDHD2;FCSK;GALK1;GALT;GFUS;GMPPB;GNPDA1;GNPNAT1;GPI;HK2;MPI;UGDH	1.25074224022	False	0.315848071648	0.315848071648	0.549089724557	False	0.640984491857	15.286	2.71851135734	10	21	0.949962780915	0.93921960332	12195	0.609769511524	0.997850107495	20000	1	False	False	12.5722218878	2.82800726319	12.588	2.81264217418	7	18	0.640984491857	0.856323082402	1.03005170323	12897	0.644867756612	0.910875706215	False	False
KEGG_GNRH_SIGNALING_PATHWAY	hsa04912	GnRH signaling pathway	Organismal Systems	Endocrine system	9554	2577	58	19	ATF4;CALM1;CALM2;CALM3;CAMK2D;HBEGF;ITPR1;JUN;KRAS;MAP2K1;MAP3K2;MAP3K3;MAPK1;MAPK11;MAPK7;PLCB2;PRKACA;RAF1;SOS2	1.32136484834	False	0.196581911422	0.196581911422	0.423490441548	False	0.995766442463	23.5133	3.34402797686	17	30	1.22584002798	0.935623422236	12332	0.616619169042	0.997850107495	20000	1	False	False	17.6901707779	3.37696535335	17.6857	3.41101385368	11	24	0.995766442463	0.60575826496	1.01219150613	8004	0.400229988501	0.807606941082	False	False
KEGG_ERBB_SIGNALING_PATHWAY	hsa04012	ErbB signaling pathway	Environmental Information Processing	Signal transduction	9554	2577	58	21	AKT2;CAMK2D;CBL;CDKN1A;CRKL;EIF4EBP1;HBEGF;JUN;KRAS;MAP2K1;MAPK1;MYC;NCK2;PIK3CD;PIK3CG;PIK3R2;RAF1;SHC4;SOS2;STAT5A;STAT5B	1.54104809034	False	0.077612739614	0.077612739614	0.313222842013	False	1.58925069644	25.8022	3.34083450054	19	32	1.8669606337	0.93458575772	12790	0.639518024099	0.997850107495	20000	1	False	False	18.7031946303	3.46024635343	18.71905	3.47763096051	12	26	1.58925069644	0.912396741885	1.03195960811	6017	0.300884955752	0.722166832835	False	False
KEGG_GLYCOSAMINOGLYCAN_BIOSYNTHESIS_HEPARAN_SULFATE	hsa00534	Glycosaminoglycan biosynthesis - heparan sulfate / heparin	Metabolism	Glycan biosynthesis and metabolism	9554	2577	15	3	EXT1;HS2ST1;XYLT2	0.676476301476	False	0.813287095003	0.813287095003	0.965455263948	False	-0.608943713858	4.1805	1.56850876631	1	7	-0.422437827767	0.861651965855	13164	0.658217089146	0.997850107495	20000	1	False	False	3.62698746583	1.60411590337	3.6054	1.60424151548	1	7	-0.608943713858	-0.256484459797	0.933977152098	14923	0.746162691865	0.99195746095	False	False
KEGG_RIG_I_LIKE_RECEPTOR_SIGNALING_PATHWAY	hsa04622	RIG-I-like receptor signaling pathway	Organismal Systems	Immune system	9554	2577	48	14	CASP10;CYLD;IRF7;ISG15;MAPK11;NFKB1;NFKBIA;RNF125;SIKE1;STING1;TANK;TKFC;TRADD;TRAF3	1.11544375846	False	0.419125998575	0.419125998575	0.685405366637	False	0.343286539804	18.06105	2.95176606416	12	24	0.684305851275	0.907802312628	13177	0.658867056647	0.997850107495	20000	1	False	False	13.7826846529	3.03004672268	13.7509	3.0361075722	8	20	0.343286539804	0.26207499739	0.989831308199	10565	0.528273586321	0.904475170978	False	False
KEGG_FC_EPSILON_RI_SIGNALING_PATHWAY	hsa04664	Fc epsilon RI signaling pathway	Organismal Systems	Immune system	9554	2577	58	20	AKT2;CSF2;FYN;GAB2;IL13;IL3;INPP5D;KRAS;LAT;LCP2;MAP2K1;MAPK1;MAPK11;PIK3CD;PIK3CG;PIK3R2;RAC3;RAF1;SOS2;VAV1	1.42827738098	False	0.127367510337	0.127367510337	0.369563254456	False	1.29250856945	25.0531	3.39382975265	18	32	1.65712673209	0.949270223606	13445	0.672266386681	0.997850107495	20000	1	False	False	17.9614221609	3.41682663748	17.9781	3.42553943051	11	25	1.29250856945	0.692525662892	1.0165018567	6518	0.325933703315	0.722166832835	False	False
KEGG_VASCULAR_SMOOTH_MUSCLE_CONTRACTION	hsa04270	Vascular smooth muscle contraction	Organismal Systems	Circulatory system	9554	2577	58	16	ADORA2A;CALD1;CALM1;CALM2;CALM3;ITPR1;MAP2K1;MAPK1;PLCB2;PPP1CC;PPP1R12A;PRKACA;PRKCH;PRKCQ;RAF1;RAMP1	1.03159108235	False	0.508004080395	0.508004080395	0.73595462929	False	0.105540061494	20.97835	3.07471645481	15	27	0.515802907863	0.860346601298	13681	0.68406579671	0.997850107495	20000	1	False	False	15.3990701878	3.21522991913	15.41985	3.21385686948	9	22	0.105540061494	-0.0666148834794	0.95368672329	9638	0.481925903705	0.884454164389	False	False
KEGG_WNT_SIGNALING_PATHWAY	hsa04310	Wnt signaling pathway	Environmental Information Processing	Signal transduction	9554	2577	81	23	AXIN1;CAMK2D;CSNK1E;JUN;LEF1;MYC;NFAT5;NFATC2;NFATC3;PLCB2;PPARD;PPP2R1B;PPP2R5A;PPP2R5D;PPP3CA;PRKACA;RAC3;RBX1;SMAD3;TBL1X;TBL1XR1;TCF7;TP53	1.07429184781	False	0.427686398626	0.427686398626	0.685405366637	False	0.289589017127	29.74645	3.75794656661	23	37	0.716874642692	0.890766610394	13702	0.685115744213	0.997850107495	20000	1	False	False	23.4790431182	3.92707617343	23.46075	3.93577939391	16	31	0.289589017127	0.405424768707	0.989482287889	11842	0.59212039398	0.904475170978	False	False
KEGG_NICOTINATE_AND_NICOTINAMIDE_METABOLISM	hsa00760	Nicotinate and nicotinamide metabolism	Metabolism	Metabolism of cofactors and vitamins	9554	2577	16	3	NAMPT;NT5C;PNP	0.624350008965	False	0.847909405895	0.847909405895	0.967815786526	False	-0.741694306817	4.2899	1.5338050691	2	7	-0.526395646551	0.815963459689	13703	0.685165741713	0.997850107495	20000	1	False	False	4.09537222671	1.64713137114	4.08785	1.64551887789	1	7	-0.741694306817	-0.128435320575	0.92763638268	16613	0.830658467077	0.998150092495	False	False
KEGG_CALCIUM_SIGNALING_PATHWAY	hsa04020	Calcium signaling pathway	Environmental Information Processing	Signal transduction	9554	2577	67	22	ADORA2A;ATP2A2;ATP2A3;ATP2B4;CALM1;CALM2;CALM3;CAMK2D;CAMK4;GNA15;HRH2;ITPKB;ITPR1;P2RX5;P2RX7;PDE1B;PLCB2;PPP3CA;PRKACA;VDAC1;VDAC2;VDAC3	1.32641008915	False	0.171165685076	0.171165685076	0.411526008799	False	1.08503427881	28.487	3.52018905742	22	35	1.663651202	0.916869690012	14404	0.720213989301	0.997850107495	20000	1	False	False	20.5559024875	3.6084845336	20.5171	3.59339777787	14	28	1.08503427881	0.675421432471	0.992583378407	7656	0.382830858457	0.786543400103	False	False
KEGG_HEDGEHOG_SIGNALING_PATHWAY	hsa04340	Hedgehog signaling pathway	Environmental Information Processing	Signal transduction	9554	2577	16	3	CSNK1D;CSNK1E;PRKACA	0.624350008965	False	0.847909405895	0.847909405895	0.967815786526	False	-0.741694306817	4.49645	1.6090330629	2	8	-0.416486342695	0.855981969071	14520	0.726013699315	0.997850107495	20000	1	False	False	3.98539777977	1.68513212217	3.9901	1.67666394665	1	7	-0.741694306817	-0.183540404829	0.945193944195	16173	0.808659567022	0.998150092495	False	False
KEGG_CELL_ADHESION_MOLECULES_CAMS	hsa04514	Cell adhesion molecule (CAM) interaction	Environmental Information Processing	Signaling molecules and interaction	9554	2577	54	19	CD2;CD226;CD28;CD4;CD6;CD99;CTLA4;GLG1;ICAM1;ICAM2;ITGA4;ITGA6;ITGAL;ITGB2;ITGB7;PDCD1LG2;PTPRC;SELPLG;SPN	1.47322685133	False	0.114803735453	0.114803735453	0.350616813682	False	1.36350771301	24.4447	3.12546667076	18	31	1.92351807326	0.905898776979	14651	0.732563371831	0.997850107495	20000	1	False	False	19.1787746869	3.33053612142	19.12705	3.32627543921	13	26	1.36350771301	1.40257196762	1.02273491269	11353	0.567671616419	0.904475170978	False	False
KEGG_PEROXISOME	hsa04146	Peroxisome	Cellular Processes	Transport and catabolism	9554	2577	54	14	ABCD4;ACSL1;FAR1;GNPAT;GSTK1;IDH1;IDH2;PECR;PEX13;PEX19;PEX2;PEX26;PHYH;PRDX5	0.947307842372	False	0.620159227757	0.620159227757	0.845663172373	False	-0.173849808008	19.38135	3.08663606172	13	25	0.45399934948	0.895115369468	14704	0.735213239338	0.997850107495	20000	1	False	False	15.0189223816	3.16607934096	15.0106	3.18194714601	9	21	-0.173849808008	0.13688089414	0.978358075279	13543	0.677166141693	0.944688568041	False	False
KEGG_AXON_GUIDANCE	hsa04360	Axon guidance	Organismal Systems	Development and regeneration	9554	2577	59	17	CFL1;CXCR4;EPHA4;FES;FYN;GNAI2;GNAI3;KRAS;MAPK1;NCK2;NFAT5;NFATC2;NFATC3;PLXNC1;PPP3CA;RAC3;SEMA4B	1.0964936756	False	0.423109618765	0.423109618765	0.685405366637	False	0.319516237251	22.92315	3.24600432494	17	29	0.959926737895	0.90039397221	15470	0.773511324434	0.997850107495	20000	1	False	False	17.6904210623	3.38838092062	17.69025	3.37007491571	11	24	0.319516237251	0.522609950477	0.99158424988	12684	0.634218289086	0.908460273189	False	False
KEGG_TOLL_LIKE_RECEPTOR_SIGNALING_PATHWAY	hsa04620	Toll-like receptor signaling pathway	Organismal Systems	Immune system	9554	2577	66	20	AKT2;CCL3;CCL4;CCL5;IRAK1;IRF7;JUN;LY96;MAP2K1;MAP3K8;MAPK1;MAPK11;MYD88;NFKB1;NFKBIA;PIK3CD;PIK3CG;PIK3R2;TLR6;TRAF3	1.17852102498	False	0.312599265313	0.312599265313	0.549089724557	False	0.611641498596	26.86225	3.47474818332	20	34	1.33596831683	0.911333188324	15474	0.773711314434	0.997850107495	20000	1	False	False	19.7644835941	3.5660830794	19.8123	3.57538371507	13	27	0.611641498596	0.559405665939	0.995008766241	10578	0.528923553822	0.904475170978	False	False
KEGG_GLYCOSYLPHOSPHATIDYLINOSITOL_GPI_ANCHOR_BIOSYNTHESIS	hsa00563	Glycosylphosphatidylinositol (GPI)-anchor biosynthesis	Metabolism	Glycan biosynthesis and metabolism	9554	2577	22	3	PGAP1;PIGV;PIGX	0.42681879524	False	0.959837885592	0.959837885592	0.988407167683	False	-1.41100660056	5.901	1.81485509063	3	10	-0.616364513449	0.823495135045	15566	0.778311084446	0.997850107495	20000	1	False	False	5.78197880414	1.99750918963	5.7895	2.01076844763	2	10	-1.41100660056	-0.0695193066188	0.966990616078	19150	0.957502124894	0.998150092495	False	False
KEGG_CYSTEINE_AND_METHIONINE_METABOLISM	hsa00270	Cysteine and methionine metabolism	Metabolism	Amino acid metabolism	9554	2577	23	7	AHCY;CTH;ENOPH1;GOT2;LDHB;MTAP;SRM	1.18499513619	False	0.43065292948	0.43065292948	0.685405366637	False	0.374505828924	10.1408	2.097111194	6	14	1.13307143019	0.930844149359	15639	0.781960901955	0.997850107495	20000	1	False	False	7.3086352966	2.14640816021	7.28205	2.15483126892	3	12	0.374505828924	0.50717087321	1.01354648367	12702	0.635118244088	0.908460273189	False	False
KEGG_UBIQUITIN_MEDIATED_PROTEOLYSIS	hsa04120	Ubiquitin mediated proteolysis	Genetic Information Processing	Folding, sorting and degradation	9554	2577	112	28	ANAPC11;BIRC3;CBL;CDC20;COP1;CUL3;CUL4A;CUL5;DDB2;ELOC;PIAS1;RBX1;RCHY1;RNF7;SKP2;SOCS1;UBA7;UBE2A;UBE2F;UBE2G1;UBE2H;UBE2L3;UBE2L6;UBE2O;UBE2R2;UBOX5;UBR5;WWP1	0.901399241533	False	0.71541520313	0.71541520313	0.929217447744	False	-0.473223916937	37.89095	4.22986502119	30	46	0.189415695484	0.853612286457	15661	0.783060846958	0.997850107495	20000	1	False	False	29.8864417505	4.45931212667	29.9254	4.43556477126	21	39	-0.473223916937	-0.0608952659483	0.949885965775	14103	0.705164741763	0.971751412429	False	False
KEGG_BUTANOATE_METABOLISM	hsa00650	Butanoate metabolism	Metabolism	Carbohydrate metabolism	9554	2577	22	5	ACAT2;BDH2;HMGCS1;L2HGDH;OXCT1	0.795901564358	False	0.747870099234	0.747870099234	0.938992457927	False	-0.449194595582	8.13725	2.02973210979	4	12	0.398764389031	0.921144599371	15779	0.788960551972	0.997850107495	20000	1	False	False	6.43813830948	2.07318135635	6.4262	2.07387404632	3	11	-0.449194595582	0.236673545164	0.997338477276	16476	0.82380880956	0.998150092495	False	False
KEGG_GLYCEROPHOSPHOLIPID_METABOLISM	hsa00564	Glycerophospholipid metabolism	Metabolism	Lipid metabolism	9554	2577	49	11	AGPAT1;CDS2;DGKA;DGKD;DGKI;GNPAT;MBOAT7;PCYT1A;PLPP1;PTDSS1;TAFAZZIN	0.782797308939	False	0.808093370843	0.808093370843	0.965455263948	False	-0.715335318007	16.36055	2.85672079446	11	22	0.058840879794	0.869323033292	16772	0.838608069597	0.997850107495	20000	1	False	False	13.4994117819	2.99386613445	13.46465	3.00152467548	8	19	-0.715335318007	0.0799898193384	0.968570801034	16773	0.838658067097	0.998150092495	False	False
KEGG_INOSITOL_PHOSPHATE_METABOLISM	hsa00562	Inositol phosphate metabolism	Metabolism	Carbohydrate metabolism	9554	2577	38	9	IMPA2;INPP4A;ITPKB;PIK3C2A;PIK3CD;PIK3CG;PIKFYVE;PLCB2;PTEN	0.839671285852	False	0.733358797334	0.733358797334	0.938992457927	False	-0.457681786435	14.26545	2.6920784345	9	20	0.597175797624	0.930118524958	16960	0.84800759962	0.997850107495	20000	1	False	False	10.6682602312	2.68501554768	10.68005	2.69018252122	6	16	-0.457681786435	0.157589640513	0.98520427284	15816	0.790810459477	0.998150092495	False	False
KEGG_NOD_LIKE_RECEPTOR_SIGNALING_PATHWAY	hsa04621	NOD-like receptor signaling pathway	Organismal Systems	Immune system	9554	2577	38	11	BIRC3;CCL5;HSP90AA1;MAPK1;MAPK11;NFKB1;NFKBIA;PSTPIP1;PYCARD;SUGT1;TNFAIP3	1.10346121648	False	0.452462711936	0.452462711936	0.700387485599	False	0.274762399093	16.17235	2.58554548935	11	21	1.25634031447	0.892745586521	17058	0.852907354632	0.997850107495	20000	1	False	False	12.1342132328	2.76883950209	12.16285	2.77045661895	7	18	0.274762399093	0.700623759663	1.0146024209	14461	0.723063846808	0.972693032015	False	False
KEGG_FC_GAMMA_R_MEDIATED_PHAGOCYTOSIS	hsa04666	Fc gamma R-mediated phagosome formation	Organismal Systems	Immune system	9554	2577	68	22	AKT2;ARF6;ARPC4;ARPC5L;CFL1;CRKL;DOCK2;GAB2;INPP5D;LAT;MAP2K1;MAPK1;MARCKSL1;PIK3CD;PIK3CG;PIK3R2;PIKFYVE;PLPP1;PTPRC;RAF1;VASP;VAV1	1.29738790096	False	0.191767661743	0.191767661743	0.423490441548	False	1.00312333514	30.18295	3.5283961367	23	37	2.004998434	0.91181815321	17104	0.855207239638	0.997850107495	20000	1	False	False	20.8685024934	3.67087979035	20.90775	3.6797608533	14	28	1.00312333514	0.703628324394	1.00899063064	8647	0.432378381081	0.84239236314	False	False
KEGG_PROPANOATE_METABOLISM	hsa00640	Propanoate metabolism	Metabolism	Carbohydrate metabolism	9554	2577	23	5	ACACA;ACADM;ACAT2;ACSS2;LDHB	0.751576810092	False	0.784333288115	0.784333288115	0.963365886489	False	-0.56621421565	8.716	2.04874205307	5	13	0.500493981998	0.909524719149	17207	0.860356982151	0.997850107495	20000	1	False	False	6.75884658937	2.11657380582	6.7689	2.11345517814	3	11	-0.56621421565	0.265805627773	0.994084824692	17208	0.860406979651	0.998150092495	False	False
KEGG_ALDOSTERONE_REGULATED_SODIUM_REABSORPTION	hsa04960	Aldosterone-regulated sodium reabsorption	Organismal Systems	Excretory system	9554	2577	27	6	HSD11B1;KRAS;MAPK1;PIK3CD;PIK3CG;PIK3R2	0.773017725176	False	0.77617180731	0.77617180731	0.963365886489	False	-0.556969827571	10.0529	2.33120174803	6	15	0.468989893309	0.954435204917	17236	0.861806909655	0.997850107495	20000	1	False	False	7.99357946684	2.33016417177	8.01945	2.3462889203	4	13	-0.556969827571	0.319903167168	1.018790954	17185	0.859257037148	0.998150092495	False	False
KEGG_GLYCEROLIPID_METABOLISM	hsa00561	Glycerolipid metabolism	Metabolism	Lipid metabolism	9554	2577	32	8	AGK;AGPAT1;DGAT2;DGKA;DGKD;DGKI;PLPP1;TKFC	0.902166861295	False	0.664694365997	0.664694365997	0.88365251009	False	-0.251883995254	12.34865	2.33312948151	8	17	0.674221240942	0.878029398889	17686	0.884305784711	0.997850107495	20000	1	False	False	9.66221486462	2.48875317696	9.6454	2.47976991675	5	15	-0.251883995254	0.404557415723	0.989317894158	16155	0.807759612019	0.998150092495	False	False
KEGG_ABC_TRANSPORTERS	hsa02010	ABC transporters	Environmental Information Processing	Membrane transport	9554	2577	20	5	ABCA2;ABCA7;ABCD4;TAP1;TAP2	0.902280974598	False	0.66171516587	0.66171516587	0.88365251009	False	-0.199006424397	8.7653	1.90292299109	5	12	1.03130326934	0.905704784812	17688	0.884405779711	0.997850107495	20000	1	False	False	7.0370461671	2.02754318346	7.0425	2.02041920155	3	11	-0.199006424397	0.831078541377	1.01894905463	17954	0.897705114744	0.998150092495	False	False
KEGG_VEGF_SIGNALING_PATHWAY	hsa04370	VEGF signaling pathway	Environmental Information Processing	Signal transduction	9554	2577	52	17	AKT2;CASP9;KRAS;MAP2K1;MAPK1;MAPK11;NFAT5;NFATC2;NFATC3;PIK3CD;PIK3CG;PIK3R2;PPP3CA;PXN;RAC3;RAF1;SH2D2A	1.31712053571	False	0.216363500186	0.216363500186	0.444528645836	False	0.931754522474	24.32725	3.17150712399	18	30	2.12036066069	0.936615185652	17754	0.887705614719	0.997850107495	20000	1	False	False	17.4195441305	3.32247987658	17.41145	3.33262042506	11	24	0.931754522474	1.06066001924	1.04409549501	12085	0.604269786511	0.904475170978	False	False
KEGG_TIGHT_JUNCTION	hsa04530	Tight junction	Cellular Processes	Cellular community - eukaryotes	9554	2577	69	19	ACTG1;AKT2;CDK4;EPB41;GNAI2;GNAI3;KRAS;MYH9;MYL12A;PALS1;PARD6B;PATJ;PPP2R1B;PRKCH;PRKCQ;PTEN;SPTAN1;YBX3;YES1	1.02903049257	False	0.50379811442	0.50379811442	0.73595462929	False	0.105793760427	27.9857	3.5211213427	21	35	1.34115762571	0.903694609109	18141	0.907054647268	0.997850107495	20000	1	False	False	22.356009078	3.68415562094	22.3111	3.67884720938	15	30	0.105793760427	1.00714205084	1.00145650777	16978	0.848907554622	0.998150092495	False	False
KEGG_ADHERENS_JUNCTION	hsa04520	Adherens junction	Cellular Processes	Cellular community - eukaryotes	9554	2577	50	14	ACP1;ACTG1;FYN;IQGAP1;LEF1;MAPK1;PTPN1;RAC3;SMAD3;TCF7;TGFBR1;TGFBR2;VCL;YES1	1.05317119695	False	0.488493888026	0.488493888026	0.72631328088	False	0.164046755733	21.15355	2.99260294685	15	27	1.4041203844	0.902063636717	18184	0.909204539773	0.997850107495	20000	1	False	False	16.6454978864	3.14148616914	16.65045	3.14688175779	11	23	0.164046755733	1.01077677052	1.00532333653	16845	0.842257887106	0.998150092495	False	False
KEGG_LYSINE_DEGRADATION	hsa00310	Lysine degradation	Metabolism	Amino acid metabolism	9554	2577	35	5	ACAT2;SETD1B;SETD7;SUV39H1;SUV39H2	0.450168481078	False	0.976859186795	0.976859186795	0.988407167683	False	-1.69422265001	9.59485	2.28024197784	5	14	-0.703438576636	0.820857931919	18254	0.912704364782	0.997850107495	20000	1	False	False	8.23325646748	2.41350997448	8.2316	2.39237568956	4	13	-1.69422265001	-0.461255604746	0.912773977321	18980	0.949002549873	0.998150092495	False	False
KEGG_REGULATION_OF_ACTIN_CYTOSKELETON	hsa04810	Regulation of actin cytoskeleton	Cellular Processes	Cell motility	9554	2577	130	41	ACTG1;ARHGEF6;ARHGEF7;ARPC4;ARPC5L;CFL1;CRKL;DIAPH2;DIAPH3;EZR;FGD3;IQGAP1;ITGA1;ITGA2;ITGA4;ITGA5;ITGA6;ITGAL;ITGAX;ITGB2;ITGB7;KRAS;MAP2K1;MAPK1;MSN;MYH9;MYL12A;PFN1;PIK3CD;PIK3CG;PIK3R2;PIKFYVE;PPP1CC;PPP1R12A;PXN;RAC3;RAF1;SOS2;TIAM1;VAV1;VCL	1.2512317017	False	0.140185017513	0.140185017513	0.37716445188	False	1.18087165757	57.0984	4.81150885274	48	66	2.66786356895	0.901155312394	18973	0.948652567372	0.997850107495	20000	1	False	False	41.9446778703	5.02856004468	41.9566	5.03509845385	32	52	1.18087165757	1.37120050458	1.00180272144	12153	0.607669616519	0.904475170978	False	False
KEGG_VALINE_LEUCINE_AND_ISOLEUCINE_DEGRADATION	hsa00280	Valine, leucine and isoleucine degradation	Metabolism	Amino acid metabolism	9554	2577	37	8	ACADM;ACAT2;AUH;BCAT1;DLD;HMGCS1;IVD;OXCT1	0.746083945182	False	0.820209781761	0.820209781761	0.965455263948	False	-0.734817829248	14.63585	2.58828993304	10	20	0.850509901759	0.906436837464	19016	0.950802459877	0.997850107495	20000	1	False	False	10.4657439659	2.67906792283	10.46215	2.67102365723	5	16	-0.734817829248	0.178931699561	0.991266416844	17353	0.867656617169	0.998150092495	False	False
KEGG_LEUKOCYTE_TRANSENDOTHELIAL_MIGRATION	hsa04670	Leukocyte transendothelial migration	Organismal Systems	Immune system	9554	2577	69	25	ACTG1;CD99;CXCR4;EZR;GNAI2;GNAI3;ICAM1;ITGA4;ITGAL;ITGB2;ITK;MAPK11;MSN;MYL12A;PIK3CD;PIK3CG;PIK3R2;PTPN11;PXN;RAP1A;RASSF5;SIPA1;VASP;VAV1;VCL	1.54357544885	False	0.0574500984951	0.0574500984951	0.282254831737	False	1.73911493541	35.51175	3.56698218912	29	43	3.27501448312	0.915366400444	19101	0.955052247388	0.997850107495	20000	1	False	False	25.3184840917	3.78657277553	25.2582	3.7695401258	18	33	1.73911493541	1.80940218998	1.02614495124	11579	0.578971051447	0.904475170978	False	False
KEGG_N_GLYCAN_BIOSYNTHESIS	hsa00510	N-Glycan biosynthesis	Metabolism	Glycan biosynthesis and metabolism	9554	2577	38	6	B4GALT2;FUT8;MAN1A1;MAN2A2;MGAT5;STT3B	0.506490665111	False	0.965464864735	0.965464864735	0.988407167683	False	-1.55634806473	12.46685	2.52869552883	8	17	-0.0245984026103	0.873205224725	19168	0.958402079896	0.997850107495	20000	1	False	False	11.4781795959	2.73447328024	11.46645	2.74393410954	6	17	-1.55634806473	0.445586694263	1.004889292	19785	0.989250537473	0.998150092495	False	False
KEGG_ADIPOCYTOKINE_SIGNALING_PATHWAY	hsa04920	Adipocytokine signaling pathway	Organismal Systems	Endocrine system	9554	2577	45	11	ACSL1;AKT2;JAK2;NFKB1;NFKBIA;PRKCQ;PTPN11;RXRA;TNFRSF1A;TNFRSF1B;TRADD	0.875395442667	False	0.702769354241	0.702769354241	0.923406244526	False	-0.383066464382	18.49855	2.91425769236	13	24	1.16018595867	0.924948494518	19184	0.959202039898	0.997850107495	20000	1	False	False	13.4274903113	2.94100652124	13.46225	2.93957053623	8	19	-0.383066464382	0.445871481528	0.989632069109	16821	0.841057947103	0.998150092495	False	False
KEGG_NEUROACTIVE_LIGAND_RECEPTOR_INTERACTION	hsa04080	Neuroactive ligand-receptor interaction	Environmental Information Processing	Signaling molecules and interaction	9554	2577	42	9	ADORA2A;GZMA;HRH2;NR3C1;P2RX5;P2RX7;PTGER2;PTGER4;S1PR1	0.737468139337	False	0.837814255543	0.837814255543	0.967815786526	False	-0.811350910678	16.1444	2.55946256859	11	21	0.752058757554	0.841435337584	19330	0.966501674916	0.997850107495	20000	1	False	False	12.4976856683	2.82535690375	12.48445	2.83527039231	7	18	-0.811350910678	0.402700914094	0.987864711361	18493	0.924653767312	0.998150092495	False	False
KEGG_BIOSYNTHESIS_OF_UNSATURATED_FATTY_ACIDS	hsa01040	Biosynthesis of unsaturated fatty acids	Metabolism	Lipid metabolism	9554	2577	15	2	PECR;SCD	0.416071695295	False	0.941544269214	0.941544269214	0.988407167683	False	-1.19113607273	5.5601	1.63284659108	3	9	0.335739844472	0.897307469652	19517	0.97585120744	0.997850107495	20000	1	False	False	4.4614087874	1.64941480826	4.44665	1.66176225059	1	8	-1.19113607273	0.233284862103	0.967465284556	19421	0.971051447428	0.998150092495	False	False
KEGG_ETHER_LIPID_METABOLISM	hsa00565	Ether lipid metabolism	Metabolism	Lipid metabolism	9554	2577	18	2	PAFAH1B3;PLPP1	0.337912621359	False	0.973415847944	0.973415847944	0.988407167683	False	-1.51764945193	5.8036	1.72893812498	3	9	-0.0679481515166	0.86727290471	19519	0.97595120244	0.997850107495	20000	1	False	False	4.85940144055	1.81025205072	4.8621	1.81754878614	2	9	-1.51764945193	0.00370000911217	0.96611818812	19513	0.975651217439	0.998150092495	False	False
KEGG_BETA_ALANINE_METABOLISM	hsa00410	beta-Alanine metabolism	Metabolism	Metabolism of other amino acids	9554	2577	16	2	ACADM;SRM	0.386296809986	False	0.95492067826	0.95492067826	0.988407167683	False	-1.30542918409	5.9089	1.68754282612	3	9	0.335124187931	0.897887233899	19617	0.980850957452	0.997850107495	20000	1	False	False	4.46148823649	1.75138942893	4.4704	1.74723319566	1	8	-1.30542918409	0.0872214567262	0.984976291122	19287	0.964351782411	0.998150092495	False	False
KEGG_O_GLYCAN_BIOSYNTHESIS	hsa00512	Mucin type O-glycan biosynthesis	Metabolism	Glycan biosynthesis and metabolism	9554	2577	15	2	GALNT4;ST3GAL1	0.416071695295	False	0.941544269214	0.941544269214	0.988407167683	False	-1.19113607273	5.83835	1.62441351801	3	9	0.488648375126	0.892649606468	19647	0.982350882456	0.997850107495	20000	1	False	False	4.47931846474	1.71952899612	4.47035	1.71794088301	1	8	-1.19113607273	0.247082821008	1.00017205508	19342	0.967101644918	0.998150092495	False	False
KEGG_COMPLEMENT_AND_COAGULATION_CASCADES	hsa04610	Complement and coagulation cascades	Organismal Systems	Immune system	9554	2577	16	2	CD59;F5	0.386296809986	False	0.95492067826	0.95492067826	0.988407167683	False	-1.30542918409	5.8003	1.64338671955	3	9	0.277341102531	0.874476379498	19675	0.983750812459	0.997850107495	20000	1	False	False	4.70080795805	1.73763504925	4.68625	1.74379211419	1	8	-1.30542918409	0.208903629986	0.983036433482	19485	0.974251287436	0.998150092495	False	False
KEGG_METABOLISM_OF_XENOBIOTICS_BY_CYTOCHROME_P450	hsa00980	Metabolism of xenobiotics by cytochrome P450	Metabolism	Xenobiotics biodegradation and metabolism	9554	2577	16	2	GSTA4;GSTK1	0.386296809986	False	0.95492067826	0.95492067826	0.988407167683	False	-1.30542918409	6.15755	1.62604673903	3	9	0.467416372283	0.864936488575	19815	0.990750462477	0.997850107495	20000	1	False	False	4.6729076436	1.71692152541	4.6839	1.71487048782	2	8	-1.30542918409	0.207578853024	0.966732303992	19514	0.975701214939	0.998150092495	False	False
KEGG_TRYPTOPHAN_METABOLISM	hsa00380	Tryptophan metabolism	Metabolism	Amino acid metabolism	9554	2577	19	2	ACAT2;WARS1	0.31798972016	False	0.979660201598	0.979660201598	0.988407167683	False	-1.61680723699	7.55785	1.89825008297	4	11	0.629487459936	0.927060890075	19918	0.99590020499	0.997850107495	20000	1	False	False	5.54164270438	1.93728611755	5.5445	1.93225768209	2	9	-1.61680723699	0.217116984914	0.999750082143	19793	0.989650517474	0.998150092495	False	False
KEGG_NOTCH_SIGNALING_PATHWAY	hsa04330	Notch signaling pathway	Environmental Information Processing	Signal transduction	9554	2577	33	5	APH1A;DTX3L;HDAC1;HDAC2;NOTCH2	0.482462230615	False	0.965166524239	0.965166524239	0.988407167683	False	-1.5326786608	12.76155	2.38700473345	8	17	0.694732683015	0.884761540438	19933	0.996650167492	0.997850107495	20000	1	False	False	9.08760061301	2.45650955718	9.08225	2.46701944409	5	14	-1.5326786608	0.0711755926945	0.969254609311	19503	0.975151242438	0.998150092495	False	False
KEGG_ARACHIDONIC_ACID_METABOLISM	hsa00590	Arachidonic acid metabolism	Metabolism	Lipid metabolism	9554	2577	18	1	PTGES2	0.158933138473	False	0.996531591904	0.996531591904	0.996531591904	False	-2.04919952392	5.7324	1.70557621935	3	9	-0.103663107968	0.855651991038	19956	0.997800109995	0.997850107495	20000	1	False	False	5.06271943279	1.85311352981	5.07745	1.84928404998	2	9	-2.04919952392	0.118169317115	0.982987069897	19963	0.998150092495	0.998150092495	False	False
KEGG_FATTY_ACID_METABOLISM	hsa00071	Fatty acid degradation	Metabolism	Lipid metabolism	9554	2577	30	4	ACADM;ACADVL;ACAT2;ACSL1	0.415617806212	False	0.978000615862	0.978000615862	0.988407167683	False	-1.68584680037	12.2457	2.40508451203	8	17	0.912858595838	0.93491291465	19957	0.997850107495	0.997850107495	20000	1	False	False	8.77995472401	2.41756103694	8.7746	2.40101954178	4	14	-1.68584680037	0.281270364595	0.989210981874	19824	0.991200439978	0.998150092495	False	False
