regulator_order_top_to_bottom	landmark_order_left_to_right	regulator	target	cell_state	eligible_both_endpoints	is_reversal	orientation	response_shape	response_shape_supported	response_analysis_status	regulator_landmark_reversal_burden	target_landmark_reversal_burden
1	1	TADA2B	GZMA	outside_both_endpoint_census	False	False		not_applicable	False		5	5
1	2	TADA2B	GZMB	outside_both_endpoint_census	False	False		not_applicable	False		5	0
1	3	TADA2B	GNLY	comparable_not_reversed	True	False		not_applicable	False		5	3
1	4	TADA2B	PRF1	outside_both_endpoint_census	False	False		not_applicable	False		5	0
1	5	TADA2B	IFNG	outside_both_endpoint_census	False	False		not_applicable	False		5	3
1	6	TADA2B	TNF	comparable_not_reversed	True	False		not_applicable	False		5	0
1	7	TADA2B	NKG7	comparable_not_reversed	True	False		not_applicable	False		5	2
1	8	TADA2B	CCL5	comparable_not_reversed	True	False		not_applicable	False		5	4
1	9	TADA2B	CCL4	outside_both_endpoint_census	False	False		not_applicable	False		5	1
1	10	TADA2B	CCL3	outside_both_endpoint_census	False	False		not_applicable	False		5	1
1	11	TADA2B	CCR5	comparable_not_reversed	True	False		not_applicable	False		5	4
1	12	TADA2B	CCR1	reversal_lost	True	True	lost	unresolved	False	UNANALYSABLE_POSITIVE_INTENSITY	5	3
1	13	TADA2B	CCR7	reversal_gained	True	True	gained	unresolved	False	UNANALYSABLE_POSITIVE_INTENSITY	5	6
1	14	TADA2B	CCR2	comparable_not_reversed	True	False		not_applicable	False		5	0
1	15	TADA2B	IL2	outside_both_endpoint_census	False	False		not_applicable	False		5	2
1	16	TADA2B	IL2RA	reversal_lost	True	True	lost	intensity-dominant	True	ESTIMATED_CONTINUOUS_COMPONENTS	5	11
1	17	TADA2B	IL2RB	reversal_lost	True	True	lost	intensity-dominant	True	ESTIMATED_CONTINUOUS_COMPONENTS	5	9
1	18	TADA2B	CD69	reversal_lost	True	True	lost	detection-dominant	True	ESTIMATED_CONTINUOUS_COMPONENTS	5	9
1	19	TADA2B	CTLA4	outside_both_endpoint_census	False	False		not_applicable	False		5	6
1	20	TADA2B	IL2RG	outside_both_endpoint_census	False	False		not_applicable	False		5	0
1	21	TADA2B	SELL	outside_both_endpoint_census	False	False		not_applicable	False		5	0
1	22	TADA2B	TBX21	outside_both_endpoint_census	False	False		not_applicable	False		5	1
1	23	TADA2B	KLRB1	outside_both_endpoint_census	False	False		not_applicable	False		5	0
1	24	TADA2B	XCL1	outside_both_endpoint_census	False	False		not_applicable	False		5	0
1	25	TADA2B	XCL2	outside_both_endpoint_census	False	False		not_applicable	False		5	0
2	1	CCNC	GZMA	outside_both_endpoint_census	False	False		not_applicable	False		4	5
2	2	CCNC	GZMB	outside_both_endpoint_census	False	False		not_applicable	False		4	0
2	3	CCNC	GNLY	outside_both_endpoint_census	False	False		not_applicable	False		4	3
2	4	CCNC	PRF1	outside_both_endpoint_census	False	False		not_applicable	False		4	0
2	5	CCNC	IFNG	outside_both_endpoint_census	False	False		not_applicable	False		4	3
2	6	CCNC	TNF	outside_both_endpoint_census	False	False		not_applicable	False		4	0
2	7	CCNC	NKG7	outside_both_endpoint_census	False	False		not_applicable	False		4	2
2	8	CCNC	CCL5	outside_both_endpoint_census	False	False		not_applicable	False		4	4
2	9	CCNC	CCL4	outside_both_endpoint_census	False	False		not_applicable	False		4	1
2	10	CCNC	CCL3	outside_both_endpoint_census	False	False		not_applicable	False		4	1
2	11	CCNC	CCR5	reversal_lost	True	True	lost	unresolved	False	UNANALYSABLE_POSITIVE_INTENSITY	4	4
2	12	CCNC	CCR1	reversal_lost	True	True	lost	unresolved	False	UNANALYSABLE_POSITIVE_INTENSITY	4	3
2	13	CCNC	CCR7	outside_both_endpoint_census	False	False		not_applicable	False		4	6
2	14	CCNC	CCR2	outside_both_endpoint_census	False	False		not_applicable	False		4	0
2	15	CCNC	IL2	outside_both_endpoint_census	False	False		not_applicable	False		4	2
2	16	CCNC	IL2RA	reversal_lost	True	True	lost	intensity-dominant	True	ESTIMATED_CONTINUOUS_COMPONENTS	4	11
2	17	CCNC	IL2RB	outside_both_endpoint_census	False	False		not_applicable	False		4	9
2	18	CCNC	CD69	comparable_not_reversed	True	False		not_applicable	False		4	9
2	19	CCNC	CTLA4	reversal_lost	True	True	lost	unresolved	False	UNANALYSABLE_POSITIVE_INTENSITY	4	6
2	20	CCNC	IL2RG	outside_both_endpoint_census	False	False		not_applicable	False		4	0
2	21	CCNC	SELL	outside_both_endpoint_census	False	False		not_applicable	False		4	0
2	22	CCNC	TBX21	outside_both_endpoint_census	False	False		not_applicable	False		4	1
2	23	CCNC	KLRB1	outside_both_endpoint_census	False	False		not_applicable	False		4	0
2	24	CCNC	XCL1	outside_both_endpoint_census	False	False		not_applicable	False		4	0
2	25	CCNC	XCL2	outside_both_endpoint_census	False	False		not_applicable	False		4	0
3	1	SUPT7L	GZMA	outside_both_endpoint_census	False	False		not_applicable	False		3	5
3	2	SUPT7L	GZMB	outside_both_endpoint_census	False	False		not_applicable	False		3	0
3	3	SUPT7L	GNLY	comparable_not_reversed	True	False		not_applicable	False		3	3
3	4	SUPT7L	PRF1	outside_both_endpoint_census	False	False		not_applicable	False		3	0
3	5	SUPT7L	IFNG	outside_both_endpoint_census	False	False		not_applicable	False		3	3
3	6	SUPT7L	TNF	comparable_not_reversed	True	False		not_applicable	False		3	0
3	7	SUPT7L	NKG7	outside_both_endpoint_census	False	False		not_applicable	False		3	2
3	8	SUPT7L	CCL5	outside_both_endpoint_census	False	False		not_applicable	False		3	4
3	9	SUPT7L	CCL4	outside_both_endpoint_census	False	False		not_applicable	False		3	1
3	10	SUPT7L	CCL3	outside_both_endpoint_census	False	False		not_applicable	False		3	1
3	11	SUPT7L	CCR5	outside_both_endpoint_census	False	False		not_applicable	False		3	4
3	12	SUPT7L	CCR1	outside_both_endpoint_census	False	False		not_applicable	False		3	3
3	13	SUPT7L	CCR7	reversal_gained	True	True	gained	unresolved	False	UNANALYSABLE_POSITIVE_INTENSITY	3	6
3	14	SUPT7L	CCR2	comparable_not_reversed	True	False		not_applicable	False		3	0
3	15	SUPT7L	IL2	outside_both_endpoint_census	False	False		not_applicable	False		3	2
3	16	SUPT7L	IL2RA	reversal_lost	True	True	lost	intensity-dominant	True	ESTIMATED_CONTINUOUS_COMPONENTS	3	11
3	17	SUPT7L	IL2RB	outside_both_endpoint_census	False	False		not_applicable	False		3	9
3	18	SUPT7L	CD69	reversal_lost	True	True	lost	detection-dominant	True	ESTIMATED_CONTINUOUS_COMPONENTS	3	9
3	19	SUPT7L	CTLA4	outside_both_endpoint_census	False	False		not_applicable	False		3	6
3	20	SUPT7L	IL2RG	outside_both_endpoint_census	False	False		not_applicable	False		3	0
3	21	SUPT7L	SELL	outside_both_endpoint_census	False	False		not_applicable	False		3	0
3	22	SUPT7L	TBX21	outside_both_endpoint_census	False	False		not_applicable	False		3	1
3	23	SUPT7L	KLRB1	outside_both_endpoint_census	False	False		not_applicable	False		3	0
3	24	SUPT7L	XCL1	outside_both_endpoint_census	False	False		not_applicable	False		3	0
3	25	SUPT7L	XCL2	outside_both_endpoint_census	False	False		not_applicable	False		3	0
4	1	ARNT	GZMA	outside_both_endpoint_census	False	False		not_applicable	False		3	5
4	2	ARNT	GZMB	outside_both_endpoint_census	False	False		not_applicable	False		3	0
4	3	ARNT	GNLY	outside_both_endpoint_census	False	False		not_applicable	False		3	3
4	4	ARNT	PRF1	outside_both_endpoint_census	False	False		not_applicable	False		3	0
4	5	ARNT	IFNG	outside_both_endpoint_census	False	False		not_applicable	False		3	3
4	6	ARNT	TNF	outside_both_endpoint_census	False	False		not_applicable	False		3	0
4	7	ARNT	NKG7	outside_both_endpoint_census	False	False		not_applicable	False		3	2
4	8	ARNT	CCL5	outside_both_endpoint_census	False	False		not_applicable	False		3	4
4	9	ARNT	CCL4	outside_both_endpoint_census	False	False		not_applicable	False		3	1
4	10	ARNT	CCL3	outside_both_endpoint_census	False	False		not_applicable	False		3	1
4	11	ARNT	CCR5	outside_both_endpoint_census	False	False		not_applicable	False		3	4
4	12	ARNT	CCR1	outside_both_endpoint_census	False	False		not_applicable	False		3	3
4	13	ARNT	CCR7	outside_both_endpoint_census	False	False		not_applicable	False		3	6
4	14	ARNT	CCR2	outside_both_endpoint_census	False	False		not_applicable	False		3	0
4	15	ARNT	IL2	outside_both_endpoint_census	False	False		not_applicable	False		3	2
4	16	ARNT	IL2RA	reversal_lost	True	True	lost	intensity-dominant	True	ESTIMATED_CONTINUOUS_COMPONENTS	3	11
4	17	ARNT	IL2RB	outside_both_endpoint_census	False	False		not_applicable	False		3	9
4	18	ARNT	CD69	reversal_lost	True	True	lost	unresolved	False	UNANALYSABLE_POSITIVE_INTENSITY	3	9
4	19	ARNT	CTLA4	reversal_lost	True	True	lost	unresolved	False	UNANALYSABLE_POSITIVE_INTENSITY	3	6
4	20	ARNT	IL2RG	outside_both_endpoint_census	False	False		not_applicable	False		3	0
4	21	ARNT	SELL	comparable_not_reversed	True	False		not_applicable	False		3	0
4	22	ARNT	TBX21	comparable_not_reversed	True	False		not_applicable	False		3	1
4	23	ARNT	KLRB1	outside_both_endpoint_census	False	False		not_applicable	False		3	0
4	24	ARNT	XCL1	outside_both_endpoint_census	False	False		not_applicable	False		3	0
4	25	ARNT	XCL2	outside_both_endpoint_census	False	False		not_applicable	False		3	0
5	1	TAF6L	GZMA	outside_both_endpoint_census	False	False		not_applicable	False		3	5
5	2	TAF6L	GZMB	outside_both_endpoint_census	False	False		not_applicable	False		3	0
5	3	TAF6L	GNLY	comparable_not_reversed	True	False		not_applicable	False		3	3
5	4	TAF6L	PRF1	outside_both_endpoint_census	False	False		not_applicable	False		3	0
5	5	TAF6L	IFNG	outside_both_endpoint_census	False	False		not_applicable	False		3	3
5	6	TAF6L	TNF	comparable_not_reversed	True	False		not_applicable	False		3	0
5	7	TAF6L	NKG7	outside_both_endpoint_census	False	False		not_applicable	False		3	2
5	8	TAF6L	CCL5	outside_both_endpoint_census	False	False		not_applicable	False		3	4
5	9	TAF6L	CCL4	outside_both_endpoint_census	False	False		not_applicable	False		3	1
5	10	TAF6L	CCL3	outside_both_endpoint_census	False	False		not_applicable	False		3	1
5	11	TAF6L	CCR5	outside_both_endpoint_census	False	False		not_applicable	False		3	4
5	12	TAF6L	CCR1	outside_both_endpoint_census	False	False		not_applicable	False		3	3
5	13	TAF6L	CCR7	reversal_gained	True	True	gained	unresolved	False	UNANALYSABLE_POSITIVE_INTENSITY	3	6
5	14	TAF6L	CCR2	comparable_not_reversed	True	False		not_applicable	False		3	0
5	15	TAF6L	IL2	outside_both_endpoint_census	False	False		not_applicable	False		3	2
5	16	TAF6L	IL2RA	reversal_lost	True	True	lost	intensity-dominant	True	ESTIMATED_CONTINUOUS_COMPONENTS	3	11
5	17	TAF6L	IL2RB	reversal_lost	True	True	lost	intensity-dominant	True	ESTIMATED_CONTINUOUS_COMPONENTS	3	9
5	18	TAF6L	CD69	outside_both_endpoint_census	False	False		not_applicable	False		3	9
5	19	TAF6L	CTLA4	outside_both_endpoint_census	False	False		not_applicable	False		3	6
5	20	TAF6L	IL2RG	outside_both_endpoint_census	False	False		not_applicable	False		3	0
5	21	TAF6L	SELL	outside_both_endpoint_census	False	False		not_applicable	False		3	0
5	22	TAF6L	TBX21	outside_both_endpoint_census	False	False		not_applicable	False		3	1
5	23	TAF6L	KLRB1	outside_both_endpoint_census	False	False		not_applicable	False		3	0
5	24	TAF6L	XCL1	outside_both_endpoint_census	False	False		not_applicable	False		3	0
5	25	TAF6L	XCL2	outside_both_endpoint_census	False	False		not_applicable	False		3	0
6	1	TADA1	GZMA	outside_both_endpoint_census	False	False		not_applicable	False		2	5
6	2	TADA1	GZMB	outside_both_endpoint_census	False	False		not_applicable	False		2	0
6	3	TADA1	GNLY	comparable_not_reversed	True	False		not_applicable	False		2	3
6	4	TADA1	PRF1	outside_both_endpoint_census	False	False		not_applicable	False		2	0
6	5	TADA1	IFNG	outside_both_endpoint_census	False	False		not_applicable	False		2	3
6	6	TADA1	TNF	comparable_not_reversed	True	False		not_applicable	False		2	0
6	7	TADA1	NKG7	comparable_not_reversed	True	False		not_applicable	False		2	2
6	8	TADA1	CCL5	comparable_not_reversed	True	False		not_applicable	False		2	4
6	9	TADA1	CCL4	comparable_not_reversed	True	False		not_applicable	False		2	1
6	10	TADA1	CCL3	outside_both_endpoint_census	False	False		not_applicable	False		2	1
6	11	TADA1	CCR5	comparable_not_reversed	True	False		not_applicable	False		2	4
6	12	TADA1	CCR1	outside_both_endpoint_census	False	False		not_applicable	False		2	3
6	13	TADA1	CCR7	reversal_gained	True	True	gained	unresolved	False	UNANALYSABLE_METADATA_SUPPORT	2	6
6	14	TADA1	CCR2	comparable_not_reversed	True	False		not_applicable	False		2	0
6	15	TADA1	IL2	outside_both_endpoint_census	False	False		not_applicable	False		2	2
6	16	TADA1	IL2RA	outside_both_endpoint_census	False	False		not_applicable	False		2	11
6	17	TADA1	IL2RB	outside_both_endpoint_census	False	False		not_applicable	False		2	9
6	18	TADA1	CD69	reversal_lost	True	True	lost	unresolved	False	UNANALYSABLE_METADATA_SUPPORT	2	9
6	19	TADA1	CTLA4	outside_both_endpoint_census	False	False		not_applicable	False		2	6
6	20	TADA1	IL2RG	outside_both_endpoint_census	False	False		not_applicable	False		2	0
6	21	TADA1	SELL	outside_both_endpoint_census	False	False		not_applicable	False		2	0
6	22	TADA1	TBX21	outside_both_endpoint_census	False	False		not_applicable	False		2	1
6	23	TADA1	KLRB1	outside_both_endpoint_census	False	False		not_applicable	False		2	0
6	24	TADA1	XCL1	outside_both_endpoint_census	False	False		not_applicable	False		2	0
6	25	TADA1	XCL2	outside_both_endpoint_census	False	False		not_applicable	False		2	0
7	1	SMARCB1	GZMA	outside_both_endpoint_census	False	False		not_applicable	False		2	5
7	2	SMARCB1	GZMB	outside_both_endpoint_census	False	False		not_applicable	False		2	0
7	3	SMARCB1	GNLY	outside_both_endpoint_census	False	False		not_applicable	False		2	3
7	4	SMARCB1	PRF1	comparable_not_reversed	True	False		not_applicable	False		2	0
7	5	SMARCB1	IFNG	outside_both_endpoint_census	False	False		not_applicable	False		2	3
7	6	SMARCB1	TNF	outside_both_endpoint_census	False	False		not_applicable	False		2	0
7	7	SMARCB1	NKG7	outside_both_endpoint_census	False	False		not_applicable	False		2	2
7	8	SMARCB1	CCL5	comparable_not_reversed	True	False		not_applicable	False		2	4
7	9	SMARCB1	CCL4	outside_both_endpoint_census	False	False		not_applicable	False		2	1
7	10	SMARCB1	CCL3	outside_both_endpoint_census	False	False		not_applicable	False		2	1
7	11	SMARCB1	CCR5	outside_both_endpoint_census	False	False		not_applicable	False		2	4
7	12	SMARCB1	CCR1	outside_both_endpoint_census	False	False		not_applicable	False		2	3
7	13	SMARCB1	CCR7	comparable_not_reversed	True	False		not_applicable	False		2	6
7	14	SMARCB1	CCR2	comparable_not_reversed	True	False		not_applicable	False		2	0
7	15	SMARCB1	IL2	outside_both_endpoint_census	False	False		not_applicable	False		2	2
7	16	SMARCB1	IL2RA	reversal_lost	True	True	lost	unresolved	False	UNANALYSABLE_METADATA_SUPPORT	2	11
7	17	SMARCB1	IL2RB	reversal_lost	True	True	lost	unresolved	False	UNANALYSABLE_METADATA_SUPPORT	2	9
7	18	SMARCB1	CD69	outside_both_endpoint_census	False	False		not_applicable	False		2	9
7	19	SMARCB1	CTLA4	outside_both_endpoint_census	False	False		not_applicable	False		2	6
7	20	SMARCB1	IL2RG	outside_both_endpoint_census	False	False		not_applicable	False		2	0
7	21	SMARCB1	SELL	comparable_not_reversed	True	False		not_applicable	False		2	0
7	22	SMARCB1	TBX21	outside_both_endpoint_census	False	False		not_applicable	False		2	1
7	23	SMARCB1	KLRB1	outside_both_endpoint_census	False	False		not_applicable	False		2	0
7	24	SMARCB1	XCL1	outside_both_endpoint_census	False	False		not_applicable	False		2	0
7	25	SMARCB1	XCL2	outside_both_endpoint_census	False	False		not_applicable	False		2	0
8	1	PNPT1	GZMA	outside_both_endpoint_census	False	False		not_applicable	False		2	5
8	2	PNPT1	GZMB	outside_both_endpoint_census	False	False		not_applicable	False		2	0
8	3	PNPT1	GNLY	outside_both_endpoint_census	False	False		not_applicable	False		2	3
8	4	PNPT1	PRF1	outside_both_endpoint_census	False	False		not_applicable	False		2	0
8	5	PNPT1	IFNG	reversal_lost	True	True	lost	unresolved	False	UNANALYSABLE_METADATA_SUPPORT	2	3
8	6	PNPT1	TNF	outside_both_endpoint_census	False	False		not_applicable	False		2	0
8	7	PNPT1	NKG7	outside_both_endpoint_census	False	False		not_applicable	False		2	2
8	8	PNPT1	CCL5	outside_both_endpoint_census	False	False		not_applicable	False		2	4
8	9	PNPT1	CCL4	outside_both_endpoint_census	False	False		not_applicable	False		2	1
8	10	PNPT1	CCL3	outside_both_endpoint_census	False	False		not_applicable	False		2	1
8	11	PNPT1	CCR5	outside_both_endpoint_census	False	False		not_applicable	False		2	4
8	12	PNPT1	CCR1	outside_both_endpoint_census	False	False		not_applicable	False		2	3
8	13	PNPT1	CCR7	outside_both_endpoint_census	False	False		not_applicable	False		2	6
8	14	PNPT1	CCR2	outside_both_endpoint_census	False	False		not_applicable	False		2	0
8	15	PNPT1	IL2	reversal_lost	True	True	lost	unresolved	False	UNANALYSABLE_METADATA_SUPPORT	2	2
8	16	PNPT1	IL2RA	outside_both_endpoint_census	False	False		not_applicable	False		2	11
8	17	PNPT1	IL2RB	outside_both_endpoint_census	False	False		not_applicable	False		2	9
8	18	PNPT1	CD69	outside_both_endpoint_census	False	False		not_applicable	False		2	9
8	19	PNPT1	CTLA4	outside_both_endpoint_census	False	False		not_applicable	False		2	6
8	20	PNPT1	IL2RG	outside_both_endpoint_census	False	False		not_applicable	False		2	0
8	21	PNPT1	SELL	outside_both_endpoint_census	False	False		not_applicable	False		2	0
8	22	PNPT1	TBX21	outside_both_endpoint_census	False	False		not_applicable	False		2	1
8	23	PNPT1	KLRB1	outside_both_endpoint_census	False	False		not_applicable	False		2	0
8	24	PNPT1	XCL1	outside_both_endpoint_census	False	False		not_applicable	False		2	0
8	25	PNPT1	XCL2	outside_both_endpoint_census	False	False		not_applicable	False		2	0
9	1	SMARCE1	GZMA	comparable_not_reversed	True	False		not_applicable	False		2	5
9	2	SMARCE1	GZMB	outside_both_endpoint_census	False	False		not_applicable	False		2	0
9	3	SMARCE1	GNLY	comparable_not_reversed	True	False		not_applicable	False		2	3
9	4	SMARCE1	PRF1	comparable_not_reversed	True	False		not_applicable	False		2	0
9	5	SMARCE1	IFNG	outside_both_endpoint_census	False	False		not_applicable	False		2	3
9	6	SMARCE1	TNF	outside_both_endpoint_census	False	False		not_applicable	False		2	0
9	7	SMARCE1	NKG7	reversal_gained	True	True	gained	unresolved	False	UNANALYSABLE_METADATA_SUPPORT	2	2
9	8	SMARCE1	CCL5	comparable_not_reversed	True	False		not_applicable	False		2	4
9	9	SMARCE1	CCL4	comparable_not_reversed	True	False		not_applicable	False		2	1
9	10	SMARCE1	CCL3	outside_both_endpoint_census	False	False		not_applicable	False		2	1
9	11	SMARCE1	CCR5	comparable_not_reversed	True	False		not_applicable	False		2	4
9	12	SMARCE1	CCR1	outside_both_endpoint_census	False	False		not_applicable	False		2	3
9	13	SMARCE1	CCR7	comparable_not_reversed	True	False		not_applicable	False		2	6
9	14	SMARCE1	CCR2	comparable_not_reversed	True	False		not_applicable	False		2	0
9	15	SMARCE1	IL2	outside_both_endpoint_census	False	False		not_applicable	False		2	2
9	16	SMARCE1	IL2RA	reversal_lost	True	True	lost	unresolved	False	UNANALYSABLE_METADATA_SUPPORT	2	11
9	17	SMARCE1	IL2RB	outside_both_endpoint_census	False	False		not_applicable	False		2	9
9	18	SMARCE1	CD69	outside_both_endpoint_census	False	False		not_applicable	False		2	9
9	19	SMARCE1	CTLA4	outside_both_endpoint_census	False	False		not_applicable	False		2	6
9	20	SMARCE1	IL2RG	outside_both_endpoint_census	False	False		not_applicable	False		2	0
9	21	SMARCE1	SELL	comparable_not_reversed	True	False		not_applicable	False		2	0
9	22	SMARCE1	TBX21	comparable_not_reversed	True	False		not_applicable	False		2	1
9	23	SMARCE1	KLRB1	outside_both_endpoint_census	False	False		not_applicable	False		2	0
9	24	SMARCE1	XCL1	outside_both_endpoint_census	False	False		not_applicable	False		2	0
9	25	SMARCE1	XCL2	outside_both_endpoint_census	False	False		not_applicable	False		2	0
10	1	ARHGAP30	GZMA	outside_both_endpoint_census	False	False		not_applicable	False		2	5
10	2	ARHGAP30	GZMB	outside_both_endpoint_census	False	False		not_applicable	False		2	0
10	3	ARHGAP30	GNLY	outside_both_endpoint_census	False	False		not_applicable	False		2	3
10	4	ARHGAP30	PRF1	outside_both_endpoint_census	False	False		not_applicable	False		2	0
10	5	ARHGAP30	IFNG	outside_both_endpoint_census	False	False		not_applicable	False		2	3
10	6	ARHGAP30	TNF	outside_both_endpoint_census	False	False		not_applicable	False		2	0
10	7	ARHGAP30	NKG7	outside_both_endpoint_census	False	False		not_applicable	False		2	2
10	8	ARHGAP30	CCL5	outside_both_endpoint_census	False	False		not_applicable	False		2	4
10	9	ARHGAP30	CCL4	outside_both_endpoint_census	False	False		not_applicable	False		2	1
10	10	ARHGAP30	CCL3	outside_both_endpoint_census	False	False		not_applicable	False		2	1
10	11	ARHGAP30	CCR5	outside_both_endpoint_census	False	False		not_applicable	False		2	4
10	12	ARHGAP30	CCR1	outside_both_endpoint_census	False	False		not_applicable	False		2	3
10	13	ARHGAP30	CCR7	outside_both_endpoint_census	False	False		not_applicable	False		2	6
10	14	ARHGAP30	CCR2	outside_both_endpoint_census	False	False		not_applicable	False		2	0
10	15	ARHGAP30	IL2	outside_both_endpoint_census	False	False		not_applicable	False		2	2
10	16	ARHGAP30	IL2RA	reversal_lost	True	True	lost	intensity-dominant	True	ESTIMATED_CONTINUOUS_COMPONENTS	2	11
10	17	ARHGAP30	IL2RB	reversal_lost	True	True	lost	intensity-dominant	True	ESTIMATED_CONTINUOUS_COMPONENTS	2	9
10	18	ARHGAP30	CD69	outside_both_endpoint_census	False	False		not_applicable	False		2	9
10	19	ARHGAP30	CTLA4	outside_both_endpoint_census	False	False		not_applicable	False		2	6
10	20	ARHGAP30	IL2RG	outside_both_endpoint_census	False	False		not_applicable	False		2	0
10	21	ARHGAP30	SELL	outside_both_endpoint_census	False	False		not_applicable	False		2	0
10	22	ARHGAP30	TBX21	outside_both_endpoint_census	False	False		not_applicable	False		2	1
10	23	ARHGAP30	KLRB1	outside_both_endpoint_census	False	False		not_applicable	False		2	0
10	24	ARHGAP30	XCL1	outside_both_endpoint_census	False	False		not_applicable	False		2	0
10	25	ARHGAP30	XCL2	outside_both_endpoint_census	False	False		not_applicable	False		2	0
11	1	MED19	GZMA	outside_both_endpoint_census	False	False		not_applicable	False		2	5
11	2	MED19	GZMB	outside_both_endpoint_census	False	False		not_applicable	False		2	0
11	3	MED19	GNLY	outside_both_endpoint_census	False	False		not_applicable	False		2	3
11	4	MED19	PRF1	outside_both_endpoint_census	False	False		not_applicable	False		2	0
11	5	MED19	IFNG	outside_both_endpoint_census	False	False		not_applicable	False		2	3
11	6	MED19	TNF	outside_both_endpoint_census	False	False		not_applicable	False		2	0
11	7	MED19	NKG7	comparable_not_reversed	True	False		not_applicable	False		2	2
11	8	MED19	CCL5	outside_both_endpoint_census	False	False		not_applicable	False		2	4
11	9	MED19	CCL4	outside_both_endpoint_census	False	False		not_applicable	False		2	1
11	10	MED19	CCL3	outside_both_endpoint_census	False	False		not_applicable	False		2	1
11	11	MED19	CCR5	outside_both_endpoint_census	False	False		not_applicable	False		2	4
11	12	MED19	CCR1	outside_both_endpoint_census	False	False		not_applicable	False		2	3
11	13	MED19	CCR7	reversal_gained	True	True	gained	unresolved	False	UNANALYSABLE_POSITIVE_INTENSITY	2	6
11	14	MED19	CCR2	outside_both_endpoint_census	False	False		not_applicable	False		2	0
11	15	MED19	IL2	outside_both_endpoint_census	False	False		not_applicable	False		2	2
11	16	MED19	IL2RA	outside_both_endpoint_census	False	False		not_applicable	False		2	11
11	17	MED19	IL2RB	reversal_lost	True	True	lost	intensity-dominant	True	ESTIMATED_CONTINUOUS_COMPONENTS	2	9
11	18	MED19	CD69	outside_both_endpoint_census	False	False		not_applicable	False		2	9
11	19	MED19	CTLA4	outside_both_endpoint_census	False	False		not_applicable	False		2	6
11	20	MED19	IL2RG	outside_both_endpoint_census	False	False		not_applicable	False		2	0
11	21	MED19	SELL	comparable_not_reversed	True	False		not_applicable	False		2	0
11	22	MED19	TBX21	outside_both_endpoint_census	False	False		not_applicable	False		2	1
11	23	MED19	KLRB1	outside_both_endpoint_census	False	False		not_applicable	False		2	0
11	24	MED19	XCL1	outside_both_endpoint_census	False	False		not_applicable	False		2	0
11	25	MED19	XCL2	outside_both_endpoint_census	False	False		not_applicable	False		2	0
12	1	SUPT20H	GZMA	outside_both_endpoint_census	False	False		not_applicable	False		2	5
12	2	SUPT20H	GZMB	outside_both_endpoint_census	False	False		not_applicable	False		2	0
12	3	SUPT20H	GNLY	comparable_not_reversed	True	False		not_applicable	False		2	3
12	4	SUPT20H	PRF1	outside_both_endpoint_census	False	False		not_applicable	False		2	0
12	5	SUPT20H	IFNG	outside_both_endpoint_census	False	False		not_applicable	False		2	3
12	6	SUPT20H	TNF	comparable_not_reversed	True	False		not_applicable	False		2	0
12	7	SUPT20H	NKG7	comparable_not_reversed	True	False		not_applicable	False		2	2
12	8	SUPT20H	CCL5	outside_both_endpoint_census	False	False		not_applicable	False		2	4
12	9	SUPT20H	CCL4	outside_both_endpoint_census	False	False		not_applicable	False		2	1
12	10	SUPT20H	CCL3	outside_both_endpoint_census	False	False		not_applicable	False		2	1
12	11	SUPT20H	CCR5	outside_both_endpoint_census	False	False		not_applicable	False		2	4
12	12	SUPT20H	CCR1	outside_both_endpoint_census	False	False		not_applicable	False		2	3
12	13	SUPT20H	CCR7	outside_both_endpoint_census	False	False		not_applicable	False		2	6
12	14	SUPT20H	CCR2	comparable_not_reversed	True	False		not_applicable	False		2	0
12	15	SUPT20H	IL2	outside_both_endpoint_census	False	False		not_applicable	False		2	2
12	16	SUPT20H	IL2RA	reversal_lost	True	True	lost	intensity-dominant	True	ESTIMATED_CONTINUOUS_COMPONENTS	2	11
12	17	SUPT20H	IL2RB	reversal_lost	True	True	lost	intensity-dominant	True	ESTIMATED_CONTINUOUS_COMPONENTS	2	9
12	18	SUPT20H	CD69	outside_both_endpoint_census	False	False		not_applicable	False		2	9
12	19	SUPT20H	CTLA4	outside_both_endpoint_census	False	False		not_applicable	False		2	6
12	20	SUPT20H	IL2RG	outside_both_endpoint_census	False	False		not_applicable	False		2	0
12	21	SUPT20H	SELL	outside_both_endpoint_census	False	False		not_applicable	False		2	0
12	22	SUPT20H	TBX21	outside_both_endpoint_census	False	False		not_applicable	False		2	1
12	23	SUPT20H	KLRB1	outside_both_endpoint_census	False	False		not_applicable	False		2	0
12	24	SUPT20H	XCL1	outside_both_endpoint_census	False	False		not_applicable	False		2	0
12	25	SUPT20H	XCL2	outside_both_endpoint_census	False	False		not_applicable	False		2	0
13	1	HCCS	GZMA	outside_both_endpoint_census	False	False		not_applicable	False		2	5
13	2	HCCS	GZMB	outside_both_endpoint_census	False	False		not_applicable	False		2	0
13	3	HCCS	GNLY	outside_both_endpoint_census	False	False		not_applicable	False		2	3
13	4	HCCS	PRF1	outside_both_endpoint_census	False	False		not_applicable	False		2	0
13	5	HCCS	IFNG	reversal_lost	True	True	lost	unresolved	False	UNANALYSABLE_METADATA_SUPPORT	2	3
13	6	HCCS	TNF	outside_both_endpoint_census	False	False		not_applicable	False		2	0
13	7	HCCS	NKG7	outside_both_endpoint_census	False	False		not_applicable	False		2	2
13	8	HCCS	CCL5	outside_both_endpoint_census	False	False		not_applicable	False		2	4
13	9	HCCS	CCL4	outside_both_endpoint_census	False	False		not_applicable	False		2	1
13	10	HCCS	CCL3	reversal_lost	True	True	lost	unresolved	False	UNANALYSABLE_METADATA_SUPPORT	2	1
13	11	HCCS	CCR5	outside_both_endpoint_census	False	False		not_applicable	False		2	4
13	12	HCCS	CCR1	outside_both_endpoint_census	False	False		not_applicable	False		2	3
13	13	HCCS	CCR7	outside_both_endpoint_census	False	False		not_applicable	False		2	6
13	14	HCCS	CCR2	outside_both_endpoint_census	False	False		not_applicable	False		2	0
13	15	HCCS	IL2	outside_both_endpoint_census	False	False		not_applicable	False		2	2
13	16	HCCS	IL2RA	outside_both_endpoint_census	False	False		not_applicable	False		2	11
13	17	HCCS	IL2RB	outside_both_endpoint_census	False	False		not_applicable	False		2	9
13	18	HCCS	CD69	outside_both_endpoint_census	False	False		not_applicable	False		2	9
13	19	HCCS	CTLA4	outside_both_endpoint_census	False	False		not_applicable	False		2	6
13	20	HCCS	IL2RG	outside_both_endpoint_census	False	False		not_applicable	False		2	0
13	21	HCCS	SELL	outside_both_endpoint_census	False	False		not_applicable	False		2	0
13	22	HCCS	TBX21	outside_both_endpoint_census	False	False		not_applicable	False		2	1
13	23	HCCS	KLRB1	outside_both_endpoint_census	False	False		not_applicable	False		2	0
13	24	HCCS	XCL1	outside_both_endpoint_census	False	False		not_applicable	False		2	0
13	25	HCCS	XCL2	outside_both_endpoint_census	False	False		not_applicable	False		2	0
14	1	GDAP2	GZMA	outside_both_endpoint_census	False	False		not_applicable	False		2	5
14	2	GDAP2	GZMB	outside_both_endpoint_census	False	False		not_applicable	False		2	0
14	3	GDAP2	GNLY	outside_both_endpoint_census	False	False		not_applicable	False		2	3
14	4	GDAP2	PRF1	outside_both_endpoint_census	False	False		not_applicable	False		2	0
14	5	GDAP2	IFNG	outside_both_endpoint_census	False	False		not_applicable	False		2	3
14	6	GDAP2	TNF	outside_both_endpoint_census	False	False		not_applicable	False		2	0
14	7	GDAP2	NKG7	reversal_gained	True	True	gained	unresolved	False	UNANALYSABLE_METADATA_SUPPORT	2	2
14	8	GDAP2	CCL5	outside_both_endpoint_census	False	False		not_applicable	False		2	4
14	9	GDAP2	CCL4	outside_both_endpoint_census	False	False		not_applicable	False		2	1
14	10	GDAP2	CCL3	outside_both_endpoint_census	False	False		not_applicable	False		2	1
14	11	GDAP2	CCR5	outside_both_endpoint_census	False	False		not_applicable	False		2	4
14	12	GDAP2	CCR1	outside_both_endpoint_census	False	False		not_applicable	False		2	3
14	13	GDAP2	CCR7	outside_both_endpoint_census	False	False		not_applicable	False		2	6
14	14	GDAP2	CCR2	outside_both_endpoint_census	False	False		not_applicable	False		2	0
14	15	GDAP2	IL2	outside_both_endpoint_census	False	False		not_applicable	False		2	2
14	16	GDAP2	IL2RA	outside_both_endpoint_census	False	False		not_applicable	False		2	11
14	17	GDAP2	IL2RB	outside_both_endpoint_census	False	False		not_applicable	False		2	9
14	18	GDAP2	CD69	outside_both_endpoint_census	False	False		not_applicable	False		2	9
14	19	GDAP2	CTLA4	outside_both_endpoint_census	False	False		not_applicable	False		2	6
14	20	GDAP2	IL2RG	outside_both_endpoint_census	False	False		not_applicable	False		2	0
14	21	GDAP2	SELL	outside_both_endpoint_census	False	False		not_applicable	False		2	0
14	22	GDAP2	TBX21	reversal_gained	True	True	gained	unresolved	False	UNANALYSABLE_METADATA_SUPPORT	2	1
14	23	GDAP2	KLRB1	outside_both_endpoint_census	False	False		not_applicable	False		2	0
14	24	GDAP2	XCL1	outside_both_endpoint_census	False	False		not_applicable	False		2	0
14	25	GDAP2	XCL2	outside_both_endpoint_census	False	False		not_applicable	False		2	0
15	1	SENP5	GZMA	outside_both_endpoint_census	False	False		not_applicable	False		2	5
15	2	SENP5	GZMB	outside_both_endpoint_census	False	False		not_applicable	False		2	0
15	3	SENP5	GNLY	outside_both_endpoint_census	False	False		not_applicable	False		2	3
15	4	SENP5	PRF1	outside_both_endpoint_census	False	False		not_applicable	False		2	0
15	5	SENP5	IFNG	outside_both_endpoint_census	False	False		not_applicable	False		2	3
15	6	SENP5	TNF	outside_both_endpoint_census	False	False		not_applicable	False		2	0
15	7	SENP5	NKG7	outside_both_endpoint_census	False	False		not_applicable	False		2	2
15	8	SENP5	CCL5	outside_both_endpoint_census	False	False		not_applicable	False		2	4
15	9	SENP5	CCL4	outside_both_endpoint_census	False	False		not_applicable	False		2	1
15	10	SENP5	CCL3	outside_both_endpoint_census	False	False		not_applicable	False		2	1
15	11	SENP5	CCR5	outside_both_endpoint_census	False	False		not_applicable	False		2	4
15	12	SENP5	CCR1	outside_both_endpoint_census	False	False		not_applicable	False		2	3
15	13	SENP5	CCR7	outside_both_endpoint_census	False	False		not_applicable	False		2	6
15	14	SENP5	CCR2	outside_both_endpoint_census	False	False		not_applicable	False		2	0
15	15	SENP5	IL2	outside_both_endpoint_census	False	False		not_applicable	False		2	2
15	16	SENP5	IL2RA	outside_both_endpoint_census	False	False		not_applicable	False		2	11
15	17	SENP5	IL2RB	reversal_lost	True	True	lost	intensity-dominant	True	ESTIMATED_CONTINUOUS_COMPONENTS	2	9
15	18	SENP5	CD69	outside_both_endpoint_census	False	False		not_applicable	False		2	9
15	19	SENP5	CTLA4	reversal_lost	True	True	lost	unresolved	False	UNANALYSABLE_POSITIVE_INTENSITY	2	6
15	20	SENP5	IL2RG	outside_both_endpoint_census	False	False		not_applicable	False		2	0
15	21	SENP5	SELL	comparable_not_reversed	True	False		not_applicable	False		2	0
15	22	SENP5	TBX21	outside_both_endpoint_census	False	False		not_applicable	False		2	1
15	23	SENP5	KLRB1	outside_both_endpoint_census	False	False		not_applicable	False		2	0
15	24	SENP5	XCL1	outside_both_endpoint_census	False	False		not_applicable	False		2	0
15	25	SENP5	XCL2	outside_both_endpoint_census	False	False		not_applicable	False		2	0
16	1	SGF29	GZMA	comparable_not_reversed	True	False		not_applicable	False		2	5
16	2	SGF29	GZMB	outside_both_endpoint_census	False	False		not_applicable	False		2	0
16	3	SGF29	GNLY	outside_both_endpoint_census	False	False		not_applicable	False		2	3
16	4	SGF29	PRF1	outside_both_endpoint_census	False	False		not_applicable	False		2	0
16	5	SGF29	IFNG	outside_both_endpoint_census	False	False		not_applicable	False		2	3
16	6	SGF29	TNF	comparable_not_reversed	True	False		not_applicable	False		2	0
16	7	SGF29	NKG7	comparable_not_reversed	True	False		not_applicable	False		2	2
16	8	SGF29	CCL5	outside_both_endpoint_census	False	False		not_applicable	False		2	4
16	9	SGF29	CCL4	outside_both_endpoint_census	False	False		not_applicable	False		2	1
16	10	SGF29	CCL3	outside_both_endpoint_census	False	False		not_applicable	False		2	1
16	11	SGF29	CCR5	comparable_not_reversed	True	False		not_applicable	False		2	4
16	12	SGF29	CCR1	outside_both_endpoint_census	False	False		not_applicable	False		2	3
16	13	SGF29	CCR7	outside_both_endpoint_census	False	False		not_applicable	False		2	6
16	14	SGF29	CCR2	comparable_not_reversed	True	False		not_applicable	False		2	0
16	15	SGF29	IL2	outside_both_endpoint_census	False	False		not_applicable	False		2	2
16	16	SGF29	IL2RA	outside_both_endpoint_census	False	False		not_applicable	False		2	11
16	17	SGF29	IL2RB	reversal_lost	True	True	lost	intensity-dominant	True	ESTIMATED_CONTINUOUS_COMPONENTS	2	9
16	18	SGF29	CD69	reversal_lost	True	True	lost	intensity-dominant	True	ESTIMATED_CONTINUOUS_COMPONENTS	2	9
16	19	SGF29	CTLA4	outside_both_endpoint_census	False	False		not_applicable	False		2	6
16	20	SGF29	IL2RG	outside_both_endpoint_census	False	False		not_applicable	False		2	0
16	21	SGF29	SELL	outside_both_endpoint_census	False	False		not_applicable	False		2	0
16	22	SGF29	TBX21	outside_both_endpoint_census	False	False		not_applicable	False		2	1
16	23	SGF29	KLRB1	outside_both_endpoint_census	False	False		not_applicable	False		2	0
16	24	SGF29	XCL1	outside_both_endpoint_census	False	False		not_applicable	False		2	0
16	25	SGF29	XCL2	outside_both_endpoint_census	False	False		not_applicable	False		2	0
17	1	CARMIL2	GZMA	reversal_gained	True	True	gained	unresolved	False	UNANALYSABLE_METADATA_SUPPORT	2	5
17	2	CARMIL2	GZMB	outside_both_endpoint_census	False	False		not_applicable	False		2	0
17	3	CARMIL2	GNLY	outside_both_endpoint_census	False	False		not_applicable	False		2	3
17	4	CARMIL2	PRF1	outside_both_endpoint_census	False	False		not_applicable	False		2	0
17	5	CARMIL2	IFNG	outside_both_endpoint_census	False	False		not_applicable	False		2	3
17	6	CARMIL2	TNF	outside_both_endpoint_census	False	False		not_applicable	False		2	0
17	7	CARMIL2	NKG7	comparable_not_reversed	True	False		not_applicable	False		2	2
17	8	CARMIL2	CCL5	outside_both_endpoint_census	False	False		not_applicable	False		2	4
17	9	CARMIL2	CCL4	outside_both_endpoint_census	False	False		not_applicable	False		2	1
17	10	CARMIL2	CCL3	outside_both_endpoint_census	False	False		not_applicable	False		2	1
17	11	CARMIL2	CCR5	reversal_gained	True	True	gained	unresolved	False	UNANALYSABLE_METADATA_SUPPORT	2	4
17	12	CARMIL2	CCR1	outside_both_endpoint_census	False	False		not_applicable	False		2	3
17	13	CARMIL2	CCR7	outside_both_endpoint_census	False	False		not_applicable	False		2	6
17	14	CARMIL2	CCR2	outside_both_endpoint_census	False	False		not_applicable	False		2	0
17	15	CARMIL2	IL2	outside_both_endpoint_census	False	False		not_applicable	False		2	2
17	16	CARMIL2	IL2RA	outside_both_endpoint_census	False	False		not_applicable	False		2	11
17	17	CARMIL2	IL2RB	outside_both_endpoint_census	False	False		not_applicable	False		2	9
17	18	CARMIL2	CD69	outside_both_endpoint_census	False	False		not_applicable	False		2	9
17	19	CARMIL2	CTLA4	outside_both_endpoint_census	False	False		not_applicable	False		2	6
17	20	CARMIL2	IL2RG	outside_both_endpoint_census	False	False		not_applicable	False		2	0
17	21	CARMIL2	SELL	outside_both_endpoint_census	False	False		not_applicable	False		2	0
17	22	CARMIL2	TBX21	outside_both_endpoint_census	False	False		not_applicable	False		2	1
17	23	CARMIL2	KLRB1	outside_both_endpoint_census	False	False		not_applicable	False		2	0
17	24	CARMIL2	XCL1	outside_both_endpoint_census	False	False		not_applicable	False		2	0
17	25	CARMIL2	XCL2	outside_both_endpoint_census	False	False		not_applicable	False		2	0
18	1	TAF13	GZMA	outside_both_endpoint_census	False	False		not_applicable	False		1	5
18	2	TAF13	GZMB	outside_both_endpoint_census	False	False		not_applicable	False		1	0
18	3	TAF13	GNLY	outside_both_endpoint_census	False	False		not_applicable	False		1	3
18	4	TAF13	PRF1	outside_both_endpoint_census	False	False		not_applicable	False		1	0
18	5	TAF13	IFNG	outside_both_endpoint_census	False	False		not_applicable	False		1	3
18	6	TAF13	TNF	outside_both_endpoint_census	False	False		not_applicable	False		1	0
18	7	TAF13	NKG7	outside_both_endpoint_census	False	False		not_applicable	False		1	2
18	8	TAF13	CCL5	outside_both_endpoint_census	False	False		not_applicable	False		1	4
18	9	TAF13	CCL4	outside_both_endpoint_census	False	False		not_applicable	False		1	1
18	10	TAF13	CCL3	outside_both_endpoint_census	False	False		not_applicable	False		1	1
18	11	TAF13	CCR5	outside_both_endpoint_census	False	False		not_applicable	False		1	4
18	12	TAF13	CCR1	outside_both_endpoint_census	False	False		not_applicable	False		1	3
18	13	TAF13	CCR7	outside_both_endpoint_census	False	False		not_applicable	False		1	6
18	14	TAF13	CCR2	outside_both_endpoint_census	False	False		not_applicable	False		1	0
18	15	TAF13	IL2	outside_both_endpoint_census	False	False		not_applicable	False		1	2
18	16	TAF13	IL2RA	outside_both_endpoint_census	False	False		not_applicable	False		1	11
18	17	TAF13	IL2RB	outside_both_endpoint_census	False	False		not_applicable	False		1	9
18	18	TAF13	CD69	outside_both_endpoint_census	False	False		not_applicable	False		1	9
18	19	TAF13	CTLA4	reversal_lost	True	True	lost	unresolved	False	UNANALYSABLE_POSITIVE_INTENSITY	1	6
18	20	TAF13	IL2RG	outside_both_endpoint_census	False	False		not_applicable	False		1	0
18	21	TAF13	SELL	outside_both_endpoint_census	False	False		not_applicable	False		1	0
18	22	TAF13	TBX21	outside_both_endpoint_census	False	False		not_applicable	False		1	1
18	23	TAF13	KLRB1	outside_both_endpoint_census	False	False		not_applicable	False		1	0
18	24	TAF13	XCL1	outside_both_endpoint_census	False	False		not_applicable	False		1	0
18	25	TAF13	XCL2	outside_both_endpoint_census	False	False		not_applicable	False		1	0
19	1	TP53INP2	GZMA	outside_both_endpoint_census	False	False		not_applicable	False		1	5
19	2	TP53INP2	GZMB	outside_both_endpoint_census	False	False		not_applicable	False		1	0
19	3	TP53INP2	GNLY	outside_both_endpoint_census	False	False		not_applicable	False		1	3
19	4	TP53INP2	PRF1	outside_both_endpoint_census	False	False		not_applicable	False		1	0
19	5	TP53INP2	IFNG	outside_both_endpoint_census	False	False		not_applicable	False		1	3
19	6	TP53INP2	TNF	outside_both_endpoint_census	False	False		not_applicable	False		1	0
19	7	TP53INP2	NKG7	outside_both_endpoint_census	False	False		not_applicable	False		1	2
19	8	TP53INP2	CCL5	outside_both_endpoint_census	False	False		not_applicable	False		1	4
19	9	TP53INP2	CCL4	outside_both_endpoint_census	False	False		not_applicable	False		1	1
19	10	TP53INP2	CCL3	outside_both_endpoint_census	False	False		not_applicable	False		1	1
19	11	TP53INP2	CCR5	outside_both_endpoint_census	False	False		not_applicable	False		1	4
19	12	TP53INP2	CCR1	reversal_lost	True	True	lost	unresolved	False	UNANALYSABLE_POSITIVE_INTENSITY	1	3
19	13	TP53INP2	CCR7	outside_both_endpoint_census	False	False		not_applicable	False		1	6
19	14	TP53INP2	CCR2	outside_both_endpoint_census	False	False		not_applicable	False		1	0
19	15	TP53INP2	IL2	outside_both_endpoint_census	False	False		not_applicable	False		1	2
19	16	TP53INP2	IL2RA	outside_both_endpoint_census	False	False		not_applicable	False		1	11
19	17	TP53INP2	IL2RB	outside_both_endpoint_census	False	False		not_applicable	False		1	9
19	18	TP53INP2	CD69	outside_both_endpoint_census	False	False		not_applicable	False		1	9
19	19	TP53INP2	CTLA4	outside_both_endpoint_census	False	False		not_applicable	False		1	6
19	20	TP53INP2	IL2RG	outside_both_endpoint_census	False	False		not_applicable	False		1	0
19	21	TP53INP2	SELL	outside_both_endpoint_census	False	False		not_applicable	False		1	0
19	22	TP53INP2	TBX21	outside_both_endpoint_census	False	False		not_applicable	False		1	1
19	23	TP53INP2	KLRB1	outside_both_endpoint_census	False	False		not_applicable	False		1	0
19	24	TP53INP2	XCL1	outside_both_endpoint_census	False	False		not_applicable	False		1	0
19	25	TP53INP2	XCL2	outside_both_endpoint_census	False	False		not_applicable	False		1	0
20	1	STAT5B	GZMA	outside_both_endpoint_census	False	False		not_applicable	False		1	5
20	2	STAT5B	GZMB	comparable_not_reversed	True	False		not_applicable	False		1	0
20	3	STAT5B	GNLY	reversal_gained	True	True	gained	unresolved	False	UNANALYSABLE_METADATA_SUPPORT	1	3
20	4	STAT5B	PRF1	outside_both_endpoint_census	False	False		not_applicable	False		1	0
20	5	STAT5B	IFNG	outside_both_endpoint_census	False	False		not_applicable	False		1	3
20	6	STAT5B	TNF	outside_both_endpoint_census	False	False		not_applicable	False		1	0
20	7	STAT5B	NKG7	outside_both_endpoint_census	False	False		not_applicable	False		1	2
20	8	STAT5B	CCL5	outside_both_endpoint_census	False	False		not_applicable	False		1	4
20	9	STAT5B	CCL4	outside_both_endpoint_census	False	False		not_applicable	False		1	1
20	10	STAT5B	CCL3	outside_both_endpoint_census	False	False		not_applicable	False		1	1
20	11	STAT5B	CCR5	outside_both_endpoint_census	False	False		not_applicable	False		1	4
20	12	STAT5B	CCR1	outside_both_endpoint_census	False	False		not_applicable	False		1	3
20	13	STAT5B	CCR7	outside_both_endpoint_census	False	False		not_applicable	False		1	6
20	14	STAT5B	CCR2	outside_both_endpoint_census	False	False		not_applicable	False		1	0
20	15	STAT5B	IL2	outside_both_endpoint_census	False	False		not_applicable	False		1	2
20	16	STAT5B	IL2RA	outside_both_endpoint_census	False	False		not_applicable	False		1	11
20	17	STAT5B	IL2RB	outside_both_endpoint_census	False	False		not_applicable	False		1	9
20	18	STAT5B	CD69	outside_both_endpoint_census	False	False		not_applicable	False		1	9
20	19	STAT5B	CTLA4	outside_both_endpoint_census	False	False		not_applicable	False		1	6
20	20	STAT5B	IL2RG	outside_both_endpoint_census	False	False		not_applicable	False		1	0
20	21	STAT5B	SELL	outside_both_endpoint_census	False	False		not_applicable	False		1	0
20	22	STAT5B	TBX21	outside_both_endpoint_census	False	False		not_applicable	False		1	1
20	23	STAT5B	KLRB1	outside_both_endpoint_census	False	False		not_applicable	False		1	0
20	24	STAT5B	XCL1	outside_both_endpoint_census	False	False		not_applicable	False		1	0
20	25	STAT5B	XCL2	outside_both_endpoint_census	False	False		not_applicable	False		1	0
21	1	SOCS4	GZMA	outside_both_endpoint_census	False	False		not_applicable	False		1	5
21	2	SOCS4	GZMB	outside_both_endpoint_census	False	False		not_applicable	False		1	0
21	3	SOCS4	GNLY	outside_both_endpoint_census	False	False		not_applicable	False		1	3
21	4	SOCS4	PRF1	outside_both_endpoint_census	False	False		not_applicable	False		1	0
21	5	SOCS4	IFNG	reversal_lost	True	True	lost	unresolved	False	UNANALYSABLE_POSITIVE_INTENSITY	1	3
21	6	SOCS4	TNF	outside_both_endpoint_census	False	False		not_applicable	False		1	0
21	7	SOCS4	NKG7	outside_both_endpoint_census	False	False		not_applicable	False		1	2
21	8	SOCS4	CCL5	outside_both_endpoint_census	False	False		not_applicable	False		1	4
21	9	SOCS4	CCL4	outside_both_endpoint_census	False	False		not_applicable	False		1	1
21	10	SOCS4	CCL3	outside_both_endpoint_census	False	False		not_applicable	False		1	1
21	11	SOCS4	CCR5	outside_both_endpoint_census	False	False		not_applicable	False		1	4
21	12	SOCS4	CCR1	outside_both_endpoint_census	False	False		not_applicable	False		1	3
21	13	SOCS4	CCR7	outside_both_endpoint_census	False	False		not_applicable	False		1	6
21	14	SOCS4	CCR2	outside_both_endpoint_census	False	False		not_applicable	False		1	0
21	15	SOCS4	IL2	outside_both_endpoint_census	False	False		not_applicable	False		1	2
21	16	SOCS4	IL2RA	outside_both_endpoint_census	False	False		not_applicable	False		1	11
21	17	SOCS4	IL2RB	outside_both_endpoint_census	False	False		not_applicable	False		1	9
21	18	SOCS4	CD69	outside_both_endpoint_census	False	False		not_applicable	False		1	9
21	19	SOCS4	CTLA4	outside_both_endpoint_census	False	False		not_applicable	False		1	6
21	20	SOCS4	IL2RG	outside_both_endpoint_census	False	False		not_applicable	False		1	0
21	21	SOCS4	SELL	outside_both_endpoint_census	False	False		not_applicable	False		1	0
21	22	SOCS4	TBX21	outside_both_endpoint_census	False	False		not_applicable	False		1	1
21	23	SOCS4	KLRB1	outside_both_endpoint_census	False	False		not_applicable	False		1	0
21	24	SOCS4	XCL1	outside_both_endpoint_census	False	False		not_applicable	False		1	0
21	25	SOCS4	XCL2	outside_both_endpoint_census	False	False		not_applicable	False		1	0
22	1	SMG7	GZMA	outside_both_endpoint_census	False	False		not_applicable	False		1	5
22	2	SMG7	GZMB	outside_both_endpoint_census	False	False		not_applicable	False		1	0
22	3	SMG7	GNLY	outside_both_endpoint_census	False	False		not_applicable	False		1	3
22	4	SMG7	PRF1	outside_both_endpoint_census	False	False		not_applicable	False		1	0
22	5	SMG7	IFNG	outside_both_endpoint_census	False	False		not_applicable	False		1	3
22	6	SMG7	TNF	outside_both_endpoint_census	False	False		not_applicable	False		1	0
22	7	SMG7	NKG7	outside_both_endpoint_census	False	False		not_applicable	False		1	2
22	8	SMG7	CCL5	outside_both_endpoint_census	False	False		not_applicable	False		1	4
22	9	SMG7	CCL4	outside_both_endpoint_census	False	False		not_applicable	False		1	1
22	10	SMG7	CCL3	outside_both_endpoint_census	False	False		not_applicable	False		1	1
22	11	SMG7	CCR5	outside_both_endpoint_census	False	False		not_applicable	False		1	4
22	12	SMG7	CCR1	outside_both_endpoint_census	False	False		not_applicable	False		1	3
22	13	SMG7	CCR7	outside_both_endpoint_census	False	False		not_applicable	False		1	6
22	14	SMG7	CCR2	outside_both_endpoint_census	False	False		not_applicable	False		1	0
22	15	SMG7	IL2	outside_both_endpoint_census	False	False		not_applicable	False		1	2
22	16	SMG7	IL2RA	outside_both_endpoint_census	False	False		not_applicable	False		1	11
22	17	SMG7	IL2RB	outside_both_endpoint_census	False	False		not_applicable	False		1	9
22	18	SMG7	CD69	reversal_gained	True	True	gained	unresolved	False	UNANALYSABLE_METADATA_SUPPORT	1	9
22	19	SMG7	CTLA4	outside_both_endpoint_census	False	False		not_applicable	False		1	6
22	20	SMG7	IL2RG	outside_both_endpoint_census	False	False		not_applicable	False		1	0
22	21	SMG7	SELL	outside_both_endpoint_census	False	False		not_applicable	False		1	0
22	22	SMG7	TBX21	outside_both_endpoint_census	False	False		not_applicable	False		1	1
22	23	SMG7	KLRB1	outside_both_endpoint_census	False	False		not_applicable	False		1	0
22	24	SMG7	XCL1	outside_both_endpoint_census	False	False		not_applicable	False		1	0
22	25	SMG7	XCL2	outside_both_endpoint_census	False	False		not_applicable	False		1	0
23	1	UNC45A	GZMA	outside_both_endpoint_census	False	False		not_applicable	False		1	5
23	2	UNC45A	GZMB	outside_both_endpoint_census	False	False		not_applicable	False		1	0
23	3	UNC45A	GNLY	outside_both_endpoint_census	False	False		not_applicable	False		1	3
23	4	UNC45A	PRF1	outside_both_endpoint_census	False	False		not_applicable	False		1	0
23	5	UNC45A	IFNG	outside_both_endpoint_census	False	False		not_applicable	False		1	3
23	6	UNC45A	TNF	outside_both_endpoint_census	False	False		not_applicable	False		1	0
23	7	UNC45A	NKG7	outside_both_endpoint_census	False	False		not_applicable	False		1	2
23	8	UNC45A	CCL5	reversal_gained	True	True	gained	unresolved	False	UNANALYSABLE_METADATA_SUPPORT	1	4
23	9	UNC45A	CCL4	outside_both_endpoint_census	False	False		not_applicable	False		1	1
23	10	UNC45A	CCL3	outside_both_endpoint_census	False	False		not_applicable	False		1	1
23	11	UNC45A	CCR5	outside_both_endpoint_census	False	False		not_applicable	False		1	4
23	12	UNC45A	CCR1	outside_both_endpoint_census	False	False		not_applicable	False		1	3
23	13	UNC45A	CCR7	outside_both_endpoint_census	False	False		not_applicable	False		1	6
23	14	UNC45A	CCR2	outside_both_endpoint_census	False	False		not_applicable	False		1	0
23	15	UNC45A	IL2	outside_both_endpoint_census	False	False		not_applicable	False		1	2
23	16	UNC45A	IL2RA	outside_both_endpoint_census	False	False		not_applicable	False		1	11
23	17	UNC45A	IL2RB	outside_both_endpoint_census	False	False		not_applicable	False		1	9
23	18	UNC45A	CD69	outside_both_endpoint_census	False	False		not_applicable	False		1	9
23	19	UNC45A	CTLA4	outside_both_endpoint_census	False	False		not_applicable	False		1	6
23	20	UNC45A	IL2RG	outside_both_endpoint_census	False	False		not_applicable	False		1	0
23	21	UNC45A	SELL	outside_both_endpoint_census	False	False		not_applicable	False		1	0
23	22	UNC45A	TBX21	outside_both_endpoint_census	False	False		not_applicable	False		1	1
23	23	UNC45A	KLRB1	outside_both_endpoint_census	False	False		not_applicable	False		1	0
23	24	UNC45A	XCL1	outside_both_endpoint_census	False	False		not_applicable	False		1	0
23	25	UNC45A	XCL2	outside_both_endpoint_census	False	False		not_applicable	False		1	0
24	1	VAV1	GZMA	outside_both_endpoint_census	False	False		not_applicable	False		1	5
24	2	VAV1	GZMB	outside_both_endpoint_census	False	False		not_applicable	False		1	0
24	3	VAV1	GNLY	outside_both_endpoint_census	False	False		not_applicable	False		1	3
24	4	VAV1	PRF1	outside_both_endpoint_census	False	False		not_applicable	False		1	0
24	5	VAV1	IFNG	outside_both_endpoint_census	False	False		not_applicable	False		1	3
24	6	VAV1	TNF	outside_both_endpoint_census	False	False		not_applicable	False		1	0
24	7	VAV1	NKG7	outside_both_endpoint_census	False	False		not_applicable	False		1	2
24	8	VAV1	CCL5	comparable_not_reversed	True	False		not_applicable	False		1	4
24	9	VAV1	CCL4	outside_both_endpoint_census	False	False		not_applicable	False		1	1
24	10	VAV1	CCL3	outside_both_endpoint_census	False	False		not_applicable	False		1	1
24	11	VAV1	CCR5	reversal_gained	True	True	gained	unresolved	False	UNANALYSABLE_METADATA_SUPPORT	1	4
24	12	VAV1	CCR1	outside_both_endpoint_census	False	False		not_applicable	False		1	3
24	13	VAV1	CCR7	outside_both_endpoint_census	False	False		not_applicable	False		1	6
24	14	VAV1	CCR2	outside_both_endpoint_census	False	False		not_applicable	False		1	0
24	15	VAV1	IL2	outside_both_endpoint_census	False	False		not_applicable	False		1	2
24	16	VAV1	IL2RA	outside_both_endpoint_census	False	False		not_applicable	False		1	11
24	17	VAV1	IL2RB	outside_both_endpoint_census	False	False		not_applicable	False		1	9
24	18	VAV1	CD69	outside_both_endpoint_census	False	False		not_applicable	False		1	9
24	19	VAV1	CTLA4	outside_both_endpoint_census	False	False		not_applicable	False		1	6
24	20	VAV1	IL2RG	outside_both_endpoint_census	False	False		not_applicable	False		1	0
24	21	VAV1	SELL	outside_both_endpoint_census	False	False		not_applicable	False		1	0
24	22	VAV1	TBX21	outside_both_endpoint_census	False	False		not_applicable	False		1	1
24	23	VAV1	KLRB1	outside_both_endpoint_census	False	False		not_applicable	False		1	0
24	24	VAV1	XCL1	outside_both_endpoint_census	False	False		not_applicable	False		1	0
24	25	VAV1	XCL2	outside_both_endpoint_census	False	False		not_applicable	False		1	0
25	1	WAC	GZMA	outside_both_endpoint_census	False	False		not_applicable	False		1	5
25	2	WAC	GZMB	outside_both_endpoint_census	False	False		not_applicable	False		1	0
25	3	WAC	GNLY	reversal_gained	True	True	gained	unresolved	False	UNANALYSABLE_POSITIVE_INTENSITY	1	3
25	4	WAC	PRF1	outside_both_endpoint_census	False	False		not_applicable	False		1	0
25	5	WAC	IFNG	outside_both_endpoint_census	False	False		not_applicable	False		1	3
25	6	WAC	TNF	outside_both_endpoint_census	False	False		not_applicable	False		1	0
25	7	WAC	NKG7	comparable_not_reversed	True	False		not_applicable	False		1	2
25	8	WAC	CCL5	outside_both_endpoint_census	False	False		not_applicable	False		1	4
25	9	WAC	CCL4	outside_both_endpoint_census	False	False		not_applicable	False		1	1
25	10	WAC	CCL3	outside_both_endpoint_census	False	False		not_applicable	False		1	1
25	11	WAC	CCR5	comparable_not_reversed	True	False		not_applicable	False		1	4
25	12	WAC	CCR1	outside_both_endpoint_census	False	False		not_applicable	False		1	3
25	13	WAC	CCR7	outside_both_endpoint_census	False	False		not_applicable	False		1	6
25	14	WAC	CCR2	outside_both_endpoint_census	False	False		not_applicable	False		1	0
25	15	WAC	IL2	outside_both_endpoint_census	False	False		not_applicable	False		1	2
25	16	WAC	IL2RA	outside_both_endpoint_census	False	False		not_applicable	False		1	11
25	17	WAC	IL2RB	outside_both_endpoint_census	False	False		not_applicable	False		1	9
25	18	WAC	CD69	outside_both_endpoint_census	False	False		not_applicable	False		1	9
25	19	WAC	CTLA4	outside_both_endpoint_census	False	False		not_applicable	False		1	6
25	20	WAC	IL2RG	outside_both_endpoint_census	False	False		not_applicable	False		1	0
25	21	WAC	SELL	comparable_not_reversed	True	False		not_applicable	False		1	0
25	22	WAC	TBX21	outside_both_endpoint_census	False	False		not_applicable	False		1	1
25	23	WAC	KLRB1	outside_both_endpoint_census	False	False		not_applicable	False		1	0
25	24	WAC	XCL1	outside_both_endpoint_census	False	False		not_applicable	False		1	0
25	25	WAC	XCL2	outside_both_endpoint_census	False	False		not_applicable	False		1	0
26	1	YEATS2	GZMA	outside_both_endpoint_census	False	False		not_applicable	False		1	5
26	2	YEATS2	GZMB	outside_both_endpoint_census	False	False		not_applicable	False		1	0
26	3	YEATS2	GNLY	outside_both_endpoint_census	False	False		not_applicable	False		1	3
26	4	YEATS2	PRF1	outside_both_endpoint_census	False	False		not_applicable	False		1	0
26	5	YEATS2	IFNG	outside_both_endpoint_census	False	False		not_applicable	False		1	3
26	6	YEATS2	TNF	outside_both_endpoint_census	False	False		not_applicable	False		1	0
26	7	YEATS2	NKG7	outside_both_endpoint_census	False	False		not_applicable	False		1	2
26	8	YEATS2	CCL5	reversal_lost	True	True	lost	unresolved	False	UNANALYSABLE_METADATA_SUPPORT	1	4
26	9	YEATS2	CCL4	outside_both_endpoint_census	False	False		not_applicable	False		1	1
26	10	YEATS2	CCL3	outside_both_endpoint_census	False	False		not_applicable	False		1	1
26	11	YEATS2	CCR5	outside_both_endpoint_census	False	False		not_applicable	False		1	4
26	12	YEATS2	CCR1	outside_both_endpoint_census	False	False		not_applicable	False		1	3
26	13	YEATS2	CCR7	outside_both_endpoint_census	False	False		not_applicable	False		1	6
26	14	YEATS2	CCR2	outside_both_endpoint_census	False	False		not_applicable	False		1	0
26	15	YEATS2	IL2	outside_both_endpoint_census	False	False		not_applicable	False		1	2
26	16	YEATS2	IL2RA	outside_both_endpoint_census	False	False		not_applicable	False		1	11
26	17	YEATS2	IL2RB	outside_both_endpoint_census	False	False		not_applicable	False		1	9
26	18	YEATS2	CD69	outside_both_endpoint_census	False	False		not_applicable	False		1	9
26	19	YEATS2	CTLA4	outside_both_endpoint_census	False	False		not_applicable	False		1	6
26	20	YEATS2	IL2RG	outside_both_endpoint_census	False	False		not_applicable	False		1	0
26	21	YEATS2	SELL	outside_both_endpoint_census	False	False		not_applicable	False		1	0
26	22	YEATS2	TBX21	outside_both_endpoint_census	False	False		not_applicable	False		1	1
26	23	YEATS2	KLRB1	outside_both_endpoint_census	False	False		not_applicable	False		1	0
26	24	YEATS2	XCL1	outside_both_endpoint_census	False	False		not_applicable	False		1	0
26	25	YEATS2	XCL2	outside_both_endpoint_census	False	False		not_applicable	False		1	0
27	1	ACTR8	GZMA	outside_both_endpoint_census	False	False		not_applicable	False		1	5
27	2	ACTR8	GZMB	outside_both_endpoint_census	False	False		not_applicable	False		1	0
27	3	ACTR8	GNLY	comparable_not_reversed	True	False		not_applicable	False		1	3
27	4	ACTR8	PRF1	outside_both_endpoint_census	False	False		not_applicable	False		1	0
27	5	ACTR8	IFNG	outside_both_endpoint_census	False	False		not_applicable	False		1	3
27	6	ACTR8	TNF	outside_both_endpoint_census	False	False		not_applicable	False		1	0
27	7	ACTR8	NKG7	outside_both_endpoint_census	False	False		not_applicable	False		1	2
27	8	ACTR8	CCL5	outside_both_endpoint_census	False	False		not_applicable	False		1	4
27	9	ACTR8	CCL4	outside_both_endpoint_census	False	False		not_applicable	False		1	1
27	10	ACTR8	CCL3	outside_both_endpoint_census	False	False		not_applicable	False		1	1
27	11	ACTR8	CCR5	outside_both_endpoint_census	False	False		not_applicable	False		1	4
27	12	ACTR8	CCR1	outside_both_endpoint_census	False	False		not_applicable	False		1	3
27	13	ACTR8	CCR7	outside_both_endpoint_census	False	False		not_applicable	False		1	6
27	14	ACTR8	CCR2	outside_both_endpoint_census	False	False		not_applicable	False		1	0
27	15	ACTR8	IL2	outside_both_endpoint_census	False	False		not_applicable	False		1	2
27	16	ACTR8	IL2RA	outside_both_endpoint_census	False	False		not_applicable	False		1	11
27	17	ACTR8	IL2RB	outside_both_endpoint_census	False	False		not_applicable	False		1	9
27	18	ACTR8	CD69	reversal_gained	True	True	gained	unresolved	False	UNANALYSABLE_METADATA_SUPPORT	1	9
27	19	ACTR8	CTLA4	outside_both_endpoint_census	False	False		not_applicable	False		1	6
27	20	ACTR8	IL2RG	outside_both_endpoint_census	False	False		not_applicable	False		1	0
27	21	ACTR8	SELL	outside_both_endpoint_census	False	False		not_applicable	False		1	0
27	22	ACTR8	TBX21	outside_both_endpoint_census	False	False		not_applicable	False		1	1
27	23	ACTR8	KLRB1	outside_both_endpoint_census	False	False		not_applicable	False		1	0
27	24	ACTR8	XCL1	outside_both_endpoint_census	False	False		not_applicable	False		1	0
27	25	ACTR8	XCL2	outside_both_endpoint_census	False	False		not_applicable	False		1	0
28	1	METAP2	GZMA	outside_both_endpoint_census	False	False		not_applicable	False		1	5
28	2	METAP2	GZMB	outside_both_endpoint_census	False	False		not_applicable	False		1	0
28	3	METAP2	GNLY	outside_both_endpoint_census	False	False		not_applicable	False		1	3
28	4	METAP2	PRF1	outside_both_endpoint_census	False	False		not_applicable	False		1	0
28	5	METAP2	IFNG	outside_both_endpoint_census	False	False		not_applicable	False		1	3
28	6	METAP2	TNF	outside_both_endpoint_census	False	False		not_applicable	False		1	0
28	7	METAP2	NKG7	outside_both_endpoint_census	False	False		not_applicable	False		1	2
28	8	METAP2	CCL5	reversal_lost	True	True	lost	unresolved	False	UNANALYSABLE_METADATA_SUPPORT	1	4
28	9	METAP2	CCL4	outside_both_endpoint_census	False	False		not_applicable	False		1	1
28	10	METAP2	CCL3	outside_both_endpoint_census	False	False		not_applicable	False		1	1
28	11	METAP2	CCR5	outside_both_endpoint_census	False	False		not_applicable	False		1	4
28	12	METAP2	CCR1	outside_both_endpoint_census	False	False		not_applicable	False		1	3
28	13	METAP2	CCR7	outside_both_endpoint_census	False	False		not_applicable	False		1	6
28	14	METAP2	CCR2	outside_both_endpoint_census	False	False		not_applicable	False		1	0
28	15	METAP2	IL2	outside_both_endpoint_census	False	False		not_applicable	False		1	2
28	16	METAP2	IL2RA	comparable_not_reversed	True	False		not_applicable	False		1	11
28	17	METAP2	IL2RB	outside_both_endpoint_census	False	False		not_applicable	False		1	9
28	18	METAP2	CD69	outside_both_endpoint_census	False	False		not_applicable	False		1	9
28	19	METAP2	CTLA4	outside_both_endpoint_census	False	False		not_applicable	False		1	6
28	20	METAP2	IL2RG	outside_both_endpoint_census	False	False		not_applicable	False		1	0
28	21	METAP2	SELL	outside_both_endpoint_census	False	False		not_applicable	False		1	0
28	22	METAP2	TBX21	outside_both_endpoint_census	False	False		not_applicable	False		1	1
28	23	METAP2	KLRB1	outside_both_endpoint_census	False	False		not_applicable	False		1	0
28	24	METAP2	XCL1	outside_both_endpoint_census	False	False		not_applicable	False		1	0
28	25	METAP2	XCL2	outside_both_endpoint_census	False	False		not_applicable	False		1	0
29	1	PRKAR1A	GZMA	outside_both_endpoint_census	False	False		not_applicable	False		1	5
29	2	PRKAR1A	GZMB	comparable_not_reversed	True	False		not_applicable	False		1	0
29	3	PRKAR1A	GNLY	comparable_not_reversed	True	False		not_applicable	False		1	3
29	4	PRKAR1A	PRF1	outside_both_endpoint_census	False	False		not_applicable	False		1	0
29	5	PRKAR1A	IFNG	comparable_not_reversed	True	False		not_applicable	False		1	3
29	6	PRKAR1A	TNF	outside_both_endpoint_census	False	False		not_applicable	False		1	0
29	7	PRKAR1A	NKG7	outside_both_endpoint_census	False	False		not_applicable	False		1	2
29	8	PRKAR1A	CCL5	comparable_not_reversed	True	False		not_applicable	False		1	4
29	9	PRKAR1A	CCL4	outside_both_endpoint_census	False	False		not_applicable	False		1	1
29	10	PRKAR1A	CCL3	outside_both_endpoint_census	False	False		not_applicable	False		1	1
29	11	PRKAR1A	CCR5	outside_both_endpoint_census	False	False		not_applicable	False		1	4
29	12	PRKAR1A	CCR1	outside_both_endpoint_census	False	False		not_applicable	False		1	3
29	13	PRKAR1A	CCR7	outside_both_endpoint_census	False	False		not_applicable	False		1	6
29	14	PRKAR1A	CCR2	comparable_not_reversed	True	False		not_applicable	False		1	0
29	15	PRKAR1A	IL2	outside_both_endpoint_census	False	False		not_applicable	False		1	2
29	16	PRKAR1A	IL2RA	comparable_not_reversed	True	False		not_applicable	False		1	11
29	17	PRKAR1A	IL2RB	outside_both_endpoint_census	False	False		not_applicable	False		1	9
29	18	PRKAR1A	CD69	outside_both_endpoint_census	False	False		not_applicable	False		1	9
29	19	PRKAR1A	CTLA4	reversal_lost	True	True	lost	unresolved	False	UNANALYSABLE_METADATA_SUPPORT	1	6
29	20	PRKAR1A	IL2RG	outside_both_endpoint_census	False	False		not_applicable	False		1	0
29	21	PRKAR1A	SELL	comparable_not_reversed	True	False		not_applicable	False		1	0
29	22	PRKAR1A	TBX21	outside_both_endpoint_census	False	False		not_applicable	False		1	1
29	23	PRKAR1A	KLRB1	outside_both_endpoint_census	False	False		not_applicable	False		1	0
29	24	PRKAR1A	XCL1	outside_both_endpoint_census	False	False		not_applicable	False		1	0
29	25	PRKAR1A	XCL2	outside_both_endpoint_census	False	False		not_applicable	False		1	0
30	1	CXXC1	GZMA	outside_both_endpoint_census	False	False		not_applicable	False		1	5
30	2	CXXC1	GZMB	outside_both_endpoint_census	False	False		not_applicable	False		1	0
30	3	CXXC1	GNLY	outside_both_endpoint_census	False	False		not_applicable	False		1	3
30	4	CXXC1	PRF1	outside_both_endpoint_census	False	False		not_applicable	False		1	0
30	5	CXXC1	IFNG	outside_both_endpoint_census	False	False		not_applicable	False		1	3
30	6	CXXC1	TNF	comparable_not_reversed	True	False		not_applicable	False		1	0
30	7	CXXC1	NKG7	outside_both_endpoint_census	False	False		not_applicable	False		1	2
30	8	CXXC1	CCL5	outside_both_endpoint_census	False	False		not_applicable	False		1	4
30	9	CXXC1	CCL4	outside_both_endpoint_census	False	False		not_applicable	False		1	1
30	10	CXXC1	CCL3	outside_both_endpoint_census	False	False		not_applicable	False		1	1
30	11	CXXC1	CCR5	outside_both_endpoint_census	False	False		not_applicable	False		1	4
30	12	CXXC1	CCR1	outside_both_endpoint_census	False	False		not_applicable	False		1	3
30	13	CXXC1	CCR7	outside_both_endpoint_census	False	False		not_applicable	False		1	6
30	14	CXXC1	CCR2	outside_both_endpoint_census	False	False		not_applicable	False		1	0
30	15	CXXC1	IL2	outside_both_endpoint_census	False	False		not_applicable	False		1	2
30	16	CXXC1	IL2RA	reversal_lost	True	True	lost	unresolved	False	UNANALYSABLE_METADATA_SUPPORT	1	11
30	17	CXXC1	IL2RB	outside_both_endpoint_census	False	False		not_applicable	False		1	9
30	18	CXXC1	CD69	outside_both_endpoint_census	False	False		not_applicable	False		1	9
30	19	CXXC1	CTLA4	outside_both_endpoint_census	False	False		not_applicable	False		1	6
30	20	CXXC1	IL2RG	outside_both_endpoint_census	False	False		not_applicable	False		1	0
30	21	CXXC1	SELL	outside_both_endpoint_census	False	False		not_applicable	False		1	0
30	22	CXXC1	TBX21	outside_both_endpoint_census	False	False		not_applicable	False		1	1
30	23	CXXC1	KLRB1	outside_both_endpoint_census	False	False		not_applicable	False		1	0
30	24	CXXC1	XCL1	outside_both_endpoint_census	False	False		not_applicable	False		1	0
30	25	CXXC1	XCL2	outside_both_endpoint_census	False	False		not_applicable	False		1	0
31	1	ARPC3	GZMA	outside_both_endpoint_census	False	False		not_applicable	False		1	5
31	2	ARPC3	GZMB	outside_both_endpoint_census	False	False		not_applicable	False		1	0
31	3	ARPC3	GNLY	reversal_gained	True	True	gained	unresolved	False	UNANALYSABLE_METADATA_SUPPORT	1	3
31	4	ARPC3	PRF1	outside_both_endpoint_census	False	False		not_applicable	False		1	0
31	5	ARPC3	IFNG	outside_both_endpoint_census	False	False		not_applicable	False		1	3
31	6	ARPC3	TNF	outside_both_endpoint_census	False	False		not_applicable	False		1	0
31	7	ARPC3	NKG7	outside_both_endpoint_census	False	False		not_applicable	False		1	2
31	8	ARPC3	CCL5	outside_both_endpoint_census	False	False		not_applicable	False		1	4
31	9	ARPC3	CCL4	outside_both_endpoint_census	False	False		not_applicable	False		1	1
31	10	ARPC3	CCL3	outside_both_endpoint_census	False	False		not_applicable	False		1	1
31	11	ARPC3	CCR5	outside_both_endpoint_census	False	False		not_applicable	False		1	4
31	12	ARPC3	CCR1	outside_both_endpoint_census	False	False		not_applicable	False		1	3
31	13	ARPC3	CCR7	outside_both_endpoint_census	False	False		not_applicable	False		1	6
31	14	ARPC3	CCR2	outside_both_endpoint_census	False	False		not_applicable	False		1	0
31	15	ARPC3	IL2	outside_both_endpoint_census	False	False		not_applicable	False		1	2
31	16	ARPC3	IL2RA	outside_both_endpoint_census	False	False		not_applicable	False		1	11
31	17	ARPC3	IL2RB	outside_both_endpoint_census	False	False		not_applicable	False		1	9
31	18	ARPC3	CD69	outside_both_endpoint_census	False	False		not_applicable	False		1	9
31	19	ARPC3	CTLA4	outside_both_endpoint_census	False	False		not_applicable	False		1	6
31	20	ARPC3	IL2RG	outside_both_endpoint_census	False	False		not_applicable	False		1	0
31	21	ARPC3	SELL	outside_both_endpoint_census	False	False		not_applicable	False		1	0
31	22	ARPC3	TBX21	outside_both_endpoint_census	False	False		not_applicable	False		1	1
31	23	ARPC3	KLRB1	outside_both_endpoint_census	False	False		not_applicable	False		1	0
31	24	ARPC3	XCL1	outside_both_endpoint_census	False	False		not_applicable	False		1	0
31	25	ARPC3	XCL2	outside_both_endpoint_census	False	False		not_applicable	False		1	0
32	1	ATP5F1A	GZMA	outside_both_endpoint_census	False	False		not_applicable	False		1	5
32	2	ATP5F1A	GZMB	outside_both_endpoint_census	False	False		not_applicable	False		1	0
32	3	ATP5F1A	GNLY	outside_both_endpoint_census	False	False		not_applicable	False		1	3
32	4	ATP5F1A	PRF1	outside_both_endpoint_census	False	False		not_applicable	False		1	0
32	5	ATP5F1A	IFNG	outside_both_endpoint_census	False	False		not_applicable	False		1	3
32	6	ATP5F1A	TNF	outside_both_endpoint_census	False	False		not_applicable	False		1	0
32	7	ATP5F1A	NKG7	outside_both_endpoint_census	False	False		not_applicable	False		1	2
32	8	ATP5F1A	CCL5	outside_both_endpoint_census	False	False		not_applicable	False		1	4
32	9	ATP5F1A	CCL4	outside_both_endpoint_census	False	False		not_applicable	False		1	1
32	10	ATP5F1A	CCL3	outside_both_endpoint_census	False	False		not_applicable	False		1	1
32	11	ATP5F1A	CCR5	outside_both_endpoint_census	False	False		not_applicable	False		1	4
32	12	ATP5F1A	CCR1	outside_both_endpoint_census	False	False		not_applicable	False		1	3
32	13	ATP5F1A	CCR7	outside_both_endpoint_census	False	False		not_applicable	False		1	6
32	14	ATP5F1A	CCR2	outside_both_endpoint_census	False	False		not_applicable	False		1	0
32	15	ATP5F1A	IL2	reversal_lost	True	True	lost	unresolved	False	UNANALYSABLE_POSITIVE_INTENSITY	1	2
32	16	ATP5F1A	IL2RA	outside_both_endpoint_census	False	False		not_applicable	False		1	11
32	17	ATP5F1A	IL2RB	outside_both_endpoint_census	False	False		not_applicable	False		1	9
32	18	ATP5F1A	CD69	outside_both_endpoint_census	False	False		not_applicable	False		1	9
32	19	ATP5F1A	CTLA4	outside_both_endpoint_census	False	False		not_applicable	False		1	6
32	20	ATP5F1A	IL2RG	outside_both_endpoint_census	False	False		not_applicable	False		1	0
32	21	ATP5F1A	SELL	outside_both_endpoint_census	False	False		not_applicable	False		1	0
32	22	ATP5F1A	TBX21	outside_both_endpoint_census	False	False		not_applicable	False		1	1
32	23	ATP5F1A	KLRB1	outside_both_endpoint_census	False	False		not_applicable	False		1	0
32	24	ATP5F1A	XCL1	outside_both_endpoint_census	False	False		not_applicable	False		1	0
32	25	ATP5F1A	XCL2	outside_both_endpoint_census	False	False		not_applicable	False		1	0
33	1	BCL3	GZMA	outside_both_endpoint_census	False	False		not_applicable	False		1	5
33	2	BCL3	GZMB	outside_both_endpoint_census	False	False		not_applicable	False		1	0
33	3	BCL3	GNLY	outside_both_endpoint_census	False	False		not_applicable	False		1	3
33	4	BCL3	PRF1	outside_both_endpoint_census	False	False		not_applicable	False		1	0
33	5	BCL3	IFNG	outside_both_endpoint_census	False	False		not_applicable	False		1	3
33	6	BCL3	TNF	outside_both_endpoint_census	False	False		not_applicable	False		1	0
33	7	BCL3	NKG7	outside_both_endpoint_census	False	False		not_applicable	False		1	2
33	8	BCL3	CCL5	outside_both_endpoint_census	False	False		not_applicable	False		1	4
33	9	BCL3	CCL4	outside_both_endpoint_census	False	False		not_applicable	False		1	1
33	10	BCL3	CCL3	outside_both_endpoint_census	False	False		not_applicable	False		1	1
33	11	BCL3	CCR5	outside_both_endpoint_census	False	False		not_applicable	False		1	4
33	12	BCL3	CCR1	outside_both_endpoint_census	False	False		not_applicable	False		1	3
33	13	BCL3	CCR7	outside_both_endpoint_census	False	False		not_applicable	False		1	6
33	14	BCL3	CCR2	outside_both_endpoint_census	False	False		not_applicable	False		1	0
33	15	BCL3	IL2	outside_both_endpoint_census	False	False		not_applicable	False		1	2
33	16	BCL3	IL2RA	outside_both_endpoint_census	False	False		not_applicable	False		1	11
33	17	BCL3	IL2RB	outside_both_endpoint_census	False	False		not_applicable	False		1	9
33	18	BCL3	CD69	reversal_gained	True	True	gained	unresolved	False	UNANALYSABLE_METADATA_SUPPORT	1	9
33	19	BCL3	CTLA4	outside_both_endpoint_census	False	False		not_applicable	False		1	6
33	20	BCL3	IL2RG	outside_both_endpoint_census	False	False		not_applicable	False		1	0
33	21	BCL3	SELL	outside_both_endpoint_census	False	False		not_applicable	False		1	0
33	22	BCL3	TBX21	outside_both_endpoint_census	False	False		not_applicable	False		1	1
33	23	BCL3	KLRB1	outside_both_endpoint_census	False	False		not_applicable	False		1	0
33	24	BCL3	XCL1	outside_both_endpoint_census	False	False		not_applicable	False		1	0
33	25	BCL3	XCL2	outside_both_endpoint_census	False	False		not_applicable	False		1	0
34	1	CBFB	GZMA	outside_both_endpoint_census	False	False		not_applicable	False		1	5
34	2	CBFB	GZMB	outside_both_endpoint_census	False	False		not_applicable	False		1	0
34	3	CBFB	GNLY	comparable_not_reversed	True	False		not_applicable	False		1	3
34	4	CBFB	PRF1	comparable_not_reversed	True	False		not_applicable	False		1	0
34	5	CBFB	IFNG	outside_both_endpoint_census	False	False		not_applicable	False		1	3
34	6	CBFB	TNF	outside_both_endpoint_census	False	False		not_applicable	False		1	0
34	7	CBFB	NKG7	comparable_not_reversed	True	False		not_applicable	False		1	2
34	8	CBFB	CCL5	outside_both_endpoint_census	False	False		not_applicable	False		1	4
34	9	CBFB	CCL4	outside_both_endpoint_census	False	False		not_applicable	False		1	1
34	10	CBFB	CCL3	outside_both_endpoint_census	False	False		not_applicable	False		1	1
34	11	CBFB	CCR5	outside_both_endpoint_census	False	False		not_applicable	False		1	4
34	12	CBFB	CCR1	outside_both_endpoint_census	False	False		not_applicable	False		1	3
34	13	CBFB	CCR7	outside_both_endpoint_census	False	False		not_applicable	False		1	6
34	14	CBFB	CCR2	outside_both_endpoint_census	False	False		not_applicable	False		1	0
34	15	CBFB	IL2	outside_both_endpoint_census	False	False		not_applicable	False		1	2
34	16	CBFB	IL2RA	reversal_lost	True	True	lost	unresolved	False	UNANALYSABLE_METADATA_SUPPORT	1	11
34	17	CBFB	IL2RB	outside_both_endpoint_census	False	False		not_applicable	False		1	9
34	18	CBFB	CD69	outside_both_endpoint_census	False	False		not_applicable	False		1	9
34	19	CBFB	CTLA4	outside_both_endpoint_census	False	False		not_applicable	False		1	6
34	20	CBFB	IL2RG	outside_both_endpoint_census	False	False		not_applicable	False		1	0
34	21	CBFB	SELL	outside_both_endpoint_census	False	False		not_applicable	False		1	0
34	22	CBFB	TBX21	outside_both_endpoint_census	False	False		not_applicable	False		1	1
34	23	CBFB	KLRB1	outside_both_endpoint_census	False	False		not_applicable	False		1	0
34	24	CBFB	XCL1	outside_both_endpoint_census	False	False		not_applicable	False		1	0
34	25	CBFB	XCL2	outside_both_endpoint_census	False	False		not_applicable	False		1	0
35	1	COPS8	GZMA	reversal_lost	True	True	lost	unresolved	False	UNANALYSABLE_METADATA_SUPPORT	1	5
35	2	COPS8	GZMB	outside_both_endpoint_census	False	False		not_applicable	False		1	0
35	3	COPS8	GNLY	outside_both_endpoint_census	False	False		not_applicable	False		1	3
35	4	COPS8	PRF1	outside_both_endpoint_census	False	False		not_applicable	False		1	0
35	5	COPS8	IFNG	outside_both_endpoint_census	False	False		not_applicable	False		1	3
35	6	COPS8	TNF	outside_both_endpoint_census	False	False		not_applicable	False		1	0
35	7	COPS8	NKG7	outside_both_endpoint_census	False	False		not_applicable	False		1	2
35	8	COPS8	CCL5	outside_both_endpoint_census	False	False		not_applicable	False		1	4
35	9	COPS8	CCL4	outside_both_endpoint_census	False	False		not_applicable	False		1	1
35	10	COPS8	CCL3	comparable_not_reversed	True	False		not_applicable	False		1	1
35	11	COPS8	CCR5	outside_both_endpoint_census	False	False		not_applicable	False		1	4
35	12	COPS8	CCR1	outside_both_endpoint_census	False	False		not_applicable	False		1	3
35	13	COPS8	CCR7	outside_both_endpoint_census	False	False		not_applicable	False		1	6
35	14	COPS8	CCR2	outside_both_endpoint_census	False	False		not_applicable	False		1	0
35	15	COPS8	IL2	outside_both_endpoint_census	False	False		not_applicable	False		1	2
35	16	COPS8	IL2RA	comparable_not_reversed	True	False		not_applicable	False		1	11
35	17	COPS8	IL2RB	outside_both_endpoint_census	False	False		not_applicable	False		1	9
35	18	COPS8	CD69	outside_both_endpoint_census	False	False		not_applicable	False		1	9
35	19	COPS8	CTLA4	outside_both_endpoint_census	False	False		not_applicable	False		1	6
35	20	COPS8	IL2RG	outside_both_endpoint_census	False	False		not_applicable	False		1	0
35	21	COPS8	SELL	outside_both_endpoint_census	False	False		not_applicable	False		1	0
35	22	COPS8	TBX21	outside_both_endpoint_census	False	False		not_applicable	False		1	1
35	23	COPS8	KLRB1	outside_both_endpoint_census	False	False		not_applicable	False		1	0
35	24	COPS8	XCL1	outside_both_endpoint_census	False	False		not_applicable	False		1	0
35	25	COPS8	XCL2	outside_both_endpoint_census	False	False		not_applicable	False		1	0
36	1	COX4I1	GZMA	outside_both_endpoint_census	False	False		not_applicable	False		1	5
36	2	COX4I1	GZMB	outside_both_endpoint_census	False	False		not_applicable	False		1	0
36	3	COX4I1	GNLY	outside_both_endpoint_census	False	False		not_applicable	False		1	3
36	4	COX4I1	PRF1	outside_both_endpoint_census	False	False		not_applicable	False		1	0
36	5	COX4I1	IFNG	outside_both_endpoint_census	False	False		not_applicable	False		1	3
36	6	COX4I1	TNF	outside_both_endpoint_census	False	False		not_applicable	False		1	0
36	7	COX4I1	NKG7	outside_both_endpoint_census	False	False		not_applicable	False		1	2
36	8	COX4I1	CCL5	reversal_lost	True	True	lost	unresolved	False	UNANALYSABLE_METADATA_SUPPORT	1	4
36	9	COX4I1	CCL4	outside_both_endpoint_census	False	False		not_applicable	False		1	1
36	10	COX4I1	CCL3	outside_both_endpoint_census	False	False		not_applicable	False		1	1
36	11	COX4I1	CCR5	outside_both_endpoint_census	False	False		not_applicable	False		1	4
36	12	COX4I1	CCR1	outside_both_endpoint_census	False	False		not_applicable	False		1	3
36	13	COX4I1	CCR7	outside_both_endpoint_census	False	False		not_applicable	False		1	6
36	14	COX4I1	CCR2	outside_both_endpoint_census	False	False		not_applicable	False		1	0
36	15	COX4I1	IL2	outside_both_endpoint_census	False	False		not_applicable	False		1	2
36	16	COX4I1	IL2RA	outside_both_endpoint_census	False	False		not_applicable	False		1	11
36	17	COX4I1	IL2RB	outside_both_endpoint_census	False	False		not_applicable	False		1	9
36	18	COX4I1	CD69	outside_both_endpoint_census	False	False		not_applicable	False		1	9
36	19	COX4I1	CTLA4	outside_both_endpoint_census	False	False		not_applicable	False		1	6
36	20	COX4I1	IL2RG	outside_both_endpoint_census	False	False		not_applicable	False		1	0
36	21	COX4I1	SELL	comparable_not_reversed	True	False		not_applicable	False		1	0
36	22	COX4I1	TBX21	outside_both_endpoint_census	False	False		not_applicable	False		1	1
36	23	COX4I1	KLRB1	outside_both_endpoint_census	False	False		not_applicable	False		1	0
36	24	COX4I1	XCL1	outside_both_endpoint_census	False	False		not_applicable	False		1	0
36	25	COX4I1	XCL2	outside_both_endpoint_census	False	False		not_applicable	False		1	0
37	1	DDA1	GZMA	reversal_lost	True	True	lost	intensity-dominant	True	ESTIMATED_CONTINUOUS_COMPONENTS	1	5
37	2	DDA1	GZMB	outside_both_endpoint_census	False	False		not_applicable	False		1	0
37	3	DDA1	GNLY	outside_both_endpoint_census	False	False		not_applicable	False		1	3
37	4	DDA1	PRF1	outside_both_endpoint_census	False	False		not_applicable	False		1	0
37	5	DDA1	IFNG	outside_both_endpoint_census	False	False		not_applicable	False		1	3
37	6	DDA1	TNF	outside_both_endpoint_census	False	False		not_applicable	False		1	0
37	7	DDA1	NKG7	outside_both_endpoint_census	False	False		not_applicable	False		1	2
37	8	DDA1	CCL5	outside_both_endpoint_census	False	False		not_applicable	False		1	4
37	9	DDA1	CCL4	outside_both_endpoint_census	False	False		not_applicable	False		1	1
37	10	DDA1	CCL3	outside_both_endpoint_census	False	False		not_applicable	False		1	1
37	11	DDA1	CCR5	outside_both_endpoint_census	False	False		not_applicable	False		1	4
37	12	DDA1	CCR1	outside_both_endpoint_census	False	False		not_applicable	False		1	3
37	13	DDA1	CCR7	outside_both_endpoint_census	False	False		not_applicable	False		1	6
37	14	DDA1	CCR2	outside_both_endpoint_census	False	False		not_applicable	False		1	0
37	15	DDA1	IL2	outside_both_endpoint_census	False	False		not_applicable	False		1	2
37	16	DDA1	IL2RA	outside_both_endpoint_census	False	False		not_applicable	False		1	11
37	17	DDA1	IL2RB	outside_both_endpoint_census	False	False		not_applicable	False		1	9
37	18	DDA1	CD69	outside_both_endpoint_census	False	False		not_applicable	False		1	9
37	19	DDA1	CTLA4	outside_both_endpoint_census	False	False		not_applicable	False		1	6
37	20	DDA1	IL2RG	outside_both_endpoint_census	False	False		not_applicable	False		1	0
37	21	DDA1	SELL	outside_both_endpoint_census	False	False		not_applicable	False		1	0
37	22	DDA1	TBX21	outside_both_endpoint_census	False	False		not_applicable	False		1	1
37	23	DDA1	KLRB1	outside_both_endpoint_census	False	False		not_applicable	False		1	0
37	24	DDA1	XCL1	outside_both_endpoint_census	False	False		not_applicable	False		1	0
37	25	DDA1	XCL2	outside_both_endpoint_census	False	False		not_applicable	False		1	0
38	1	PAXIP1	GZMA	outside_both_endpoint_census	False	False		not_applicable	False		1	5
38	2	PAXIP1	GZMB	comparable_not_reversed	True	False		not_applicable	False		1	0
38	3	PAXIP1	GNLY	comparable_not_reversed	True	False		not_applicable	False		1	3
38	4	PAXIP1	PRF1	outside_both_endpoint_census	False	False		not_applicable	False		1	0
38	5	PAXIP1	IFNG	outside_both_endpoint_census	False	False		not_applicable	False		1	3
38	6	PAXIP1	TNF	outside_both_endpoint_census	False	False		not_applicable	False		1	0
38	7	PAXIP1	NKG7	outside_both_endpoint_census	False	False		not_applicable	False		1	2
38	8	PAXIP1	CCL5	comparable_not_reversed	True	False		not_applicable	False		1	4
38	9	PAXIP1	CCL4	outside_both_endpoint_census	False	False		not_applicable	False		1	1
38	10	PAXIP1	CCL3	outside_both_endpoint_census	False	False		not_applicable	False		1	1
38	11	PAXIP1	CCR5	outside_both_endpoint_census	False	False		not_applicable	False		1	4
38	12	PAXIP1	CCR1	outside_both_endpoint_census	False	False		not_applicable	False		1	3
38	13	PAXIP1	CCR7	reversal_gained	True	True	gained	unresolved	False	UNANALYSABLE_POSITIVE_INTENSITY	1	6
38	14	PAXIP1	CCR2	outside_both_endpoint_census	False	False		not_applicable	False		1	0
38	15	PAXIP1	IL2	outside_both_endpoint_census	False	False		not_applicable	False		1	2
38	16	PAXIP1	IL2RA	outside_both_endpoint_census	False	False		not_applicable	False		1	11
38	17	PAXIP1	IL2RB	comparable_not_reversed	True	False		not_applicable	False		1	9
38	18	PAXIP1	CD69	outside_both_endpoint_census	False	False		not_applicable	False		1	9
38	19	PAXIP1	CTLA4	outside_both_endpoint_census	False	False		not_applicable	False		1	6
38	20	PAXIP1	IL2RG	outside_both_endpoint_census	False	False		not_applicable	False		1	0
38	21	PAXIP1	SELL	outside_both_endpoint_census	False	False		not_applicable	False		1	0
38	22	PAXIP1	TBX21	outside_both_endpoint_census	False	False		not_applicable	False		1	1
38	23	PAXIP1	KLRB1	outside_both_endpoint_census	False	False		not_applicable	False		1	0
38	24	PAXIP1	XCL1	outside_both_endpoint_census	False	False		not_applicable	False		1	0
38	25	PAXIP1	XCL2	outside_both_endpoint_census	False	False		not_applicable	False		1	0
39	1	E2F1	GZMA	reversal_gained	True	True	gained	unresolved	False	UNANALYSABLE_METADATA_SUPPORT	1	5
39	2	E2F1	GZMB	outside_both_endpoint_census	False	False		not_applicable	False		1	0
39	3	E2F1	GNLY	outside_both_endpoint_census	False	False		not_applicable	False		1	3
39	4	E2F1	PRF1	outside_both_endpoint_census	False	False		not_applicable	False		1	0
39	5	E2F1	IFNG	outside_both_endpoint_census	False	False		not_applicable	False		1	3
39	6	E2F1	TNF	outside_both_endpoint_census	False	False		not_applicable	False		1	0
39	7	E2F1	NKG7	outside_both_endpoint_census	False	False		not_applicable	False		1	2
39	8	E2F1	CCL5	outside_both_endpoint_census	False	False		not_applicable	False		1	4
39	9	E2F1	CCL4	outside_both_endpoint_census	False	False		not_applicable	False		1	1
39	10	E2F1	CCL3	outside_both_endpoint_census	False	False		not_applicable	False		1	1
39	11	E2F1	CCR5	outside_both_endpoint_census	False	False		not_applicable	False		1	4
39	12	E2F1	CCR1	outside_both_endpoint_census	False	False		not_applicable	False		1	3
39	13	E2F1	CCR7	outside_both_endpoint_census	False	False		not_applicable	False		1	6
39	14	E2F1	CCR2	outside_both_endpoint_census	False	False		not_applicable	False		1	0
39	15	E2F1	IL2	outside_both_endpoint_census	False	False		not_applicable	False		1	2
39	16	E2F1	IL2RA	outside_both_endpoint_census	False	False		not_applicable	False		1	11
39	17	E2F1	IL2RB	outside_both_endpoint_census	False	False		not_applicable	False		1	9
39	18	E2F1	CD69	outside_both_endpoint_census	False	False		not_applicable	False		1	9
39	19	E2F1	CTLA4	outside_both_endpoint_census	False	False		not_applicable	False		1	6
39	20	E2F1	IL2RG	outside_both_endpoint_census	False	False		not_applicable	False		1	0
39	21	E2F1	SELL	outside_both_endpoint_census	False	False		not_applicable	False		1	0
39	22	E2F1	TBX21	outside_both_endpoint_census	False	False		not_applicable	False		1	1
39	23	E2F1	KLRB1	outside_both_endpoint_census	False	False		not_applicable	False		1	0
39	24	E2F1	XCL1	outside_both_endpoint_census	False	False		not_applicable	False		1	0
39	25	E2F1	XCL2	outside_both_endpoint_census	False	False		not_applicable	False		1	0
40	1	EIF4G2	GZMA	reversal_gained	True	True	gained	unresolved	False	UNANALYSABLE_METADATA_SUPPORT	1	5
40	2	EIF4G2	GZMB	outside_both_endpoint_census	False	False		not_applicable	False		1	0
40	3	EIF4G2	GNLY	outside_both_endpoint_census	False	False		not_applicable	False		1	3
40	4	EIF4G2	PRF1	outside_both_endpoint_census	False	False		not_applicable	False		1	0
40	5	EIF4G2	IFNG	outside_both_endpoint_census	False	False		not_applicable	False		1	3
40	6	EIF4G2	TNF	outside_both_endpoint_census	False	False		not_applicable	False		1	0
40	7	EIF4G2	NKG7	outside_both_endpoint_census	False	False		not_applicable	False		1	2
40	8	EIF4G2	CCL5	outside_both_endpoint_census	False	False		not_applicable	False		1	4
40	9	EIF4G2	CCL4	outside_both_endpoint_census	False	False		not_applicable	False		1	1
40	10	EIF4G2	CCL3	outside_both_endpoint_census	False	False		not_applicable	False		1	1
40	11	EIF4G2	CCR5	outside_both_endpoint_census	False	False		not_applicable	False		1	4
40	12	EIF4G2	CCR1	outside_both_endpoint_census	False	False		not_applicable	False		1	3
40	13	EIF4G2	CCR7	outside_both_endpoint_census	False	False		not_applicable	False		1	6
40	14	EIF4G2	CCR2	outside_both_endpoint_census	False	False		not_applicable	False		1	0
40	15	EIF4G2	IL2	outside_both_endpoint_census	False	False		not_applicable	False		1	2
40	16	EIF4G2	IL2RA	outside_both_endpoint_census	False	False		not_applicable	False		1	11
40	17	EIF4G2	IL2RB	outside_both_endpoint_census	False	False		not_applicable	False		1	9
40	18	EIF4G2	CD69	outside_both_endpoint_census	False	False		not_applicable	False		1	9
40	19	EIF4G2	CTLA4	outside_both_endpoint_census	False	False		not_applicable	False		1	6
40	20	EIF4G2	IL2RG	outside_both_endpoint_census	False	False		not_applicable	False		1	0
40	21	EIF4G2	SELL	comparable_not_reversed	True	False		not_applicable	False		1	0
40	22	EIF4G2	TBX21	outside_both_endpoint_census	False	False		not_applicable	False		1	1
40	23	EIF4G2	KLRB1	outside_both_endpoint_census	False	False		not_applicable	False		1	0
40	24	EIF4G2	XCL1	outside_both_endpoint_census	False	False		not_applicable	False		1	0
40	25	EIF4G2	XCL2	outside_both_endpoint_census	False	False		not_applicable	False		1	0
41	1	INO80	GZMA	outside_both_endpoint_census	False	False		not_applicable	False		1	5
41	2	INO80	GZMB	outside_both_endpoint_census	False	False		not_applicable	False		1	0
41	3	INO80	GNLY	outside_both_endpoint_census	False	False		not_applicable	False		1	3
41	4	INO80	PRF1	outside_both_endpoint_census	False	False		not_applicable	False		1	0
41	5	INO80	IFNG	outside_both_endpoint_census	False	False		not_applicable	False		1	3
41	6	INO80	TNF	outside_both_endpoint_census	False	False		not_applicable	False		1	0
41	7	INO80	NKG7	outside_both_endpoint_census	False	False		not_applicable	False		1	2
41	8	INO80	CCL5	outside_both_endpoint_census	False	False		not_applicable	False		1	4
41	9	INO80	CCL4	reversal_lost	True	True	lost	unresolved	False	UNANALYSABLE_METADATA_SUPPORT	1	1
41	10	INO80	CCL3	outside_both_endpoint_census	False	False		not_applicable	False		1	1
41	11	INO80	CCR5	outside_both_endpoint_census	False	False		not_applicable	False		1	4
41	12	INO80	CCR1	outside_both_endpoint_census	False	False		not_applicable	False		1	3
41	13	INO80	CCR7	outside_both_endpoint_census	False	False		not_applicable	False		1	6
41	14	INO80	CCR2	outside_both_endpoint_census	False	False		not_applicable	False		1	0
41	15	INO80	IL2	outside_both_endpoint_census	False	False		not_applicable	False		1	2
41	16	INO80	IL2RA	outside_both_endpoint_census	False	False		not_applicable	False		1	11
41	17	INO80	IL2RB	outside_both_endpoint_census	False	False		not_applicable	False		1	9
41	18	INO80	CD69	outside_both_endpoint_census	False	False		not_applicable	False		1	9
41	19	INO80	CTLA4	outside_both_endpoint_census	False	False		not_applicable	False		1	6
41	20	INO80	IL2RG	outside_both_endpoint_census	False	False		not_applicable	False		1	0
41	21	INO80	SELL	outside_both_endpoint_census	False	False		not_applicable	False		1	0
41	22	INO80	TBX21	outside_both_endpoint_census	False	False		not_applicable	False		1	1
41	23	INO80	KLRB1	outside_both_endpoint_census	False	False		not_applicable	False		1	0
41	24	INO80	XCL1	outside_both_endpoint_census	False	False		not_applicable	False		1	0
41	25	INO80	XCL2	outside_both_endpoint_census	False	False		not_applicable	False		1	0
42	1	IST1	GZMA	outside_both_endpoint_census	False	False		not_applicable	False		1	5
42	2	IST1	GZMB	outside_both_endpoint_census	False	False		not_applicable	False		1	0
42	3	IST1	GNLY	outside_both_endpoint_census	False	False		not_applicable	False		1	3
42	4	IST1	PRF1	outside_both_endpoint_census	False	False		not_applicable	False		1	0
42	5	IST1	IFNG	outside_both_endpoint_census	False	False		not_applicable	False		1	3
42	6	IST1	TNF	outside_both_endpoint_census	False	False		not_applicable	False		1	0
42	7	IST1	NKG7	outside_both_endpoint_census	False	False		not_applicable	False		1	2
42	8	IST1	CCL5	outside_both_endpoint_census	False	False		not_applicable	False		1	4
42	9	IST1	CCL4	outside_both_endpoint_census	False	False		not_applicable	False		1	1
42	10	IST1	CCL3	outside_both_endpoint_census	False	False		not_applicable	False		1	1
42	11	IST1	CCR5	outside_both_endpoint_census	False	False		not_applicable	False		1	4
42	12	IST1	CCR1	outside_both_endpoint_census	False	False		not_applicable	False		1	3
42	13	IST1	CCR7	outside_both_endpoint_census	False	False		not_applicable	False		1	6
42	14	IST1	CCR2	outside_both_endpoint_census	False	False		not_applicable	False		1	0
42	15	IST1	IL2	outside_both_endpoint_census	False	False		not_applicable	False		1	2
42	16	IST1	IL2RA	outside_both_endpoint_census	False	False		not_applicable	False		1	11
42	17	IST1	IL2RB	outside_both_endpoint_census	False	False		not_applicable	False		1	9
42	18	IST1	CD69	outside_both_endpoint_census	False	False		not_applicable	False		1	9
42	19	IST1	CTLA4	reversal_lost	True	True	lost	unresolved	False	UNANALYSABLE_METADATA_SUPPORT	1	6
42	20	IST1	IL2RG	outside_both_endpoint_census	False	False		not_applicable	False		1	0
42	21	IST1	SELL	outside_both_endpoint_census	False	False		not_applicable	False		1	0
42	22	IST1	TBX21	outside_both_endpoint_census	False	False		not_applicable	False		1	1
42	23	IST1	KLRB1	outside_both_endpoint_census	False	False		not_applicable	False		1	0
42	24	IST1	XCL1	outside_both_endpoint_census	False	False		not_applicable	False		1	0
42	25	IST1	XCL2	outside_both_endpoint_census	False	False		not_applicable	False		1	0
43	1	IWS1	GZMA	outside_both_endpoint_census	False	False		not_applicable	False		1	5
43	2	IWS1	GZMB	outside_both_endpoint_census	False	False		not_applicable	False		1	0
43	3	IWS1	GNLY	comparable_not_reversed	True	False		not_applicable	False		1	3
43	4	IWS1	PRF1	outside_both_endpoint_census	False	False		not_applicable	False		1	0
43	5	IWS1	IFNG	outside_both_endpoint_census	False	False		not_applicable	False		1	3
43	6	IWS1	TNF	outside_both_endpoint_census	False	False		not_applicable	False		1	0
43	7	IWS1	NKG7	outside_both_endpoint_census	False	False		not_applicable	False		1	2
43	8	IWS1	CCL5	outside_both_endpoint_census	False	False		not_applicable	False		1	4
43	9	IWS1	CCL4	outside_both_endpoint_census	False	False		not_applicable	False		1	1
43	10	IWS1	CCL3	outside_both_endpoint_census	False	False		not_applicable	False		1	1
43	11	IWS1	CCR5	outside_both_endpoint_census	False	False		not_applicable	False		1	4
43	12	IWS1	CCR1	outside_both_endpoint_census	False	False		not_applicable	False		1	3
43	13	IWS1	CCR7	outside_both_endpoint_census	False	False		not_applicable	False		1	6
43	14	IWS1	CCR2	outside_both_endpoint_census	False	False		not_applicable	False		1	0
43	15	IWS1	IL2	outside_both_endpoint_census	False	False		not_applicable	False		1	2
43	16	IWS1	IL2RA	outside_both_endpoint_census	False	False		not_applicable	False		1	11
43	17	IWS1	IL2RB	outside_both_endpoint_census	False	False		not_applicable	False		1	9
43	18	IWS1	CD69	reversal_gained	True	True	gained	unresolved	False	UNANALYSABLE_METADATA_SUPPORT	1	9
43	19	IWS1	CTLA4	outside_both_endpoint_census	False	False		not_applicable	False		1	6
43	20	IWS1	IL2RG	outside_both_endpoint_census	False	False		not_applicable	False		1	0
43	21	IWS1	SELL	outside_both_endpoint_census	False	False		not_applicable	False		1	0
43	22	IWS1	TBX21	outside_both_endpoint_census	False	False		not_applicable	False		1	1
43	23	IWS1	KLRB1	outside_both_endpoint_census	False	False		not_applicable	False		1	0
43	24	IWS1	XCL1	outside_both_endpoint_census	False	False		not_applicable	False		1	0
43	25	IWS1	XCL2	outside_both_endpoint_census	False	False		not_applicable	False		1	0
44	1	MED12	GZMA	outside_both_endpoint_census	False	False		not_applicable	False		1	5
44	2	MED12	GZMB	comparable_not_reversed	True	False		not_applicable	False		1	0
44	3	MED12	GNLY	comparable_not_reversed	True	False		not_applicable	False		1	3
44	4	MED12	PRF1	outside_both_endpoint_census	False	False		not_applicable	False		1	0
44	5	MED12	IFNG	outside_both_endpoint_census	False	False		not_applicable	False		1	3
44	6	MED12	TNF	outside_both_endpoint_census	False	False		not_applicable	False		1	0
44	7	MED12	NKG7	comparable_not_reversed	True	False		not_applicable	False		1	2
44	8	MED12	CCL5	comparable_not_reversed	True	False		not_applicable	False		1	4
44	9	MED12	CCL4	outside_both_endpoint_census	False	False		not_applicable	False		1	1
44	10	MED12	CCL3	outside_both_endpoint_census	False	False		not_applicable	False		1	1
44	11	MED12	CCR5	outside_both_endpoint_census	False	False		not_applicable	False		1	4
44	12	MED12	CCR1	outside_both_endpoint_census	False	False		not_applicable	False		1	3
44	13	MED12	CCR7	outside_both_endpoint_census	False	False		not_applicable	False		1	6
44	14	MED12	CCR2	comparable_not_reversed	True	False		not_applicable	False		1	0
44	15	MED12	IL2	outside_both_endpoint_census	False	False		not_applicable	False		1	2
44	16	MED12	IL2RA	outside_both_endpoint_census	False	False		not_applicable	False		1	11
44	17	MED12	IL2RB	reversal_lost	True	True	lost	unresolved	False	UNANALYSABLE_METADATA_SUPPORT	1	9
44	18	MED12	CD69	comparable_not_reversed	True	False		not_applicable	False		1	9
44	19	MED12	CTLA4	outside_both_endpoint_census	False	False		not_applicable	False		1	6
44	20	MED12	IL2RG	outside_both_endpoint_census	False	False		not_applicable	False		1	0
44	21	MED12	SELL	comparable_not_reversed	True	False		not_applicable	False		1	0
44	22	MED12	TBX21	outside_both_endpoint_census	False	False		not_applicable	False		1	1
44	23	MED12	KLRB1	outside_both_endpoint_census	False	False		not_applicable	False		1	0
44	24	MED12	XCL1	outside_both_endpoint_census	False	False		not_applicable	False		1	0
44	25	MED12	XCL2	outside_both_endpoint_census	False	False		not_applicable	False		1	0
45	1	ZAP70	GZMA	outside_both_endpoint_census	False	False		not_applicable	False		1	5
45	2	ZAP70	GZMB	outside_both_endpoint_census	False	False		not_applicable	False		1	0
45	3	ZAP70	GNLY	outside_both_endpoint_census	False	False		not_applicable	False		1	3
45	4	ZAP70	PRF1	outside_both_endpoint_census	False	False		not_applicable	False		1	0
45	5	ZAP70	IFNG	outside_both_endpoint_census	False	False		not_applicable	False		1	3
45	6	ZAP70	TNF	outside_both_endpoint_census	False	False		not_applicable	False		1	0
45	7	ZAP70	NKG7	outside_both_endpoint_census	False	False		not_applicable	False		1	2
45	8	ZAP70	CCL5	outside_both_endpoint_census	False	False		not_applicable	False		1	4
45	9	ZAP70	CCL4	outside_both_endpoint_census	False	False		not_applicable	False		1	1
45	10	ZAP70	CCL3	outside_both_endpoint_census	False	False		not_applicable	False		1	1
45	11	ZAP70	CCR5	reversal_gained	True	True	gained	unresolved	False	UNANALYSABLE_METADATA_SUPPORT	1	4
45	12	ZAP70	CCR1	outside_both_endpoint_census	False	False		not_applicable	False		1	3
45	13	ZAP70	CCR7	outside_both_endpoint_census	False	False		not_applicable	False		1	6
45	14	ZAP70	CCR2	outside_both_endpoint_census	False	False		not_applicable	False		1	0
45	15	ZAP70	IL2	outside_both_endpoint_census	False	False		not_applicable	False		1	2
45	16	ZAP70	IL2RA	outside_both_endpoint_census	False	False		not_applicable	False		1	11
45	17	ZAP70	IL2RB	outside_both_endpoint_census	False	False		not_applicable	False		1	9
45	18	ZAP70	CD69	outside_both_endpoint_census	False	False		not_applicable	False		1	9
45	19	ZAP70	CTLA4	outside_both_endpoint_census	False	False		not_applicable	False		1	6
45	20	ZAP70	IL2RG	outside_both_endpoint_census	False	False		not_applicable	False		1	0
45	21	ZAP70	SELL	outside_both_endpoint_census	False	False		not_applicable	False		1	0
45	22	ZAP70	TBX21	outside_both_endpoint_census	False	False		not_applicable	False		1	1
45	23	ZAP70	KLRB1	outside_both_endpoint_census	False	False		not_applicable	False		1	0
45	24	ZAP70	XCL1	outside_both_endpoint_census	False	False		not_applicable	False		1	0
45	25	ZAP70	XCL2	outside_both_endpoint_census	False	False		not_applicable	False		1	0
