display_rank	regulator	regulator_ensg	lost_on_activation	gained_on_activation	total_reversals	out_degree	reversal_rate	fold_vs_degree_decile	p_two_sided	q_two_sided	q_one_sided_enrichment	functional_annotation	functional_annotation_source	all_lost	all_gained	all_total	dense_lost	dense_gained	dense_total
1	CCNC	ENSG00000112237	147	141	288	1304	0.2208588957055214	3.834231179786104	1.1453398297413229e-82	7.066746749503964e-80	7.066746749503964e-80	Mediator	results_data/census/figure_data.json:top_regulators;scripts/fig4_architecture.py:FIG2_CLASS	40	12	52	12	3	15
2	TADA2B	ENSG00000173011	164	104	268	3058	0.0876389797253106	1.453932923268346	8.77012028625622e-09	2.254651756925037e-07	1.6705531822555225e-07	SAGA/co-activator (HAT)	results_data/census/figure_data.json:top_regulators	77	36	113	32	13	45
3	ARNT	ENSG00000143437	105	72	177	922	0.1919739696312364	3.227519786805922	8.125512417584649e-42	1.2533602904124322e-39	1.2533602904124322e-39	bHLH-PAS TF	results_data/census/figure_data.json:top_regulators;scripts/fig4_architecture.py:FIG2_CLASS	23	9	32	6	1	7
4	AHR	ENSG00000106546	99	66	165	727	0.2269601100412654	3.8151753904180503	5.6345589485972185e-49	1.158840957094828e-46	1.158840957094828e-46	bHLH-PAS TF	results_data/census/figure_data.json:top_regulators;scripts/fig4_architecture.py:FIG2_CLASS	13	10	23	1	1	2
5	SUPT7L	ENSG00000119760	94	54	148	1375	0.1076363636363636	1.7740529424912987	6.768048621529738e-11	2.9827757139170352e-09	2.50499074152283e-09	SAGA/co-activator (HAT)	results_data/census/figure_data.json:top_regulators;scripts/fig4_architecture.py:FIG2_CLASS	47	22	69	20	12	32
6	TAF6L	ENSG00000162227	63	66	129	1642	0.0785627283800243	1.2789606482996498	0.0057630704503953	0.0348609261558228	0.0479236754648437	SAGA/co-activator (HAT)	results_data/census/figure_data.json:top_regulators	42	29	71	22	15	37
7	NCKAP1L	ENSG00000123338	72	19	91	244	0.3729508196721312	10.912120538006093	1.074045636569118e-64	3.313430788815729e-62	3.313430788815729e-62	cytoskeletal / immune-synapse	results_data/census/figure_data.json:top_regulators;scripts/fig4_architecture.py:FIG2_CLASS	11	5	16	2	1	3
8	ARHGAP30	ENSG00000186517	38	33	71	362	0.1961325966850828	3.215461110565259	4.661508204283768e-18	3.595188202553855e-16	4.1087865172044063e-16	cytoskeletal / immune-synapse	results_data/census/figure_data.json:top_regulators;scripts/fig4_architecture.py:FIG2_CLASS	5	3	8	3	0	3
9	CREBBP	ENSG00000005339	34	25	59	461	0.1279826464208243	2.0852976292504746	1.5760212352871866e-07	3.353121041973083e-06	3.974851498451289e-06	CBP/p300 (HAT)	results_data/census/figure_data.json:top_regulators	3	0	3	1	0	1
10	MED24	ENSG00000008838	27	30	57	382	0.1492146596858638	2.4336006971298634	8.264446429014961e-10	2.9995079098248424e-08	3.310216229763698e-08	Mediator	results_data/census/figure_data.json:top_regulators;scripts/fig4_architecture.py:FIG2_CLASS	2	1	3	0	1	1
11	EIF4G2	ENSG00000110321	35	20	55	604	0.0910596026490066	1.4772407307293778	0.0048752147054953	0.030693953809088	0.0454491003550654	other (replication/translation/misc)	results_data/census/figure_data.json:top_regulators	5	3	8	1	1	2
12	STAT5B	ENSG00000173757	4	38	42	270	0.1555555555555555	4.121338383838384	2.8744398241061904e-14	1.970588190526133e-12	2.2169117143418993e-12	signalling / activation TF	results_data/census/figure_data.json:top_regulators;scripts/fig4_architecture.py:FIG2_CLASS	0	13	13	0	2	2
13	STIP1	ENSG00000168439	19	22	41	275	0.149090909090909	3.941185770750988	2.5306629312619276e-13	1.5614190285886092e-11	1.7349100317651215e-11	other (replication/translation/misc)	results_data/census/figure_data.json:top_regulators;scripts/fig4_architecture.py:FIG2_CLASS	5	9	14	2	2	4
14	DOCK2	ENSG00000134516	34	6	40	111	0.3603603603603603	9.920810490205508	5.158050740033004e-28	6.365034613200727e-26	6.365034613200727e-26	cytoskeletal / immune-synapse	scripts/fig4_architecture.py:FIG2_CLASS	6	1	7	0	1	1
15	TSC1	ENSG00000165699	13	26	39	336	0.1160714285714285	1.883333534699401	0.0002284272089977	0.0024726243500288	0.0024349772942634	other / unclassified		2	0	2	1	0	1
16	DOLPP1	ENSG00000167130	32	6	38	125	0.304	8.295010600706712	1.4626437192067391e-23	1.5040852912509297e-21	1.5040852912509297e-21	metabolic / mitochondrial	scripts/fig4_architecture.py:FIG2_CLASS	12	2	14	7	0	7
17	STAT3	ENSG00000168610	8	30	38	257	0.1478599221789883	3.891606448026682	2.5291365841566607e-12	1.4186157022042358e-10	1.5604772724246595e-10	signalling / activation TF	scripts/fig4_architecture.py:FIG2_CLASS	1	6	7	0	3	3
18	CBFB	ENSG00000067955	22	12	34	212	0.160377358490566	4.203023796113771	3.636860025092381e-12	1.8699521962349988e-10	2.0399478504381808e-10	signalling / activation TF	scripts/fig4_architecture.py:FIG2_CLASS	2	3	5	2	1	3
19	BTAF1	ENSG00000095564	15	10	25	277	0.0902527075812274	2.315437353028848	0.0001389062500614	0.0016170784205264	0.0024349772942634	other / unclassified		5	3	8	4	1	5
20	RBM10	ENSG00000182872	16	5	21	95	0.2210526315789473	5.883504492939666	1.2865514543449578e-10	4.961264045817744e-09	5.670016052363136e-09	RNA processing / surveillance	scripts/fig4_architecture.py:FIG2_CLASS	1	0	1	0	0	0
21	UBR4	ENSG00000127481	5	16	21	141	0.1489361702127659	3.825673758865248	2.329531515594364e-07	4.636519177812008e-06	6.844385452960585e-06	other / unclassified		0	2	2	0	1	1
22	YEATS2	ENSG00000163872	7	7	14	89	0.1573033707865168	4.020894933964124	1.3504439380764684e-05	0.0002192694499455	0.0003471766290804	other / unclassified		1	2	3	0	0	0
23	ACTR8	ENSG00000113812	1	13	14	151	0.0927152317880794	2.3242228789611064	0.0051643458576724	0.0318640139418393	0.0479236754648437	other / unclassified		1	7	8	1	2	3
24	ATP5ME	ENSG00000169020	11	1	12	35	0.3428571428571428	13.76043956043956	9.55294307693676e-11	3.929443918979987e-09	4.533973752669216e-09	metabolic / mitochondrial	scripts/fig4_architecture.py:FIG2_CLASS	5	1	6	5	0	5
25	PPP1R11	ENSG00000204619	4	8	12	80	0.15	3.797687861271676	9.203862490173722e-05	0.0011357566312874	0.0018929277188123	other / unclassified		2	3	5	2	1	3
26	BATF	ENSG00000156127	4	8	12	81	0.1481481481481481	3.7499464782701777	0.0001041821032608	0.0012603991708227	0.0020735599261922	other / unclassified		2	4	6	2	3	5
27	CYB5R4	ENSG00000065615	2	9	11	61	0.180327868852459	4.558978707367628	3.162159547341096e-05	0.0004877631101773	0.0007804209762837	other / unclassified		0	2	2	0	1	1
28	MCAT	ENSG00000100294	10	0	10	18	0.5555555555555556	12.713178294573645	2.300146235884639e-09	6.450864670640103e-08	8.86993892213014e-08	other / unclassified		1	0	1	0	0	0
29	GSS	ENSG00000100983	1	9	10	26	0.3846153846153846	14.023668639053254	2.701278955620057e-09	7.246474415728588e-08	9.804053621279857e-08	other / unclassified		1	3	4	0	1	1
30	EIF1	ENSG00000173812	6	4	10	51	0.196078431372549	6.785282014040184	2.874833708978607e-06	4.927145551221668e-05	7.712053906260003e-05	other / unclassified		2	1	3	1	0	1
31	NUP188	ENSG00000095319	7	3	10	64	0.15625	3.925	0.0002541088958326	0.0027031929091158	0.0044795768208204	other / unclassified		1	1	2	1	0	1
32	ATP5PO	ENSG00000241837	9	1	10	84	0.119047619047619	2.9768707482993193	0.002254531899145	0.0183032392338486	0.0356678508146793	other / unclassified		4	1	5	3	0	3
33	ATP5F1A	ENSG00000152234	8	1	9	20	0.45	10.04318181818182	1.7557978090153897e-07	3.611090827208318e-06	5.4166362408124775e-06	other / unclassified		2	0	2	1	0	1
34	NDUFA8	ENSG00000119421	0	9	9	40	0.225	7.721341463414635	2.7743911866493258e-06	4.890855320464669e-05	7.712053906260003e-05	other / unclassified		0	3	3	0	2	2
35	KMT2E	ENSG00000005483	4	5	9	59	0.1525423728813559	5.1994625878462175	7.734593029415833e-05	0.000973927326357	0.0016456013445343	other / unclassified		0	0	0	0	0	0
36	TM2D1	ENSG00000162604	6	3	9	65	0.1384615384615384	3.457604895104895	0.0012792676624333	0.0109626131627969	0.0207712670452994	other / unclassified		0	0	0	0	0	0
37	TIMM8B	ENSG00000150779	7	0	7	20	0.35	7.471739130434781	3.543261639111469e-05	0.0005332176661784	0.0008408432428199	other / unclassified		2	0	2	1	0	1
38	CARMIL2	ENSG00000159753	2	5	7	33	0.2121212121212121	7.774056353003722	3.748587633137929e-05	0.0005506853737252	0.0008566216924615	other / unclassified		1	0	1	1	0	1
39	CCNF	ENSG00000162063	1	5	6	22	0.2727272727272727	9.044397463002111	5.44119497709809e-05	0.0007630039320158	0.0011990061788819	other / unclassified		0	2	2	0	1	1
40	NDUFS8	ENSG00000110717	1	5	6	17	0.3529411764705882	7.39674593241552	0.0001302970295425	0.0015460243697649	0.0024349772942634	other / unclassified		0	4	4	0	1	1
41	BRK1	ENSG00000254999	3	3	6	47	0.1276595744680851	4.215769712140175	0.0033333977601178	0.0233716638408261	0.0478303818137838	other / unclassified		0	1	1	0	0	0
42	ZAP70	ENSG00000115085	1	5	6	47	0.1276595744680851	4.215769712140175	0.0033333977601178	0.0233716638408261	0.0478303818137838	other / unclassified		1	0	1	1	0	1
43	RB1CC1	ENSG00000023287	6	0	6	49	0.1224489795918367	4.040816326530612	0.0041247295092323	0.0276625881216995	0.054148044833965	other / unclassified		0	0	0	0	0	0
44	EIF3J	ENSG00000104131	2	3	5	38	0.131578947368421	4.647636039250669	0.0049585450102236	0.0309032552657374	0.0637379639855834	other / unclassified		0	1	1	0	0	0
45	CARD11	ENSG00000198286	0	4	4	13	0.3076923076923077	11.830769230769231	0.0004074906158859	0.0041216673770755	0.0069839363889335	other / unclassified		0	0	0	0	0	0
46	UBE2N	ENSG00000177889	2	2	4	7	0.5714285714285714	10.161490683229813	0.0004354471373044	0.004264617201855	0.0072613752355909	other / unclassified		0	1	1	0	0	0
47	RASAL3	ENSG00000105122	1	3	4	16	0.25	5.030612244897959	0.0079123033771397	0.0460555772046716	0.095723356543043	other / unclassified		0	0	0	0	0	0
48	SUGT1	ENSG00000165416	0	3	3	10	0.3	11.028571428571428	0.0026519562726152	0.0202007039531308	0.0409064255050899	other / unclassified		0	0	0	0	0	0
49	WAPL	ENSG00000062650	2	1	3	11	0.2727272727272727	10.012987012987011	0.0035729158369251	0.0247695401278967	0.0479236754648437	other / unclassified		2	1	3	2	0	2
