display_rank	target	target_ensg	census_indegree	n_reversals	n_stable	n_lost	n_gained	orientation	dense_tail_member	orientation_rank	r49_reversal_edges	has_r49_reversal_edge
1	DDIT4	ENSG00000168209	32	18	14	18	0	lost_on_activation	True	0	6	True
2	IL2RA	ENSG00000134460	32	11	21	11	0	lost_on_activation	True	0	7	True
3	IL2RB	ENSG00000100385	24	9	15	9	0	lost_on_activation	True	0	3	True
4	CHAC1	ENSG00000128965	10	9	1	9	0	lost_on_activation	True	0	2	True
5	MTX3	ENSG00000177034	16	8	8	8	0	lost_on_activation	True	0	4	True
6	SLC38A2	ENSG00000134294	18	8	10	8	0	lost_on_activation	True	0	2	True
7	MID1IP1	ENSG00000165175	14	7	7	7	0	lost_on_activation	True	0	5	True
8	GPR108	ENSG00000125734	14	7	7	7	0	lost_on_activation	True	0	4	True
9	RANBP9	ENSG00000010017	15	7	8	7	0	lost_on_activation	True	0	3	True
10	DUSP6	ENSG00000139318	11	7	4	7	0	lost_on_activation	True	0	3	True
11	SPRY1	ENSG00000164056	14	7	7	7	0	lost_on_activation	True	0	3	True
12	RELL1	ENSG00000181826	25	7	18	7	0	lost_on_activation	True	0	3	True
13	SLC1A5	ENSG00000105281	25	7	18	7	0	lost_on_activation	True	0	2	True
14	PTPN22	ENSG00000134242	17	7	10	7	0	lost_on_activation	True	0	2	True
15	DDIT3	ENSG00000175197	21	7	14	7	0	lost_on_activation	True	0	2	True
16	TRAF3IP3	ENSG00000009790	21	7	14	7	0	lost_on_activation	True	0	1	True
17	SLC7A11	ENSG00000151012	14	7	7	7	0	lost_on_activation	True	0	1	True
18	SDCBP	ENSG00000137575	12	6	6	6	0	lost_on_activation	True	0	4	True
19	MICAL2	ENSG00000133816	25	6	19	6	0	lost_on_activation	True	0	3	True
20	EDEM1	ENSG00000134109	28	6	22	6	0	lost_on_activation	True	0	3	True
21	SAMSN1	ENSG00000155307	22	6	16	6	0	lost_on_activation	True	0	3	True
22	RAB11FIP1	ENSG00000156675	22	6	16	6	0	lost_on_activation	True	0	3	True
23	BCL2L1	ENSG00000171552	13	6	7	6	0	lost_on_activation	True	0	3	True
24	IL1RAP	ENSG00000196083	9	6	3	6	0	lost_on_activation	True	0	3	True
25	WIPI1	ENSG00000070540	12	6	6	6	0	lost_on_activation	True	0	2	True
26	PMAIP1	ENSG00000141682	12	6	6	6	0	lost_on_activation	True	0	2	True
27	CTLA4	ENSG00000163599	7	6	1	6	0	lost_on_activation	True	0	2	True
28	TRUB1	ENSG00000165832	9	6	3	6	0	lost_on_activation	True	0	2	True
29	MAPRE2	ENSG00000166974	21	6	15	6	0	lost_on_activation	True	0	2	True
30	MAP2K1	ENSG00000169032	20	6	14	6	0	lost_on_activation	True	0	2	True
31	SESN2	ENSG00000130766	11	6	5	6	0	lost_on_activation	True	0	1	True
32	PSAT1	ENSG00000135069	24	6	18	6	0	lost_on_activation	True	0	1	True
33	TRIB3	ENSG00000101255	18	5	13	5	0	lost_on_activation	True	0	4	True
34	STAP1	ENSG00000035720	17	5	12	5	0	lost_on_activation	True	0	3	True
35	CREM	ENSG00000095794	18	5	13	5	0	lost_on_activation	True	0	3	True
36	SUSD6	ENSG00000100647	19	5	14	5	0	lost_on_activation	True	0	3	True
37	CPD	ENSG00000108582	6	5	1	5	0	lost_on_activation	True	0	3	True
38	GNPTAB	ENSG00000111670	25	5	20	5	0	lost_on_activation	True	0	3	True
39	NARS1	ENSG00000134440	23	5	18	5	0	lost_on_activation	True	0	3	True
40	TES	ENSG00000135269	15	5	10	5	0	lost_on_activation	True	0	3	True
41	CREB3L2	ENSG00000182158	16	5	11	5	0	lost_on_activation	True	0	3	True
42	PPP1R16B	ENSG00000101445	12	5	7	5	0	lost_on_activation	True	0	2	True
43	SLC7A5	ENSG00000103257	10	5	5	5	0	lost_on_activation	True	0	2	True
44	TNFSF14	ENSG00000125735	6	5	1	5	0	lost_on_activation	True	0	2	True
45	ADORA2A	ENSG00000128271	15	5	10	5	0	lost_on_activation	True	0	2	True
46	CD68	ENSG00000129226	13	5	8	5	0	lost_on_activation	True	0	2	True
47	RHOB	ENSG00000143878	10	5	5	5	0	lost_on_activation	True	0	2	True
48	SYTL3	ENSG00000164674	29	5	24	5	0	lost_on_activation	True	0	2	True
49	INSIG1	ENSG00000186480	14	5	9	5	0	lost_on_activation	True	0	2	True
50	FAM3C	ENSG00000196937	23	5	18	5	0	lost_on_activation	True	0	2	True
51	TXNRD1	ENSG00000198431	20	5	15	5	0	lost_on_activation	True	0	2	True
52	SPIN1	ENSG00000106723	24	5	19	5	0	lost_on_activation	True	0	0	False
53	TLE5	ENSG00000104964	12	8	4	0	8	gained_on_activation	True	1	4	True
54	RASSF3	ENSG00000153179	22	8	14	0	8	gained_on_activation	True	1	3	True
55	HAPLN3	ENSG00000140511	24	8	16	0	8	gained_on_activation	True	1	1	True
56	TRIM22	ENSG00000132274	35	7	28	0	7	gained_on_activation	True	1	4	True
57	MPI	ENSG00000178802	14	7	7	0	7	gained_on_activation	True	1	4	True
58	FBXL8	ENSG00000135722	17	7	10	0	7	gained_on_activation	True	1	3	True
59	CALM3	ENSG00000160014	14	7	7	0	7	gained_on_activation	True	1	1	True
60	PSME2	ENSG00000100911	11	6	5	0	6	gained_on_activation	True	1	4	True
61	COTL1	ENSG00000103187	31	6	25	0	6	gained_on_activation	True	1	4	True
62	SPSB1	ENSG00000171621	18	6	12	0	6	gained_on_activation	True	1	4	True
63	CCR7	ENSG00000126353	12	6	6	0	6	gained_on_activation	True	1	3	True
64	TAP1	ENSG00000168394	23	6	17	0	6	gained_on_activation	True	1	3	True
65	AEN	ENSG00000181026	21	6	15	0	6	gained_on_activation	True	1	3	True
66	FAM111B	ENSG00000189057	12	6	6	0	6	gained_on_activation	True	1	3	True
67	CNN2	ENSG00000064666	17	6	11	0	6	gained_on_activation	True	1	2	True
68	ARHGDIB	ENSG00000111348	40	6	34	0	6	gained_on_activation	True	1	2	True
69	NUSAP1	ENSG00000137804	15	6	9	0	6	gained_on_activation	True	1	2	True
70	H2AX	ENSG00000188486	18	6	12	0	6	gained_on_activation	True	1	2	True
71	CDC25B	ENSG00000101224	14	6	8	0	6	gained_on_activation	True	1	1	True
72	S100A10	ENSG00000197747	25	6	19	0	6	gained_on_activation	True	1	1	True
73	PSMB9	ENSG00000240065	37	5	32	0	5	gained_on_activation	True	1	4	True
74	BAX	ENSG00000087088	49	5	44	0	5	gained_on_activation	True	1	3	True
75	SH3BP5	ENSG00000131370	20	5	15	0	5	gained_on_activation	True	1	3	True
76	HMGB2	ENSG00000164104	22	5	17	0	5	gained_on_activation	True	1	3	True
77	FANCI	ENSG00000140525	12	5	7	0	5	gained_on_activation	True	1	2	True
78	NCAPG2	ENSG00000146918	8	5	3	0	5	gained_on_activation	True	1	2	True
79	NSMCE1	ENSG00000169189	26	5	21	0	5	gained_on_activation	True	1	0	False
80	CD47	ENSG00000196776	16	5	11	0	5	gained_on_activation	True	1	0	False
81	HSPH1	ENSG00000120694	17	4	13	4	0	lost_on_activation	False	0	4	True
82	SNRPB2	ENSG00000125870	16	4	12	4	0	lost_on_activation	False	0	4	True
83	RBM38	ENSG00000132819	9	4	5	4	0	lost_on_activation	False	0	4	True
84	OSM	ENSG00000099985	13	4	9	4	0	lost_on_activation	False	0	3	True
85	MAN1A1	ENSG00000111885	9	4	5	4	0	lost_on_activation	False	0	3	True
86	HMGCS1	ENSG00000112972	18	4	14	4	0	lost_on_activation	False	0	3	True
87	GPR65	ENSG00000140030	17	4	13	4	0	lost_on_activation	False	0	3	True
88	B3GALNT1	ENSG00000169255	21	4	17	4	0	lost_on_activation	False	0	3	True
89	RBKS	ENSG00000171174	7	4	3	4	0	lost_on_activation	False	0	3	True
90	EIF4EBP1	ENSG00000187840	15	4	11	4	0	lost_on_activation	False	0	3	True
91	BIRC3	ENSG00000023445	25	4	21	4	0	lost_on_activation	False	0	2	True
92	PLPP1	ENSG00000067113	13	4	9	4	0	lost_on_activation	False	0	2	True
93	ERLEC1	ENSG00000068912	23	4	19	4	0	lost_on_activation	False	0	2	True
94	TUBE1	ENSG00000074935	6	4	2	4	0	lost_on_activation	False	0	2	True
95	SNX10	ENSG00000086300	17	4	13	4	0	lost_on_activation	False	0	2	True
96	EIF5	ENSG00000100664	18	4	14	4	0	lost_on_activation	False	0	2	True
97	ERI1	ENSG00000104626	20	4	16	4	0	lost_on_activation	False	0	2	True
98	LPXN	ENSG00000110031	27	4	23	4	0	lost_on_activation	False	0	2	True
99	TNFAIP3	ENSG00000118503	19	4	15	4	0	lost_on_activation	False	0	2	True
100	P4HA1	ENSG00000122884	11	4	7	4	0	lost_on_activation	False	0	2	True
101	CALU	ENSG00000128595	21	4	17	4	0	lost_on_activation	False	0	2	True
102	CLSTN3	ENSG00000139182	14	4	10	4	0	lost_on_activation	False	0	2	True
103	TMBIM6	ENSG00000139644	11	4	7	4	0	lost_on_activation	False	0	2	True
104	CRIM1	ENSG00000150938	17	4	13	4	0	lost_on_activation	False	0	2	True
105	CD109	ENSG00000156535	12	4	8	4	0	lost_on_activation	False	0	2	True
106	TGFBR2	ENSG00000163513	26	4	22	4	0	lost_on_activation	False	0	2	True
107	TLR6	ENSG00000174130	6	4	2	4	0	lost_on_activation	False	0	2	True
108	DMWD	ENSG00000185800	8	4	4	4	0	lost_on_activation	False	0	2	True
109	LTN1	ENSG00000198862	5	4	1	4	0	lost_on_activation	False	0	2	True
110	SMOX	ENSG00000088826	12	4	8	4	0	lost_on_activation	False	0	1	True
111	SNX9	ENSG00000130340	7	4	3	4	0	lost_on_activation	False	0	1	True
112	ITGB7	ENSG00000139626	22	4	18	4	0	lost_on_activation	False	0	1	True
113	PEX2	ENSG00000164751	8	4	4	4	0	lost_on_activation	False	0	1	True
114	STK40	ENSG00000196182	10	4	6	4	0	lost_on_activation	False	0	1	True
115	IGF2R	ENSG00000197081	11	4	7	4	0	lost_on_activation	False	0	1	True
116	APOL6	ENSG00000221963	22	4	18	4	0	lost_on_activation	False	0	1	True
117	BLTP2	ENSG00000007202	4	3	1	3	0	lost_on_activation	False	0	3	True
118	RNF19A	ENSG00000034677	10	3	7	3	0	lost_on_activation	False	0	3	True
119	ATP11B	ENSG00000058063	15	3	12	3	0	lost_on_activation	False	0	3	True
120	VDAC3	ENSG00000078668	14	3	11	3	0	lost_on_activation	False	0	3	True
121	DDX1	ENSG00000079785	10	3	7	3	0	lost_on_activation	False	0	3	True
122	CORO1A	ENSG00000102879	53	3	50	3	0	lost_on_activation	False	0	3	True
123	EIF4G1	ENSG00000114867	5	3	2	3	0	lost_on_activation	False	0	3	True
124	TNFSF10	ENSG00000121858	33	3	30	3	0	lost_on_activation	False	0	3	True
125	TOMM40	ENSG00000130204	6	3	3	3	0	lost_on_activation	False	0	3	True
126	PELO	ENSG00000152684	8	3	5	3	0	lost_on_activation	False	0	3	True
127	CYRIB	ENSG00000153310	15	3	12	3	0	lost_on_activation	False	0	3	True
128	ATP2A2	ENSG00000174437	14	3	11	3	0	lost_on_activation	False	0	3	True
129	PRKDC	ENSG00000253729	11	3	8	3	0	lost_on_activation	False	0	3	True
130	RHBDD2	ENSG00000005486	6	3	3	3	0	lost_on_activation	False	0	2	True
131	PHTF2	ENSG00000006576	23	3	20	3	0	lost_on_activation	False	0	2	True
132	SLC2A3	ENSG00000059804	16	3	13	3	0	lost_on_activation	False	0	2	True
133	DNAJC3	ENSG00000102580	30	3	27	3	0	lost_on_activation	False	0	2	True
134	MAP3K8	ENSG00000107968	12	3	9	3	0	lost_on_activation	False	0	2	True
135	FGFR1OP2	ENSG00000111790	6	3	3	3	0	lost_on_activation	False	0	2	True
136	SFPQ	ENSG00000116560	7	3	4	3	0	lost_on_activation	False	0	2	True
137	IVNS1ABP	ENSG00000116679	23	3	20	3	0	lost_on_activation	False	0	2	True
138	TMED5	ENSG00000117500	16	3	13	3	0	lost_on_activation	False	0	2	True
139	NDUFB3	ENSG00000119013	19	3	16	3	0	lost_on_activation	False	0	2	True
140	SCPEP1	ENSG00000121064	11	3	8	3	0	lost_on_activation	False	0	2	True
141	INSIG2	ENSG00000125629	7	3	4	3	0	lost_on_activation	False	0	2	True
142	IGFLR1	ENSG00000126246	23	3	20	3	0	lost_on_activation	False	0	2	True
143	ACTR10	ENSG00000131966	4	3	1	3	0	lost_on_activation	False	0	2	True
144	SLC7A1	ENSG00000139514	17	3	14	3	0	lost_on_activation	False	0	2	True
145	JAZF1	ENSG00000153814	12	3	9	3	0	lost_on_activation	False	0	2	True
146	PHF6	ENSG00000156531	7	3	4	3	0	lost_on_activation	False	0	2	True
147	TBC1D31	ENSG00000156787	6	3	3	3	0	lost_on_activation	False	0	2	True
148	WDR26	ENSG00000162923	18	3	15	3	0	lost_on_activation	False	0	2	True
149	CCR1	ENSG00000163823	7	3	4	3	0	lost_on_activation	False	0	2	True
150	INPP5D	ENSG00000168918	9	3	6	3	0	lost_on_activation	False	0	2	True
151	B3GNT2	ENSG00000170340	7	3	4	3	0	lost_on_activation	False	0	2	True
152	MEX3C	ENSG00000176624	10	3	7	3	0	lost_on_activation	False	0	2	True
153	MAF	ENSG00000178573	11	3	8	3	0	lost_on_activation	False	0	2	True
154	SLC6A9	ENSG00000196517	4	3	1	3	0	lost_on_activation	False	0	2	True
155	ZBTB32	ENSG00000011590	10	3	7	3	0	lost_on_activation	False	0	1	True
156	AFF4	ENSG00000072364	18	3	15	3	0	lost_on_activation	False	0	1	True
157	CLDND1	ENSG00000080822	23	3	20	3	0	lost_on_activation	False	0	1	True
158	NFE2L1	ENSG00000082641	16	3	13	3	0	lost_on_activation	False	0	1	True
159	ABI3	ENSG00000108798	12	3	9	3	0	lost_on_activation	False	0	1	True
160	CYTIP	ENSG00000115165	42	3	39	3	0	lost_on_activation	False	0	1	True
161	FBXL5	ENSG00000118564	9	3	6	3	0	lost_on_activation	False	0	1	True
162	KLF9	ENSG00000119138	7	3	4	3	0	lost_on_activation	False	0	1	True
163	UFM1	ENSG00000120686	26	3	23	3	0	lost_on_activation	False	0	1	True
164	NCOA3	ENSG00000124151	19	3	16	3	0	lost_on_activation	False	0	1	True
165	MBOAT7	ENSG00000125505	13	3	10	3	0	lost_on_activation	False	0	1	True
166	HCST	ENSG00000126264	19	3	16	3	0	lost_on_activation	False	0	1	True
167	AP4B1	ENSG00000134262	4	3	1	3	0	lost_on_activation	False	0	1	True
168	IER3	ENSG00000137331	16	3	13	3	0	lost_on_activation	False	0	1	True
169	PRPSAP2	ENSG00000141127	9	3	6	3	0	lost_on_activation	False	0	1	True
170	SURF4	ENSG00000148248	18	3	15	3	0	lost_on_activation	False	0	1	True
171	PRSS23	ENSG00000150687	14	3	11	3	0	lost_on_activation	False	0	1	True
172	MED8	ENSG00000159479	10	3	7	3	0	lost_on_activation	False	0	1	True
173	AIM2	ENSG00000163568	4	3	1	3	0	lost_on_activation	False	0	1	True
174	LYSMD3	ENSG00000176018	8	3	5	3	0	lost_on_activation	False	0	1	True
175	NAP1L5	ENSG00000177432	4	3	1	3	0	lost_on_activation	False	0	1	True
176	RNF41	ENSG00000181852	5	3	2	3	0	lost_on_activation	False	0	1	True
177	HAPSTR1	ENSG00000182831	20	3	17	3	0	lost_on_activation	False	0	1	True
178	RXRA	ENSG00000186350	8	3	5	3	0	lost_on_activation	False	0	1	True
179	NHLRC3	ENSG00000188811	6	3	3	3	0	lost_on_activation	False	0	1	True
180	MDM4	ENSG00000198625	18	3	15	3	0	lost_on_activation	False	0	1	True
181	TRAM1	ENSG00000067167	46	3	43	3	0	lost_on_activation	False	0	0	False
182	NFKBIA	ENSG00000100906	12	3	9	3	0	lost_on_activation	False	0	0	False
183	IFNG	ENSG00000111537	7	3	4	3	0	lost_on_activation	False	0	0	False
184	IFT57	ENSG00000114446	26	3	23	3	0	lost_on_activation	False	0	0	False
185	DUSP4	ENSG00000120875	14	3	11	3	0	lost_on_activation	False	0	0	False
186	STAT4	ENSG00000138378	24	3	21	3	0	lost_on_activation	False	0	0	False
187	WARS1	ENSG00000140105	15	3	12	3	0	lost_on_activation	False	0	0	False
188	GALM	ENSG00000143891	12	3	9	3	0	lost_on_activation	False	0	0	False
189	NFKBID	ENSG00000167604	5	3	2	3	0	lost_on_activation	False	0	0	False
190	CENPF	ENSG00000117724	7	4	3	0	4	gained_on_activation	False	1	4	True
191	PFN1	ENSG00000108518	31	4	27	0	4	gained_on_activation	False	1	3	True
192	ANXA2R	ENSG00000177721	12	4	8	0	4	gained_on_activation	False	1	3	True
193	GEMIN4	ENSG00000179409	6	4	2	0	4	gained_on_activation	False	1	3	True
194	CPNE1	ENSG00000214078	18	4	14	0	4	gained_on_activation	False	1	3	True
195	SPAG5	ENSG00000076382	9	4	5	0	4	gained_on_activation	False	1	2	True
196	ARHGEF18	ENSG00000104880	8	4	4	0	4	gained_on_activation	False	1	2	True
197	BTN3A3	ENSG00000111801	18	4	14	0	4	gained_on_activation	False	1	2	True
198	CCNG1	ENSG00000113328	29	4	25	0	4	gained_on_activation	False	1	2	True
199	APOL3	ENSG00000128284	9	4	5	0	4	gained_on_activation	False	1	2	True
200	GLUL	ENSG00000135821	18	4	14	0	4	gained_on_activation	False	1	2	True
201	ATP8B2	ENSG00000143515	22	4	18	0	4	gained_on_activation	False	1	2	True
202	ANXA5	ENSG00000164111	28	4	24	0	4	gained_on_activation	False	1	2	True
203	MAL	ENSG00000172005	31	4	27	0	4	gained_on_activation	False	1	2	True
204	DEAF1	ENSG00000177030	11	4	7	0	4	gained_on_activation	False	1	2	True
205	LITAF	ENSG00000189067	13	4	9	0	4	gained_on_activation	False	1	2	True
206	SPTAN1	ENSG00000197694	14	4	10	0	4	gained_on_activation	False	1	2	True
207	VCL	ENSG00000035403	15	4	11	0	4	gained_on_activation	False	1	1	True
208	GSDMD	ENSG00000104518	8	4	4	0	4	gained_on_activation	False	1	1	True
209	TOP2A	ENSG00000131747	12	4	8	0	4	gained_on_activation	False	1	1	True
210	TESPA1	ENSG00000135426	18	4	14	0	4	gained_on_activation	False	1	1	True
211	TIAM1	ENSG00000156299	24	4	20	0	4	gained_on_activation	False	1	1	True
212	CCNB2	ENSG00000157456	14	4	10	0	4	gained_on_activation	False	1	1	True
213	LY6E	ENSG00000160932	21	4	17	0	4	gained_on_activation	False	1	1	True
214	DTX3L	ENSG00000163840	18	4	14	0	4	gained_on_activation	False	1	1	True
215	PLEC	ENSG00000178209	23	4	19	0	4	gained_on_activation	False	1	1	True
216	SH3BP1	ENSG00000100092	17	4	13	0	4	gained_on_activation	False	1	0	False
217	UBR2	ENSG00000024048	13	3	10	0	3	gained_on_activation	False	1	3	True
218	TTLL12	ENSG00000100304	8	3	5	0	3	gained_on_activation	False	1	3	True
219	DNPH1	ENSG00000112667	21	3	18	0	3	gained_on_activation	False	1	3	True
220	IRF1	ENSG00000125347	10	3	7	0	3	gained_on_activation	False	1	3	True
221	FDXR	ENSG00000161513	23	3	20	0	3	gained_on_activation	False	1	3	True
222	PCMTD1	ENSG00000168300	28	3	25	0	3	gained_on_activation	False	1	3	True
223	PCGF5	ENSG00000180628	22	3	19	0	3	gained_on_activation	False	1	3	True
224	MAP4K4	ENSG00000071054	28	3	25	0	3	gained_on_activation	False	1	2	True
225	CD59	ENSG00000085063	25	3	22	0	3	gained_on_activation	False	1	2	True
226	ICAM2	ENSG00000108622	15	3	12	0	3	gained_on_activation	False	1	2	True
227	GPSM2	ENSG00000121957	5	3	2	0	3	gained_on_activation	False	1	2	True
228	MKRN1	ENSG00000133606	8	3	5	0	3	gained_on_activation	False	1	2	True
229	CEP55	ENSG00000138180	15	3	12	0	3	gained_on_activation	False	1	2	True
230	MYO1F	ENSG00000142347	18	3	15	0	3	gained_on_activation	False	1	2	True
231	PLAC8	ENSG00000145287	26	3	23	0	3	gained_on_activation	False	1	2	True
232	UBE2L6	ENSG00000156587	14	3	11	0	3	gained_on_activation	False	1	2	True
233	ENTREP3	ENSG00000160767	8	3	5	0	3	gained_on_activation	False	1	2	True
234	UBXN1	ENSG00000162191	6	3	3	0	3	gained_on_activation	False	1	2	True
235	LRRC45	ENSG00000169683	10	3	7	0	3	gained_on_activation	False	1	2	True
236	KLF13	ENSG00000169926	6	3	3	0	3	gained_on_activation	False	1	2	True
237	NDUFA3	ENSG00000170906	22	3	19	0	3	gained_on_activation	False	1	2	True
238	HOPX	ENSG00000171476	32	3	29	0	3	gained_on_activation	False	1	2	True
239	STAT5B	ENSG00000173757	12	3	9	0	3	gained_on_activation	False	1	2	True
240	H1-5	ENSG00000184357	13	3	10	0	3	gained_on_activation	False	1	2	True
241	H4C3	ENSG00000197061	14	3	11	0	3	gained_on_activation	False	1	2	True
242	CHURC1	ENSG00000258289	18	3	15	0	3	gained_on_activation	False	1	2	True
243	TPR	ENSG00000047410	8	3	5	0	3	gained_on_activation	False	1	1	True
244	ASPM	ENSG00000066279	6	3	3	0	3	gained_on_activation	False	1	1	True
245	HMMR	ENSG00000072571	14	3	11	0	3	gained_on_activation	False	1	1	True
246	MAPK1	ENSG00000100030	12	3	9	0	3	gained_on_activation	False	1	1	True
247	CENPM	ENSG00000100162	14	3	11	0	3	gained_on_activation	False	1	1	True
248	CHIC2	ENSG00000109220	10	3	7	0	3	gained_on_activation	False	1	1	True
249	KIF20A	ENSG00000112984	5	3	2	0	3	gained_on_activation	False	1	1	True
250	GNLY	ENSG00000115523	50	3	47	0	3	gained_on_activation	False	1	1	True
251	KDM3A	ENSG00000115548	16	3	13	0	3	gained_on_activation	False	1	1	True
252	ACAT2	ENSG00000120437	19	3	16	0	3	gained_on_activation	False	1	1	True
253	NCAPH	ENSG00000121152	6	3	3	0	3	gained_on_activation	False	1	1	True
254	CDKN2C	ENSG00000123080	11	3	8	0	3	gained_on_activation	False	1	1	True
255	PPT1	ENSG00000131238	21	3	18	0	3	gained_on_activation	False	1	1	True
256	BTG1	ENSG00000133639	22	3	19	0	3	gained_on_activation	False	1	1	True
257	PAN2	ENSG00000135473	8	3	5	0	3	gained_on_activation	False	1	1	True
258	NIBAN1	ENSG00000135842	10	3	7	0	3	gained_on_activation	False	1	1	True
259	TMBIM1	ENSG00000135926	11	3	8	0	3	gained_on_activation	False	1	1	True
260	TP53	ENSG00000141510	24	3	21	0	3	gained_on_activation	False	1	1	True
261	ATM	ENSG00000149311	28	3	25	0	3	gained_on_activation	False	1	1	True
262	SLC37A3	ENSG00000157800	14	3	11	0	3	gained_on_activation	False	1	1	True
263	SPC24	ENSG00000161888	15	3	12	0	3	gained_on_activation	False	1	1	True
264	MED11	ENSG00000161920	5	3	2	0	3	gained_on_activation	False	1	1	True
265	GBP4	ENSG00000162654	19	3	16	0	3	gained_on_activation	False	1	1	True
266	TMEM71	ENSG00000165071	15	3	12	0	3	gained_on_activation	False	1	1	True
267	ENDOG	ENSG00000167136	9	3	6	0	3	gained_on_activation	False	1	1	True
268	H1-2	ENSG00000187837	12	3	9	0	3	gained_on_activation	False	1	1	True
269	TUBB	ENSG00000196230	12	3	9	0	3	gained_on_activation	False	1	1	True
270	PSMB10	ENSG00000205220	17	3	14	0	3	gained_on_activation	False	1	1	True
271	ENO1	ENSG00000074800	24	3	21	0	3	gained_on_activation	False	1	0	False
272	RAB10	ENSG00000084733	20	3	17	0	3	gained_on_activation	False	1	0	False
273	OAS1	ENSG00000089127	13	3	10	0	3	gained_on_activation	False	1	0	False
274	HCFC1R1	ENSG00000103145	10	3	7	0	3	gained_on_activation	False	1	0	False
275	ENO2	ENSG00000111674	19	3	16	0	3	gained_on_activation	False	1	0	False
276	NEK2	ENSG00000117650	4	3	1	0	3	gained_on_activation	False	1	0	False
277	KDSR	ENSG00000119537	13	3	10	0	3	gained_on_activation	False	1	0	False
278	CCNA2	ENSG00000145386	13	3	10	0	3	gained_on_activation	False	1	0	False
279	TALDO1	ENSG00000177156	13	3	10	0	3	gained_on_activation	False	1	0	False
