null_model	normalization	bin_left	bin_right	bin_midpoint	count	total_draws
target_conditioned	raw_tmm	-0.314898825241568	-0.312454104464431	-0.313676464852999	1	100000
target_conditioned	raw_tmm	-0.312454104464431	-0.310009383687294	-0.311231744075862	1	100000
target_conditioned	raw_tmm	-0.310009383687294	-0.307564662910157	-0.308787023298725	0	100000
target_conditioned	raw_tmm	-0.307564662910157	-0.30511994213302	-0.306342302521588	0	100000
target_conditioned	raw_tmm	-0.30511994213302	-0.302675221355883	-0.303897581744451	0	100000
target_conditioned	raw_tmm	-0.302675221355883	-0.300230500578746	-0.301452860967314	1	100000
target_conditioned	raw_tmm	-0.300230500578746	-0.297785779801608	-0.299008140190177	1	100000
target_conditioned	raw_tmm	-0.297785779801608	-0.295341059024471	-0.29656341941304	1	100000
target_conditioned	raw_tmm	-0.295341059024471	-0.292896338247334	-0.294118698635903	7	100000
target_conditioned	raw_tmm	-0.292896338247334	-0.290451617470197	-0.291673977858766	2	100000
target_conditioned	raw_tmm	-0.290451617470197	-0.28800689669306	-0.289229257081629	11	100000
target_conditioned	raw_tmm	-0.28800689669306	-0.285562175915923	-0.286784536304492	17	100000
target_conditioned	raw_tmm	-0.285562175915923	-0.283117455138786	-0.284339815527355	23	100000
target_conditioned	raw_tmm	-0.283117455138786	-0.280672734361649	-0.281895094750218	44	100000
target_conditioned	raw_tmm	-0.280672734361649	-0.278228013584512	-0.27945037397308	38	100000
target_conditioned	raw_tmm	-0.278228013584512	-0.275783292807375	-0.277005653195943	62	100000
target_conditioned	raw_tmm	-0.275783292807375	-0.273338572030238	-0.274560932418806	108	100000
target_conditioned	raw_tmm	-0.273338572030238	-0.270893851253101	-0.272116211641669	131	100000
target_conditioned	raw_tmm	-0.270893851253101	-0.268449130475964	-0.269671490864532	189	100000
target_conditioned	raw_tmm	-0.268449130475964	-0.266004409698827	-0.267226770087395	251	100000
target_conditioned	raw_tmm	-0.266004409698827	-0.26355968892169	-0.264782049310258	316	100000
target_conditioned	raw_tmm	-0.26355968892169	-0.261114968144552	-0.262337328533121	382	100000
target_conditioned	raw_tmm	-0.261114968144552	-0.258670247367415	-0.259892607755984	524	100000
target_conditioned	raw_tmm	-0.258670247367415	-0.256225526590278	-0.257447886978847	654	100000
target_conditioned	raw_tmm	-0.256225526590278	-0.253780805813141	-0.25500316620171	787	100000
target_conditioned	raw_tmm	-0.253780805813141	-0.251336085036004	-0.252558445424573	981	100000
target_conditioned	raw_tmm	-0.251336085036004	-0.248891364258867	-0.250113724647436	1075	100000
target_conditioned	raw_tmm	-0.248891364258867	-0.24644664348173	-0.247669003870299	1349	100000
target_conditioned	raw_tmm	-0.24644664348173	-0.244001922704593	-0.245224283093162	1581	100000
target_conditioned	raw_tmm	-0.244001922704593	-0.241557201927456	-0.242779562316024	1904	100000
target_conditioned	raw_tmm	-0.241557201927456	-0.239112481150319	-0.240334841538887	2192	100000
target_conditioned	raw_tmm	-0.239112481150319	-0.236667760373182	-0.23789012076175	2561	100000
target_conditioned	raw_tmm	-0.236667760373182	-0.234223039596045	-0.235445399984613	2758	100000
target_conditioned	raw_tmm	-0.234223039596045	-0.231778318818908	-0.233000679207476	3065	100000
target_conditioned	raw_tmm	-0.231778318818908	-0.229333598041771	-0.230555958430339	3375	100000
target_conditioned	raw_tmm	-0.229333598041771	-0.226888877264634	-0.228111237653202	3620	100000
target_conditioned	raw_tmm	-0.226888877264634	-0.224444156487497	-0.225666516876065	3856	100000
target_conditioned	raw_tmm	-0.224444156487497	-0.221999435710359	-0.223221796098928	3929	100000
target_conditioned	raw_tmm	-0.221999435710359	-0.219554714933222	-0.220777075321791	4146	100000
target_conditioned	raw_tmm	-0.219554714933222	-0.217109994156085	-0.218332354544654	4258	100000
target_conditioned	raw_tmm	-0.217109994156085	-0.214665273378948	-0.215887633767517	4361	100000
target_conditioned	raw_tmm	-0.214665273378948	-0.212220552601811	-0.21344291299038	4406	100000
target_conditioned	raw_tmm	-0.212220552601811	-0.209775831824674	-0.210998192213243	4344	100000
target_conditioned	raw_tmm	-0.209775831824674	-0.207331111047537	-0.208553471436106	4295	100000
target_conditioned	raw_tmm	-0.207331111047537	-0.2048863902704	-0.206108750658969	4238	100000
target_conditioned	raw_tmm	-0.2048863902704	-0.202441669493263	-0.203664029881832	3966	100000
target_conditioned	raw_tmm	-0.202441669493263	-0.199996948716126	-0.201219309104694	3695	100000
target_conditioned	raw_tmm	-0.199996948716126	-0.197552227938989	-0.198774588327557	3463	100000
target_conditioned	raw_tmm	-0.197552227938989	-0.195107507161852	-0.19632986755042	3174	100000
target_conditioned	raw_tmm	-0.195107507161852	-0.192662786384715	-0.193885146773283	2980	100000
target_conditioned	raw_tmm	-0.192662786384715	-0.190218065607578	-0.191440425996146	2620	100000
target_conditioned	raw_tmm	-0.190218065607578	-0.187773344830441	-0.188995705219009	2317	100000
target_conditioned	raw_tmm	-0.187773344830441	-0.185328624053304	-0.186550984441872	2024	100000
target_conditioned	raw_tmm	-0.185328624053304	-0.182883903276166	-0.184106263664735	1758	100000
target_conditioned	raw_tmm	-0.182883903276166	-0.180439182499029	-0.181661542887598	1592	100000
target_conditioned	raw_tmm	-0.180439182499029	-0.177994461721892	-0.179216822110461	1313	100000
target_conditioned	raw_tmm	-0.177994461721892	-0.175549740944755	-0.176772101333324	1109	100000
target_conditioned	raw_tmm	-0.175549740944755	-0.173105020167618	-0.174327380556187	865	100000
target_conditioned	raw_tmm	-0.173105020167618	-0.170660299390481	-0.17188265977905	706	100000
target_conditioned	raw_tmm	-0.170660299390481	-0.168215578613344	-0.169437939001913	554	100000
target_conditioned	raw_tmm	-0.168215578613344	-0.165770857836207	-0.166993218224776	477	100000
target_conditioned	raw_tmm	-0.165770857836207	-0.16332613705907	-0.164548497447638	391	100000
target_conditioned	raw_tmm	-0.16332613705907	-0.160881416281933	-0.162103776670501	286	100000
target_conditioned	raw_tmm	-0.160881416281933	-0.158436695504796	-0.159659055893364	236	100000
target_conditioned	raw_tmm	-0.158436695504796	-0.155991974727659	-0.157214335116227	167	100000
target_conditioned	raw_tmm	-0.155991974727659	-0.153547253950522	-0.15476961433909	130	100000
target_conditioned	raw_tmm	-0.153547253950522	-0.151102533173385	-0.152324893561953	97	100000
target_conditioned	raw_tmm	-0.151102533173385	-0.148657812396248	-0.149880172784816	67	100000
target_conditioned	raw_tmm	-0.148657812396248	-0.146213091619111	-0.147435452007679	56	100000
target_conditioned	raw_tmm	-0.146213091619111	-0.143768370841973	-0.144990731230542	41	100000
target_conditioned	raw_tmm	-0.143768370841973	-0.141323650064836	-0.142546010453405	20	100000
target_conditioned	raw_tmm	-0.141323650064836	-0.138878929287699	-0.140101289676268	17	100000
target_conditioned	raw_tmm	-0.138878929287699	-0.136434208510562	-0.137656568899131	11	100000
target_conditioned	raw_tmm	-0.136434208510562	-0.133989487733425	-0.135211848121994	7	100000
target_conditioned	raw_tmm	-0.133989487733425	-0.131544766956288	-0.132767127344857	7	100000
target_conditioned	raw_tmm	-0.131544766956288	-0.129100046179151	-0.13032240656772	4	100000
target_conditioned	raw_tmm	-0.129100046179151	-0.126655325402014	-0.127877685790583	2	100000
target_conditioned	raw_tmm	-0.126655325402014	-0.124210604624877	-0.125432965013445	2	100000
target_conditioned	raw_tmm	-0.124210604624877	-0.12176588384774	-0.122988244236308	0	100000
target_conditioned	raw_tmm	-0.12176588384774	-0.119321163070603	-0.120543523459171	1	100000
target_conditioned	author_normalized	-0.318869572718698	-0.316426996674638	-0.317648284696668	2	100000
target_conditioned	author_normalized	-0.316426996674638	-0.313984420630577	-0.315205708652608	0	100000
target_conditioned	author_normalized	-0.313984420630577	-0.311541844586517	-0.312763132608547	0	100000
target_conditioned	author_normalized	-0.311541844586517	-0.309099268542457	-0.310320556564487	0	100000
target_conditioned	author_normalized	-0.309099268542457	-0.306656692498396	-0.307877980520427	1	100000
target_conditioned	author_normalized	-0.306656692498396	-0.304214116454336	-0.305435404476366	1	100000
target_conditioned	author_normalized	-0.304214116454336	-0.301771540410276	-0.302992828432306	2	100000
target_conditioned	author_normalized	-0.301771540410276	-0.299328964366216	-0.300550252388246	2	100000
target_conditioned	author_normalized	-0.299328964366216	-0.296886388322155	-0.298107676344185	5	100000
target_conditioned	author_normalized	-0.296886388322155	-0.294443812278095	-0.295665100300125	7	100000
target_conditioned	author_normalized	-0.294443812278095	-0.292001236234035	-0.293222524256065	14	100000
target_conditioned	author_normalized	-0.292001236234035	-0.289558660189974	-0.290779948212005	27	100000
target_conditioned	author_normalized	-0.289558660189974	-0.287116084145914	-0.288337372167944	27	100000
target_conditioned	author_normalized	-0.287116084145914	-0.284673508101854	-0.285894796123884	39	100000
target_conditioned	author_normalized	-0.284673508101854	-0.282230932057793	-0.283452220079824	55	100000
target_conditioned	author_normalized	-0.282230932057793	-0.279788356013733	-0.281009644035763	82	100000
target_conditioned	author_normalized	-0.279788356013733	-0.277345779969673	-0.278567067991703	114	100000
target_conditioned	author_normalized	-0.277345779969673	-0.274903203925613	-0.276124491947643	172	100000
target_conditioned	author_normalized	-0.274903203925613	-0.272460627881552	-0.273681915903582	208	100000
target_conditioned	author_normalized	-0.272460627881552	-0.270018051837492	-0.271239339859522	287	100000
target_conditioned	author_normalized	-0.270018051837492	-0.267575475793432	-0.268796763815462	378	100000
target_conditioned	author_normalized	-0.267575475793432	-0.265132899749371	-0.266354187771402	431	100000
target_conditioned	author_normalized	-0.265132899749371	-0.262690323705311	-0.263911611727341	614	100000
target_conditioned	author_normalized	-0.262690323705311	-0.260247747661251	-0.261469035683281	730	100000
target_conditioned	author_normalized	-0.260247747661251	-0.257805171617191	-0.259026459639221	901	100000
target_conditioned	author_normalized	-0.257805171617191	-0.25536259557313	-0.25658388359516	1023	100000
target_conditioned	author_normalized	-0.25536259557313	-0.25292001952907	-0.2541413075511	1237	100000
target_conditioned	author_normalized	-0.25292001952907	-0.25047744348501	-0.25169873150704	1442	100000
target_conditioned	author_normalized	-0.25047744348501	-0.248034867440949	-0.249256155462979	1750	100000
target_conditioned	author_normalized	-0.248034867440949	-0.245592291396889	-0.246813579418919	2059	100000
target_conditioned	author_normalized	-0.245592291396889	-0.243149715352829	-0.244371003374859	2412	100000
target_conditioned	author_normalized	-0.243149715352829	-0.240707139308768	-0.241928427330799	2600	100000
target_conditioned	author_normalized	-0.240707139308768	-0.238264563264708	-0.239485851286738	3004	100000
target_conditioned	author_normalized	-0.238264563264708	-0.235821987220648	-0.237043275242678	3186	100000
target_conditioned	author_normalized	-0.235821987220648	-0.233379411176588	-0.234600699198618	3557	100000
target_conditioned	author_normalized	-0.233379411176588	-0.230936835132527	-0.232158123154557	3759	100000
target_conditioned	author_normalized	-0.230936835132527	-0.228494259088467	-0.229715547110497	3790	100000
target_conditioned	author_normalized	-0.228494259088467	-0.226051683044407	-0.227272971066437	4124	100000
target_conditioned	author_normalized	-0.226051683044407	-0.223609107000346	-0.224830395022376	4182	100000
target_conditioned	author_normalized	-0.223609107000346	-0.221166530956286	-0.222387818978316	4235	100000
target_conditioned	author_normalized	-0.221166530956286	-0.218723954912226	-0.219945242934256	4421	100000
target_conditioned	author_normalized	-0.218723954912226	-0.216281378868165	-0.217502666890196	4468	100000
target_conditioned	author_normalized	-0.216281378868165	-0.213838802824105	-0.215060090846135	4299	100000
target_conditioned	author_normalized	-0.213838802824105	-0.211396226780045	-0.212617514802075	4268	100000
target_conditioned	author_normalized	-0.211396226780045	-0.208953650735985	-0.210174938758015	4077	100000
target_conditioned	author_normalized	-0.208953650735985	-0.206511074691924	-0.207732362713954	3840	100000
target_conditioned	author_normalized	-0.206511074691924	-0.204068498647864	-0.205289786669894	3540	100000
target_conditioned	author_normalized	-0.204068498647864	-0.201625922603804	-0.202847210625834	3295	100000
target_conditioned	author_normalized	-0.201625922603804	-0.199183346559743	-0.200404634581773	3037	100000
target_conditioned	author_normalized	-0.199183346559743	-0.196740770515683	-0.197962058537713	2847	100000
target_conditioned	author_normalized	-0.196740770515683	-0.194298194471623	-0.195519482493653	2439	100000
target_conditioned	author_normalized	-0.194298194471623	-0.191855618427562	-0.193076906449593	2156	100000
target_conditioned	author_normalized	-0.191855618427562	-0.189413042383502	-0.190634330405532	1927	100000
target_conditioned	author_normalized	-0.189413042383502	-0.186970466339442	-0.188191754361472	1660	100000
target_conditioned	author_normalized	-0.186970466339442	-0.184527890295382	-0.185749178317412	1396	100000
target_conditioned	author_normalized	-0.184527890295382	-0.182085314251321	-0.183306602273351	1171	100000
target_conditioned	author_normalized	-0.182085314251321	-0.179642738207261	-0.180864026229291	999	100000
target_conditioned	author_normalized	-0.179642738207261	-0.177200162163201	-0.178421450185231	793	100000
target_conditioned	author_normalized	-0.177200162163201	-0.17475758611914	-0.17597887414117	637	100000
target_conditioned	author_normalized	-0.17475758611914	-0.17231501007508	-0.17353629809711	524	100000
target_conditioned	author_normalized	-0.17231501007508	-0.16987243403102	-0.17109372205305	412	100000
target_conditioned	author_normalized	-0.16987243403102	-0.167429857986959	-0.16865114600899	349	100000
target_conditioned	author_normalized	-0.167429857986959	-0.164987281942899	-0.166208569964929	247	100000
target_conditioned	author_normalized	-0.164987281942899	-0.162544705898839	-0.163765993920869	183	100000
target_conditioned	author_normalized	-0.162544705898839	-0.160102129854779	-0.161323417876809	157	100000
target_conditioned	author_normalized	-0.160102129854779	-0.157659553810718	-0.158880841832748	124	100000
target_conditioned	author_normalized	-0.157659553810718	-0.155216977766658	-0.156438265788688	83	100000
target_conditioned	author_normalized	-0.155216977766658	-0.152774401722598	-0.153995689744628	55	100000
target_conditioned	author_normalized	-0.152774401722598	-0.150331825678537	-0.151553113700567	42	100000
target_conditioned	author_normalized	-0.150331825678537	-0.147889249634477	-0.149110537656507	33	100000
target_conditioned	author_normalized	-0.147889249634477	-0.145446673590417	-0.146667961612447	15	100000
target_conditioned	author_normalized	-0.145446673590417	-0.143004097546356	-0.144225385568387	25	100000
target_conditioned	author_normalized	-0.143004097546356	-0.140561521502296	-0.141782809524326	4	100000
target_conditioned	author_normalized	-0.140561521502296	-0.138118945458236	-0.139340233480266	9	100000
target_conditioned	author_normalized	-0.138118945458236	-0.135676369414176	-0.136897657436206	1	100000
target_conditioned	author_normalized	-0.135676369414176	-0.133233793370115	-0.134455081392145	4	100000
target_conditioned	author_normalized	-0.133233793370115	-0.130791217326055	-0.132012505348085	2	100000
target_conditioned	author_normalized	-0.130791217326055	-0.128348641281995	-0.129569929304025	1	100000
target_conditioned	author_normalized	-0.128348641281995	-0.125906065237934	-0.127127353259964	0	100000
target_conditioned	author_normalized	-0.125906065237934	-0.123463489193874	-0.124684777215904	1	100000
regulator_signed_margin	raw_tmm	-0.201272391133474	-0.198744899401821	-0.200008645267648	3	10000
regulator_signed_margin	raw_tmm	-0.198744899401821	-0.196217407670167	-0.197481153535994	3	10000
regulator_signed_margin	raw_tmm	-0.196217407670167	-0.193689915938514	-0.194953661804341	2	10000
regulator_signed_margin	raw_tmm	-0.193689915938514	-0.19116242420686	-0.192426170072687	6	10000
regulator_signed_margin	raw_tmm	-0.19116242420686	-0.188634932475207	-0.189898678341034	8	10000
regulator_signed_margin	raw_tmm	-0.188634932475207	-0.186107440743553	-0.18737118660938	5	10000
regulator_signed_margin	raw_tmm	-0.186107440743553	-0.1835799490119	-0.184843694877727	10	10000
regulator_signed_margin	raw_tmm	-0.1835799490119	-0.181052457280246	-0.182316203146073	5	10000
regulator_signed_margin	raw_tmm	-0.181052457280246	-0.178524965548593	-0.17978871141442	13	10000
regulator_signed_margin	raw_tmm	-0.178524965548593	-0.175997473816939	-0.177261219682766	17	10000
regulator_signed_margin	raw_tmm	-0.175997473816939	-0.173469982085286	-0.174733727951113	17	10000
regulator_signed_margin	raw_tmm	-0.173469982085286	-0.170942490353632	-0.172206236219459	27	10000
regulator_signed_margin	raw_tmm	-0.170942490353632	-0.168414998621979	-0.169678744487806	34	10000
regulator_signed_margin	raw_tmm	-0.168414998621979	-0.165887506890325	-0.167151252756152	38	10000
regulator_signed_margin	raw_tmm	-0.165887506890325	-0.163360015158672	-0.164623761024499	44	10000
regulator_signed_margin	raw_tmm	-0.163360015158672	-0.160832523427018	-0.162096269292845	48	10000
regulator_signed_margin	raw_tmm	-0.160832523427018	-0.158305031695365	-0.159568777561192	64	10000
regulator_signed_margin	raw_tmm	-0.158305031695365	-0.155777539963711	-0.157041285829538	72	10000
regulator_signed_margin	raw_tmm	-0.155777539963711	-0.153250048232058	-0.154513794097885	93	10000
regulator_signed_margin	raw_tmm	-0.153250048232058	-0.150722556500404	-0.151986302366231	103	10000
regulator_signed_margin	raw_tmm	-0.150722556500404	-0.148195064768751	-0.149458810634578	116	10000
regulator_signed_margin	raw_tmm	-0.148195064768751	-0.145667573037097	-0.146931318902924	136	10000
regulator_signed_margin	raw_tmm	-0.145667573037097	-0.143140081305444	-0.144403827171271	163	10000
regulator_signed_margin	raw_tmm	-0.143140081305444	-0.14061258957379	-0.141876335439617	186	10000
regulator_signed_margin	raw_tmm	-0.14061258957379	-0.138085097842137	-0.139348843707964	214	10000
regulator_signed_margin	raw_tmm	-0.138085097842137	-0.135557606110483	-0.13682135197631	208	10000
regulator_signed_margin	raw_tmm	-0.135557606110483	-0.13303011437883	-0.134293860244657	231	10000
regulator_signed_margin	raw_tmm	-0.13303011437883	-0.130502622647176	-0.131766368513003	224	10000
regulator_signed_margin	raw_tmm	-0.130502622647176	-0.127975130915523	-0.12923887678135	279	10000
regulator_signed_margin	raw_tmm	-0.127975130915523	-0.125447639183869	-0.126711385049696	267	10000
regulator_signed_margin	raw_tmm	-0.125447639183869	-0.122920147452216	-0.124183893318043	290	10000
regulator_signed_margin	raw_tmm	-0.122920147452216	-0.120392655720562	-0.121656401586389	325	10000
regulator_signed_margin	raw_tmm	-0.120392655720562	-0.117865163988909	-0.119128909854736	341	10000
regulator_signed_margin	raw_tmm	-0.117865163988909	-0.115337672257255	-0.116601418123082	318	10000
regulator_signed_margin	raw_tmm	-0.115337672257255	-0.112810180525602	-0.114073926391429	353	10000
regulator_signed_margin	raw_tmm	-0.112810180525602	-0.110282688793948	-0.111546434659775	355	10000
regulator_signed_margin	raw_tmm	-0.110282688793948	-0.107755197062295	-0.109018942928122	327	10000
regulator_signed_margin	raw_tmm	-0.107755197062295	-0.105227705330641	-0.106491451196468	373	10000
regulator_signed_margin	raw_tmm	-0.105227705330641	-0.102700213598988	-0.103963959464815	356	10000
regulator_signed_margin	raw_tmm	-0.102700213598988	-0.100172721867334	-0.101436467733161	338	10000
regulator_signed_margin	raw_tmm	-0.100172721867334	-0.097645230135681	-0.0989089760015077	348	10000
regulator_signed_margin	raw_tmm	-0.097645230135681	-0.0951177384040275	-0.0963814842698542	310	10000
regulator_signed_margin	raw_tmm	-0.0951177384040275	-0.092590246672374	-0.0938539925382007	327	10000
regulator_signed_margin	raw_tmm	-0.092590246672374	-0.0900627549407205	-0.0913265008065472	307	10000
regulator_signed_margin	raw_tmm	-0.0900627549407205	-0.087535263209067	-0.0887990090748937	283	10000
regulator_signed_margin	raw_tmm	-0.087535263209067	-0.0850077714774135	-0.0862715173432402	252	10000
regulator_signed_margin	raw_tmm	-0.0850077714774135	-0.08248027974576	-0.0837440256115867	268	10000
regulator_signed_margin	raw_tmm	-0.08248027974576	-0.0799527880141065	-0.0812165338799332	219	10000
regulator_signed_margin	raw_tmm	-0.0799527880141065	-0.077425296282453	-0.0786890421482797	214	10000
regulator_signed_margin	raw_tmm	-0.077425296282453	-0.0748978045507995	-0.0761615504166262	197	10000
regulator_signed_margin	raw_tmm	-0.0748978045507995	-0.072370312819146	-0.0736340586849727	183	10000
regulator_signed_margin	raw_tmm	-0.072370312819146	-0.0698428210874925	-0.0711065669533192	150	10000
regulator_signed_margin	raw_tmm	-0.0698428210874925	-0.067315329355839	-0.0685790752216657	124	10000
regulator_signed_margin	raw_tmm	-0.067315329355839	-0.0647878376241855	-0.0660515834900123	129	10000
regulator_signed_margin	raw_tmm	-0.0647878376241855	-0.062260345892532	-0.0635240917583587	115	10000
regulator_signed_margin	raw_tmm	-0.062260345892532	-0.0597328541608785	-0.0609966000267052	74	10000
regulator_signed_margin	raw_tmm	-0.0597328541608785	-0.057205362429225	-0.0584691082950518	83	10000
regulator_signed_margin	raw_tmm	-0.057205362429225	-0.0546778706975715	-0.0559416165633983	72	10000
regulator_signed_margin	raw_tmm	-0.0546778706975715	-0.052150378965918	-0.0534141248317448	60	10000
regulator_signed_margin	raw_tmm	-0.052150378965918	-0.0496228872342645	-0.0508866331000913	59	10000
regulator_signed_margin	raw_tmm	-0.0496228872342645	-0.047095395502611	-0.0483591413684378	35	10000
regulator_signed_margin	raw_tmm	-0.047095395502611	-0.0445679037709575	-0.0458316496367843	38	10000
regulator_signed_margin	raw_tmm	-0.0445679037709575	-0.042040412039304	-0.0433041579051308	29	10000
regulator_signed_margin	raw_tmm	-0.042040412039304	-0.0395129203076505	-0.0407766661734773	31	10000
regulator_signed_margin	raw_tmm	-0.0395129203076505	-0.036985428575997	-0.0382491744418238	14	10000
regulator_signed_margin	raw_tmm	-0.036985428575997	-0.0344579368443435	-0.0357216827101703	20	10000
regulator_signed_margin	raw_tmm	-0.0344579368443435	-0.03193044511269	-0.0331941909785168	9	10000
regulator_signed_margin	raw_tmm	-0.03193044511269	-0.0294029533810365	-0.0306666992468633	8	10000
regulator_signed_margin	raw_tmm	-0.0294029533810365	-0.026875461649383	-0.0281392075152098	4	10000
regulator_signed_margin	raw_tmm	-0.026875461649383	-0.0243479699177295	-0.0256117157835563	9	10000
regulator_signed_margin	raw_tmm	-0.0243479699177295	-0.021820478186076	-0.0230842240519028	5	10000
regulator_signed_margin	raw_tmm	-0.021820478186076	-0.0192929864544225	-0.0205567323202493	2	10000
regulator_signed_margin	raw_tmm	-0.0192929864544225	-0.0167654947227691	-0.0180292405885958	3	10000
regulator_signed_margin	raw_tmm	-0.0167654947227691	-0.0142380029911156	-0.0155017488569423	1	10000
regulator_signed_margin	raw_tmm	-0.0142380029911156	-0.011710511259462	-0.0129742571252888	0	10000
regulator_signed_margin	raw_tmm	-0.011710511259462	-0.00918301952780856	-0.0104467653936353	1	10000
regulator_signed_margin	raw_tmm	-0.00918301952780856	-0.00665552779615505	-0.00791927366198181	2	10000
regulator_signed_margin	raw_tmm	-0.00665552779615505	-0.00412803606450157	-0.00539178193032831	0	10000
regulator_signed_margin	raw_tmm	-0.00412803606450157	-0.00160054433284806	-0.00286429019867482	2	10000
regulator_signed_margin	raw_tmm	-0.00160054433284806	0.000926947398805414	-0.000336798467021325	1	10000
regulator_signed_margin	author_normalized	-0.207602069713995	-0.205005519212397	-0.206303794463196	3	10000
regulator_signed_margin	author_normalized	-0.205005519212397	-0.202408968710798	-0.203707243961598	2	10000
regulator_signed_margin	author_normalized	-0.202408968710798	-0.1998124182092	-0.201110693459999	5	10000
regulator_signed_margin	author_normalized	-0.1998124182092	-0.197215867707602	-0.198514142958401	2	10000
regulator_signed_margin	author_normalized	-0.197215867707602	-0.194619317206004	-0.195917592456803	6	10000
regulator_signed_margin	author_normalized	-0.194619317206004	-0.192022766704405	-0.193321041955205	4	10000
regulator_signed_margin	author_normalized	-0.192022766704405	-0.189426216202807	-0.190724491453606	9	10000
regulator_signed_margin	author_normalized	-0.189426216202807	-0.186829665701209	-0.188127940952008	8	10000
regulator_signed_margin	author_normalized	-0.186829665701209	-0.184233115199611	-0.18553139045041	10	10000
regulator_signed_margin	author_normalized	-0.184233115199611	-0.181636564698012	-0.182934839948811	17	10000
regulator_signed_margin	author_normalized	-0.181636564698012	-0.179040014196414	-0.180338289447213	20	10000
regulator_signed_margin	author_normalized	-0.179040014196414	-0.176443463694816	-0.177741738945615	28	10000
regulator_signed_margin	author_normalized	-0.176443463694816	-0.173846913193217	-0.175145188444017	29	10000
regulator_signed_margin	author_normalized	-0.173846913193217	-0.171250362691619	-0.172548637942418	44	10000
regulator_signed_margin	author_normalized	-0.171250362691619	-0.168653812190021	-0.16995208744082	49	10000
regulator_signed_margin	author_normalized	-0.168653812190021	-0.166057261688423	-0.167355536939222	57	10000
regulator_signed_margin	author_normalized	-0.166057261688423	-0.163460711186824	-0.164758986437624	65	10000
regulator_signed_margin	author_normalized	-0.163460711186824	-0.160864160685226	-0.162162435936025	68	10000
regulator_signed_margin	author_normalized	-0.160864160685226	-0.158267610183628	-0.159565885434427	90	10000
regulator_signed_margin	author_normalized	-0.158267610183628	-0.15567105968203	-0.156969334932829	107	10000
regulator_signed_margin	author_normalized	-0.15567105968203	-0.153074509180431	-0.15437278443123	129	10000
regulator_signed_margin	author_normalized	-0.153074509180431	-0.150477958678833	-0.151776233929632	162	10000
regulator_signed_margin	author_normalized	-0.150477958678833	-0.147881408177235	-0.149179683428034	167	10000
regulator_signed_margin	author_normalized	-0.147881408177235	-0.145284857675637	-0.146583132926436	182	10000
regulator_signed_margin	author_normalized	-0.145284857675637	-0.142688307174038	-0.143986582424837	216	10000
regulator_signed_margin	author_normalized	-0.142688307174038	-0.14009175667244	-0.141390031923239	235	10000
regulator_signed_margin	author_normalized	-0.14009175667244	-0.137495206170842	-0.138793481421641	262	10000
regulator_signed_margin	author_normalized	-0.137495206170842	-0.134898655669243	-0.136196930920043	258	10000
regulator_signed_margin	author_normalized	-0.134898655669243	-0.132302105167645	-0.133600380418444	276	10000
regulator_signed_margin	author_normalized	-0.132302105167645	-0.129705554666047	-0.131003829916846	294	10000
regulator_signed_margin	author_normalized	-0.129705554666047	-0.127109004164449	-0.128407279415248	310	10000
regulator_signed_margin	author_normalized	-0.127109004164449	-0.12451245366285	-0.125810728913649	348	10000
regulator_signed_margin	author_normalized	-0.12451245366285	-0.121915903161252	-0.123214178412051	355	10000
regulator_signed_margin	author_normalized	-0.121915903161252	-0.119319352659654	-0.120617627910453	338	10000
regulator_signed_margin	author_normalized	-0.119319352659654	-0.116722802158056	-0.118021077408855	352	10000
regulator_signed_margin	author_normalized	-0.116722802158056	-0.114126251656457	-0.115424526907256	358	10000
regulator_signed_margin	author_normalized	-0.114126251656457	-0.111529701154859	-0.112827976405658	367	10000
regulator_signed_margin	author_normalized	-0.111529701154859	-0.108933150653261	-0.11023142590406	412	10000
regulator_signed_margin	author_normalized	-0.108933150653261	-0.106336600151662	-0.107634875402462	334	10000
regulator_signed_margin	author_normalized	-0.106336600151662	-0.103740049650064	-0.105038324900863	380	10000
regulator_signed_margin	author_normalized	-0.103740049650064	-0.101143499148466	-0.102441774399265	331	10000
regulator_signed_margin	author_normalized	-0.101143499148466	-0.0985469486468676	-0.0998452238976667	331	10000
regulator_signed_margin	author_normalized	-0.0985469486468676	-0.0959503981452693	-0.0972486733960685	287	10000
regulator_signed_margin	author_normalized	-0.0959503981452693	-0.0933538476436711	-0.0946521228944702	295	10000
regulator_signed_margin	author_normalized	-0.0933538476436711	-0.0907572971420728	-0.0920555723928719	289	10000
regulator_signed_margin	author_normalized	-0.0907572971420728	-0.0881607466404745	-0.0894590218912737	249	10000
regulator_signed_margin	author_normalized	-0.0881607466404745	-0.0855641961388762	-0.0868624713896754	239	10000
regulator_signed_margin	author_normalized	-0.0855641961388762	-0.082967645637278	-0.0842659208880771	245	10000
regulator_signed_margin	author_normalized	-0.082967645637278	-0.0803710951356797	-0.0816693703864788	185	10000
regulator_signed_margin	author_normalized	-0.0803710951356797	-0.0777745446340814	-0.0790728198848806	170	10000
regulator_signed_margin	author_normalized	-0.0777745446340814	-0.0751779941324832	-0.0764762693832823	148	10000
regulator_signed_margin	author_normalized	-0.0751779941324832	-0.0725814436308849	-0.073879718881684	131	10000
regulator_signed_margin	author_normalized	-0.0725814436308849	-0.0699848931292866	-0.0712831683800857	129	10000
regulator_signed_margin	author_normalized	-0.0699848931292866	-0.0673883426276883	-0.0686866178784875	90	10000
regulator_signed_margin	author_normalized	-0.0673883426276883	-0.0647917921260901	-0.0660900673768892	84	10000
regulator_signed_margin	author_normalized	-0.0647917921260901	-0.0621952416244918	-0.0634935168752909	84	10000
regulator_signed_margin	author_normalized	-0.0621952416244918	-0.0595986911228935	-0.0608969663736927	55	10000
regulator_signed_margin	author_normalized	-0.0595986911228935	-0.0570021406212952	-0.0583004158720944	53	10000
regulator_signed_margin	author_normalized	-0.0570021406212952	-0.054405590119697	-0.0557038653704961	50	10000
regulator_signed_margin	author_normalized	-0.054405590119697	-0.0518090396180987	-0.0531073148688978	40	10000
regulator_signed_margin	author_normalized	-0.0518090396180987	-0.0492124891165004	-0.0505107643672996	41	10000
regulator_signed_margin	author_normalized	-0.0492124891165004	-0.0466159386149022	-0.0479142138657013	26	10000
regulator_signed_margin	author_normalized	-0.0466159386149022	-0.0440193881133039	-0.045317663364103	22	10000
regulator_signed_margin	author_normalized	-0.0440193881133039	-0.0414228376117056	-0.0427211128625048	20	10000
regulator_signed_margin	author_normalized	-0.0414228376117056	-0.0388262871101074	-0.0401245623609065	9	10000
regulator_signed_margin	author_normalized	-0.0388262871101074	-0.0362297366085091	-0.0375280118593082	9	10000
regulator_signed_margin	author_normalized	-0.0362297366085091	-0.0336331861069108	-0.0349314613577099	6	10000
regulator_signed_margin	author_normalized	-0.0336331861069108	-0.0310366356053125	-0.0323349108561117	5	10000
regulator_signed_margin	author_normalized	-0.0310366356053125	-0.0284400851037143	-0.0297383603545134	6	10000
regulator_signed_margin	author_normalized	-0.0284400851037143	-0.025843534602116	-0.0271418098529151	5	10000
regulator_signed_margin	author_normalized	-0.025843534602116	-0.0232469841005177	-0.0245452593513169	1	10000
regulator_signed_margin	author_normalized	-0.0232469841005177	-0.0206504335989194	-0.0219487088497186	0	10000
regulator_signed_margin	author_normalized	-0.0206504335989194	-0.0180538830973212	-0.0193521583481203	1	10000
regulator_signed_margin	author_normalized	-0.0180538830973212	-0.0154573325957229	-0.016755607846522	1	10000
regulator_signed_margin	author_normalized	-0.0154573325957229	-0.0128607820941246	-0.0141590573449238	1	10000
regulator_signed_margin	author_normalized	-0.0128607820941246	-0.0102642315925263	-0.0115625068433255	2	10000
regulator_signed_margin	author_normalized	-0.0102642315925263	-0.00766768109092808	-0.00896595634172721	1	10000
regulator_signed_margin	author_normalized	-0.00766768109092808	-0.00507113058932981	-0.00636940584012895	0	10000
regulator_signed_margin	author_normalized	-0.00507113058932981	-0.00247458008773155	-0.00377285533853068	0	10000
regulator_signed_margin	author_normalized	-0.00247458008773155	0.00012197041386674	-0.0011763048369324	1	10000
