time	donor	auc	median_delta_lost	median_delta_gained	median_delta_difference
0	TB03070100	0.5	0	0	0
0	TB03070514	0.5	0	0	0
0	TB03070641	0.5	0	0	0
0	TB03071454	0.5	0	0	0
0	TB03071936	0.5	0	0	0
0	TB03072560	0.5	0	0	0
0	TB03072608	0.5	0	0	0
0	TB03073148	0.5	0	0	0
0	TB03073189	0.5	0	0	0
0	TB03073577	0.5	0	0	0
0	TB03073591	0.5	0	0	0
0	TB03073798	0.5	0	0	0
0	TB03073852	0.5	0	0	0
0	TB03073878	0.5	0	0	0
0	TB03074092	0.5	0	0	0
0	TB03074157	0.5	0	0	0
0	TB03074178	0.5	0	0	0
0	TB03074192	0.5	0	0	0
0	TB03074218	0.5	0	0	0
0	TB03074315	0.5	0	0	0
0	TB03074401	0.5	0	0	0
0	TB03074749	0.5	0	0	0
2	TB03070100	0.696509459099387	0.320770212534599	-0.0431141544754499	0.363884367010049
2	TB03070514	0.666282358728402	0.227424343671659	0.0321458455296149	0.195278498142044
2	TB03070641	0.692604890446617	0.339721324750649	0.0154055771842097	0.32431574756644
2	TB03071454	0.717912849207813	0.376213890534219	-0.13668571868265	0.512899609216868
2	TB03071936	0.670243292545451	0.263264251429889	-0.036157936509551	0.29942218793944
2	TB03072560	0.690544999897518	0.187850428999112	-0.107910370201632	0.295760799200744
2	TB03072608	0.674685892311792	0.320622191995021	-0.00327173838227202	0.323893930377293
2	TB03073148	0.700772715161204	0.370608811209302	-0.0212623878103679	0.39187119901967
2	TB03073189	0.698190165816065	0.211089216804476	-0.123994208122909	0.335083424927385
2	TB03073577	0.713388263747976	0.355005328586487	-0.0963072515717801	0.451312580158267
2	TB03073591	0.687813851482916	0.158492336130854	-0.113838809544005	0.272331145674858
2	TB03073798	0.621236344257927	0.168762701038263	0.013022490751494	0.155740210286769
2	TB03073852	0.669454180245547	0.13369373592263	-0.0622049925958157	0.195898728518446
2	TB03073878	0.671544815429708	0.242229760457219	-0.0660906855681815	0.308320446025401
2	TB03074092	0.687316813216094	0.403245997263437	0.0332285713662421	0.370017425897195
2	TB03074157	0.687060607923917	0.29532224850835	-0.0272268208905802	0.32254906939893
2	TB03074178	0.670525118366845	0.323790626157912	-0.0115512142335854	0.335341840391497
2	TB03074192	0.699671032404845	0.359152007695188	-0.0598639497480926	0.419015957443281
2	TB03074218	0.64151755518662	0.153943190304257	0.00893699345887944	0.145006196845377
2	TB03074315	0.657930066203448	0.289148338796922	0.0170248701949132	0.272123468602009
2	TB03074401	0.700905941913136	0.419438305911586	-0.0898555436982134	0.5092938496098
2	TB03074749	0.670571235319437	0.361580685887605	0.00298227034424148	0.358598415543363
4	TB03070100	0.685933304638341	0.653566569596142	-0.172415776948291	0.825982346544433
4	TB03070514	0.675879808973334	0.493200158421442	-0.0964088959719884	0.58960905439343
4	TB03070641	0.654035745762364	0.680554008529953	-0.0130752121173177	0.69362922064727
4	TB03071454	0.737317838037262	0.778939728957603	-0.514382621529557	1.29332235048716
4	TB03071936	0.671596056488143	0.53656993238066	-0.127460657635556	0.664030590016217
4	TB03072560	0.706552706552707	0.628628470394749	-0.214861066390002	0.843489536784751
4	TB03072608	0.697411301727848	0.716957057245302	-0.204053002706136	0.921010059951437
4	TB03073148	0.703427001988153	0.737089496742323	-0.203085324663359	0.940174821405682
4	TB03073189	0.707628768779848	0.643408439873568	-0.353933204327443	0.997341644201011
4	TB03073577	0.689294718071697	0.66287918156778	-0.205936080717039	0.868815262284819
4	TB03073591	0.692912336797229	0.476770814745624	-0.248994458893627	0.725765273639251
4	TB03073798	0.681618807518088	0.553436611708443	-0.140064629764966	0.693501241473409
4	TB03073852	0.721422861710632	0.476195280962983	-0.278196812941793	0.754392093904777
4	TB03073878	0.690196560700158	0.609771108979089	-0.190925593814989	0.800696702794078
4	TB03074092	0.709237738014716	0.786148397450595	-0.159052267026622	0.945200664477217
4	TB03074157	0.685943552850028	0.594955870141014	-0.177932161210945	0.772888031351959
4	TB03074178	0.681198630838919	0.722043616683145	-0.00211568028440312	0.724159296967548
4	TB03074192	0.709791141445818	0.773438979806006	-0.225063744346709	0.998502724152714
4	TB03074218	0.692630510975835	0.534754843111871	-0.0783909992123896	0.613145842324261
4	TB03074315	0.700434524175531	0.67386005538781	-0.183555996316133	0.857416051703944
4	TB03074401	0.693035315337474	0.769841359568374	-0.1030164285283	0.872857788096673
4	TB03074749	0.693957654389309	0.773692008665992	-0.105046802076693	0.878738810742684
8	TB03070100	0.686302240259075	0.635527144735302	-0.219286164279913	0.854813309015215
8	TB03070514	0.680850191641559	0.680476539192767	-0.190321694080661	0.870798233273428
8	TB03070641	0.695997048515034	0.899223065249275	-0.097210989886281	0.996434055135556
8	TB03071454	0.725860337371129	0.991781140254964	-0.258847639656733	1.2506287799117
8	TB03071936	0.6810551558753	0.585305386935186	-0.160106852091066	0.745412239026253
8	TB03072560	0.697472790997971	0.907783538248749	-0.101587862807261	1.00937140105601
8	TB03072608	0.686322736682449	0.814626218422434	-0.122206736520988	0.936832954943422
8	TB03073148	0.690422021357273	0.956991079839902	-0.0398975285320788	0.996888608371981
8	TB03073189	0.711379614257312	0.849600440502662	-0.378032999443521	1.22763343994618
8	TB03073577	0.706235011990408	0.830323979621795	-0.333360902458314	1.16368488208011
8	TB03073591	0.702535407571379	0.912394533759351	-0.187881049796119	1.10027558355547
8	TB03073798	0.701715550636414	0.827073837315782	-0.131686502729179	0.95876034004496
8	TB03073852	0.723841439668778	1.05518068785806	-0.184667085672679	1.23984777353074
8	TB03073878	0.686117772448708	0.918624791617003	-0.222520245311201	1.1411450369282
8	TB03074092	0.695679353952735	0.992582030102511	-0.0978779318207299	1.09045996192324
8	TB03074157	0.68886429318084	0.749061622115467	-0.0766029057644535	0.82566452787992
8	TB03074178	0.681782778905081	0.816749598136751	-0.0711370989962679	0.887886697133019
8	TB03074192	0.711871528418291	0.883041404317482	-0.188306575528479	1.07134797984596
8	TB03074218	0.712568406813011	0.958098988209835	-0.107251200096959	1.06535018830679
8	TB03074315	0.699824755580151	0.828009374079035	-0.175989217564269	1.0039985916433
8	TB03074401	0.704738773084097	0.937336593864382	-0.151457480876523	1.08879407474091
8	TB03074749	0.685441390477362	0.714379867177887	-0.205980203091757	0.920360070269644
12	TB03070100	0.6626801123204	0.577587803212186	-0.115700938576051	0.693288741788237
12	TB03070514	0.673051302547705	0.615873134766274	-0.137810162977474	0.753683297743748
12	TB03070641	0.682182459160876	0.806823804063665	-0.0249230128846771	0.831746816948342
12	TB03071454	0.722150484740413	0.874907832684772	-0.271379653357923	1.14628748604269
12	TB03071936	0.666697411301728	0.647036322915053	-0.0855755742284652	0.732611897143518
12	TB03072560	0.69381417942569	0.811873566834466	-0.118733740076183	0.930607306910649
12	TB03072608	0.678103670909426	0.796593353065755	-0.0981605389641071	0.894753892029862
12	TB03073148	0.678728811822337	0.821862268925474	-0.0888368339825432	0.910699102908017
12	TB03073189	0.721125663571707	0.817710146037292	-0.372823930773516	1.19053407681081
12	TB03073577	0.713132058455799	0.848310260756505	-0.313554559055432	1.16186481981194
12	TB03073798	0.687501281026461	0.832932911761996	-0.0680716221328197	0.901004533894815
12	TB03073852	0.709514439730267	0.810257476135571	-0.238872161104293	1.04912963723986
12	TB03073878	0.687286068581033	0.79985957292033	-0.0865420746553941	0.886401647575724
12	TB03074092	0.687204082887536	0.903942847069266	-0.0434728710687571	0.947415718138023
12	TB03074157	0.682807600073787	0.774417494856652	-0.0962847797844795	0.870702274641132
12	TB03074178	0.687788230953699	0.844288316968516	-0.0788180465816355	0.923106363550152
12	TB03074218	0.694828752382709	0.861641551115594	-0.154698659023889	1.01634021013948
12	TB03074401	0.68607677960196	0.888156916669858	-0.0646472115289225	0.952804128198781
12	TB03074749	0.677027608682285	0.748706296347421	-0.052671683020852	0.801377979368273
24	TB03070100	0.579546619114964	0.544655343184623	0.209064665074089	0.335590678110534
24	TB03070514	0.558650515485048	0.491911800640644	0.204457738068743	0.287454062571901
24	TB03070641	0.575959745024493	0.787123014809857	0.430791081028548	0.356331933781308
24	TB03071454	0.642849822705938	0.820091860967906	-0.109788223557084	0.929880084524989
24	TB03071936	0.593704523560639	0.658943446919931	0.217660017446003	0.441283429473928
24	TB03072560	0.612566357170674	0.894090718771259	0.305924589597459	0.588166129173799
24	TB03072608	0.594129824345652	0.841854632632494	0.34675216316566	0.495102469466834
24	TB03073148	0.611346819979913	0.833399433675654	0.193724732943658	0.639674700731996
24	TB03073189	0.629024985140093	0.772185996398966	0.10096402940648	0.671221966992486
24	TB03073577	0.607770194101129	0.759768089176052	0.0431909586310195	0.716577130545032
24	TB03073591	0.61437516653344	0.686199166215838	0.0630559933045522	0.623143172911286
24	TB03073798	0.61697308819611	0.857828077875579	0.211358940158285	0.646469137717295
24	TB03073852	0.644714997232983	0.762150731001432	-0.00547762849088196	0.767628359492314
24	TB03073878	0.61965811965812	0.884439437657742	0.246751017812668	0.637688419845074
24	TB03074092	0.600432474533194	0.877918108471191	0.274182904336753	0.603735204134439
24	TB03074157	0.609102461620447	0.845747743421911	0.300933809066056	0.544813934355855
24	TB03074178	0.602143925884933	0.798326729403734	0.260637228759129	0.537689500644605
24	TB03074192	0.616173727684519	0.83152046742507	0.134508060676834	0.697012406748237
24	TB03074218	0.627661972985714	0.892182789018195	0.163300479789944	0.728882309228251
24	TB03074315	0.598731271393142	0.742887956117724	0.251850021922147	0.491037934195577
24	TB03074401	0.630213777695792	0.910679298514931	0.211014942591548	0.699664355923383
24	TB03074749	0.604265305704155	0.779763957697895	0.207650197380643	0.572113760317251
48	TB03070100	0.550349464018529	0.579044905858241	0.263378666527545	0.315666239330696
48	TB03070514	0.525466806042346	0.58042123187521	0.389452320530629	0.190968911344581
48	TB03070641	0.503832831170961	0.752174515071376	0.849991914012872	-0.0978173989414967
48	TB03071454	0.615948267027404	0.866766700796959	0.163450004491742	0.703316696305217
48	TB03071936	0.567761175674845	0.719010725892661	0.33893638715328	0.380074338739381
48	TB03072560	0.561940191436594	0.812386544112689	0.461104794915424	0.351281749197265
48	TB03072608	0.576923076923077	0.782285853320831	0.389766907877312	0.392518945443519
48	TB03073148	0.576882084076329	0.751130176702536	0.371808328963349	0.379321847739187
48	TB03073189	0.5950419151858	0.783168605608141	0.291631225846749	0.491537379761392
48	TB03073577	0.555412080591937	0.66726138726877	0.39794674868942	0.26931463857935
48	TB03073591	0.576051978929677	0.659187715615992	0.243662026359223	0.41552568925677
48	TB03073798	0.571317305130255	0.861531352463823	0.422952278151486	0.438579074312337
48	TB03073852	0.605679558916969	0.846859072786189	0.289901754381822	0.556957318404366
48	TB03073878	0.596589395150546	0.897216970220915	0.379492915934315	0.517724054286599
48	TB03074092	0.570753653487466	0.932781140670535	0.5330696004597	0.399711540210835
48	TB03074157	0.56443050687655	0.692908244721678	0.379574936310311	0.313333308411367
48	TB03074178	0.559214167127836	0.76524054900016	0.460939827885802	0.304300721114358
48	TB03074192	0.591578019635574	0.794190039288983	0.313021607709508	0.481168431579476
48	TB03074218	0.547377482629281	0.701330570676269	0.465413693950188	0.235916876726081
48	TB03074315	0.58549058189346	0.723841315769064	0.303491949593852	0.420349366175213
48	TB03074401	0.579925802947386	0.8728041460786	0.419887638945172	0.452916507133428
48	TB03074749	0.570507696406977	0.708439228683675	0.350794619168843	0.357644609514833
72	TB03070100	0.548371559162926	0.624612806476779	0.394947207112244	0.229665599364535
72	TB03070514	0.526255918342249	0.540823567114269	0.446784984475603	0.094038582638666
72	TB03070641	0.568550287974748	0.837346417471793	0.51515040534777	0.322196012124023
72	TB03071454	0.596497161245363	0.748809077279674	0.228468022539172	0.520341054740502
72	TB03071936	0.547971878907131	0.672084126615317	0.348058296472097	0.32402583014322
72	TB03072560	0.562585828772879	0.819693161884424	0.468449261252362	0.351243900632062
72	TB03072608	0.562401360962512	0.753167825315167	0.435328064384638	0.317839760930529
72	TB03073148	0.555555555555556	0.709897668721186	0.527452596453876	0.18244507226731
72	TB03073189	0.598054889421796	0.788649486614338	0.338509068304772	0.450140418309565
72	TB03073577	0.555811760847732	0.69023011418033	0.390047450069468	0.300182664110862
72	TB03073591	0.583820123388469	0.689372175350267	0.27476900071408	0.414603174636188
72	TB03073798	0.566377667097092	0.810501034016296	0.453198539636076	0.35730249438022
72	TB03073852	0.614749226260018	0.827801759833302	0.333099734707138	0.494702025126164
72	TB03073878	0.595328865113038	0.708941174561065	0.28654731421542	0.422393860345645
72	TB03074092	0.536709094263051	0.645802186461257	0.448292011209099	0.197510175252158
72	TB03074157	0.566818340199635	0.775484201423744	0.453639739665787	0.321844461757957
72	TB03074178	0.546311668613827	0.846374803976867	0.551888683571994	0.294486120404873
72	TB03074192	0.574535243599992	0.666141975853172	0.326840818674066	0.339301157179106
72	TB03074218	0.54508188321138	0.690602345694288	0.544683998919449	0.145918346774838
72	TB03074315	0.56572178154912	0.753160680866856	0.393413801980746	0.35974687888611
72	TB03074401	0.580212752874623	0.713703583880118	0.329607602103086	0.384095981777032
72	TB03074749	0.557892147820205	0.690399496946457	0.391091006483525	0.299308490462931
