target_ensg	target	census_indegree	n_reversals	n_stable	n_rest_positive	n_rest_negative	reversal_signed_score	stable_rest_sign_score	all_edge_rest_sign_score	median_delta_0_to_48	reversal_unanimous	author_normalized_median_delta_0_to_48
ENSG00000002822	MAD1L1	19	2	17	6	13	-1	-0.294117647058824	-0.368421052631579	-0.538862992089247	TRUE	-0.824496412474595
ENSG00000005486	RHBDD2	6	3	3	6	0	1	1	1	-1.90713336064249	TRUE	-2.1877322460728
ENSG00000006530	AGK	8	2	6	5	3	0	0.333333333333333	0.25	1.81762157974774	FALSE	1.45428946970596
ENSG00000006576	PHTF2	23	3	20	12	11	1	-0.1	0.0434782608695652	1.13679983899209	TRUE	0.830445724919305
ENSG00000006625	GGCT	15	2	13	1	14	0	-1	-0.866666666666667	2.60501237239055	FALSE	2.27035590731556
ENSG00000007202	BLTP2	4	3	1	3	1	1	-1	0.5	0.54089745475955	TRUE	0.137922337584285
ENSG00000008083	JARID2	18	2	16	15	3	1	0.625	0.666666666666667	0.705428535248405	TRUE	0.335145972084135
ENSG00000008513	ST3GAL1	12	2	10	10	2	0	0.8	0.666666666666667	0.152294924076107	FALSE	-0.174589916123155
ENSG00000009790	TRAF3IP3	21	7	14	19	2	1	0.714285714285714	0.80952380952381	-0.844463280676259	TRUE	-1.09951500167187
ENSG00000009954	BAZ1B	4	2	2	4	0	1	1	1	0.722839192738239	TRUE	0.401905989610935
ENSG00000010017	RANBP9	15	7	8	11	4	1	0	0.466666666666667	0.138415448767726	TRUE	-0.160595621661315
ENSG00000011304	PTBP1	6	2	4	2	4	1	-1	-0.333333333333333	1.00147024855876	TRUE	0.65886707333603
ENSG00000011485	PPP5C	3	2	1	1	2	0	-1	-0.333333333333333	2.22342293416699	FALSE	1.796119290581
ENSG00000011590	ZBTB32	10	3	7	3	7	1	-1	-0.4	7.7521411012846	TRUE	6.46324683562574
ENSG00000012822	CALCOCO1	9	2	7	6	3	0	0.428571428571429	0.333333333333333	-2.43720806729871	FALSE	-2.72010555226732
ENSG00000013441	CLK1	15	2	13	13	2	0	0.846153846153846	0.733333333333333	-1.76019967585568	FALSE	-2.0958501318083
ENSG00000013810	TACC3	13	6	7	1	12	-0.666666666666667	-1	-0.846153846153846	0.968626577937806	FALSE	0.724135474080905
ENSG00000020633	RUNX3	13	2	11	12	1	1	0.818181818181818	0.846153846153846	-0.262921698989931	TRUE	-0.54099617390263
ENSG00000023171	GRAMD1B	25	4	21	19	6	0.5	0.523809523809524	0.52	0.169730929142673	FALSE	-0.147371121358878
ENSG00000023330	ALAS1	10	2	8	10	0	1	1	1	1.41481751507256	TRUE	1.14068713242986
ENSG00000023445	BIRC3	25	4	21	15	10	1	0.0476190476190476	0.2	-0.108655322339061	TRUE	-0.481172353494685
ENSG00000024048	UBR2	13	3	10	10	3	-1	1	0.538461538461538	-0.714406142405791	TRUE	-1.02257828936841
ENSG00000026025	VIM	32	3	29	9	23	-0.333333333333333	-0.448275862068966	-0.4375	-1.13639953076649	FALSE	-1.52372028322771
ENSG00000026103	FAS	15	2	13	12	3	-1	0.846153846153846	0.6	0.673072848011521	TRUE	0.30177075388202
ENSG00000026508	CD44	32	2	30	6	26	1	-0.733333333333333	-0.625	-1.3053493551458	TRUE	-1.60223887566123
ENSG00000028277	POU2F2	10	2	8	2	8	1	-1	-0.6	0.420546919924475	TRUE	0.145220568020207
ENSG00000028310	BRD9	3	2	1	2	1	0	1	0.333333333333333	-0.391260840345123	FALSE	-0.685052276887733
ENSG00000029725	RABEP1	7	2	5	3	4	-1	0.2	-0.142857142857143	0.563116963747028	TRUE	0.25119594293219
ENSG00000033170	FUT8	22	4	18	9	13	0.5	-0.333333333333333	-0.181818181818182	0.912425483220963	FALSE	0.628237697587075
ENSG00000033327	GAB2	20	2	18	6	14	1	-0.555555555555556	-0.4	-2.12691976192845	TRUE	-2.26324241021293
ENSG00000034510	TMSB10	31	8	23	13	18	-0.5	-0.0434782608695652	-0.161290322580645	1.77665267139118	FALSE	1.54030977190165
ENSG00000034677	RNF19A	10	3	7	8	2	1	0.428571428571429	0.6	1.56061099288315	TRUE	1.21226617668329
ENSG00000035115	SH3YL1	9	2	7	5	4	-1	0.428571428571429	0.111111111111111	-1.00301213902829	TRUE	-1.19584158769626
ENSG00000035141	FAM136A	9	3	6	4	5	0.333333333333333	-0.333333333333333	-0.111111111111111	1.45529467278822	FALSE	1.15442039730497
ENSG00000035403	VCL	15	4	11	1	14	-1	-0.818181818181818	-0.866666666666667	1.03579905501414	TRUE	0.73297575031906
ENSG00000035681	NSMAF	7	2	5	3	4	1	-0.6	-0.142857142857143	-0.11107883508457	TRUE	-0.35982444504786
ENSG00000035720	STAP1	17	5	12	9	8	1	-0.333333333333333	0.0588235294117647	1.99867444354217	TRUE	1.25808830999413
ENSG00000035928	RFC1	7	2	5	3	4	1	-0.6	-0.142857142857143	1.44946444093039	TRUE	1.10350512093301
ENSG00000040341	STAU2	16	2	14	11	5	1	0.285714285714286	0.375	0.655629213280516	TRUE	0.34265274266072
ENSG00000040933	INPP4A	24	2	22	15	9	1	0.181818181818182	0.25	-1.41823093858403	TRUE	-1.60420095827787
ENSG00000043462	LCP2	12	2	10	7	5	1	0	0.166666666666667	0.327239979894255	TRUE	0.0197935027081897
ENSG00000044574	HSPA5	17	3	14	13	4	0.333333333333333	0.571428571428571	0.529411764705882	1.56482844556943	FALSE	1.25117450109376
ENSG00000047410	TPR	8	3	5	2	6	-1	-0.2	-0.5	0.188563759609497	TRUE	-0.10357112673504
ENSG00000049449	RCN1	12	2	10	4	8	0	-0.4	-0.333333333333333	3.07439691141888	FALSE	2.28055634467403
ENSG00000050405	LIMA1	26	2	24	20	6	0	0.583333333333333	0.538461538461538	3.39041596885704	FALSE	2.97558864079747
ENSG00000051108	HERPUD1	17	2	15	11	6	1	0.2	0.294117647058824	1.1256821470553	TRUE	0.813711640334595
ENSG00000052802	MSMO1	9	2	7	7	2	1	0.428571428571429	0.555555555555556	1.68247134012619	TRUE	1.35017771813946
ENSG00000054148	PHPT1	34	2	32	29	5	-1	0.8125	0.705882352941177	1.76992218615307	TRUE	1.42820782051982
ENSG00000056558	TRAF1	12	2	10	7	5	-1	0.4	0.166666666666667	0.131360842531183	TRUE	-0.192601963166125
ENSG00000057657	PRDM1	17	2	15	13	4	0	0.6	0.529411764705882	1.58422206360358	FALSE	1.11140675555251
ENSG00000058063	ATP11B	15	3	12	10	5	1	0.166666666666667	0.333333333333333	-0.379628485114011	TRUE	-0.68830491773766
ENSG00000059804	SLC2A3	16	3	13	6	10	1	-0.538461538461538	-0.25	2.26878142613364	TRUE	1.910124787203
ENSG00000060138	YBX3	12	2	10	6	6	0	0	0	2.45911242251225	FALSE	1.64804108018484
ENSG00000060237	WNK1	19	2	17	8	11	1	-0.294117647058824	-0.157894736842105	-0.142141736108101	TRUE	-0.444778126713045
ENSG00000062194	GPBP1	13	2	11	10	3	-1	0.818181818181818	0.538461538461538	-0.214256794778045	TRUE	-0.522473932453345
ENSG00000062716	VMP1	25	2	23	17	8	0	0.391304347826087	0.36	1.81686289055635	FALSE	1.52110464171608
ENSG00000063601	MTMR1	9	2	7	5	4	-1	0.428571428571429	0.111111111111111	0.995543408425146	TRUE	0.633086793250415
ENSG00000064666	CNN2	17	6	11	3	14	-1	-0.454545454545455	-0.647058823529412	-0.390286868075331	TRUE	-0.714719638992307
ENSG00000065057	NTHL1	3	2	1	1	2	0	-1	-0.333333333333333	1.45609324984668	FALSE	1.01188245024621
ENSG00000065357	DGKA	29	3	26	9	20	-0.333333333333333	-0.384615384615385	-0.379310344827586	-1.70649468431196	FALSE	-2.01097804665184
ENSG00000065675	PRKCQ	6	2	4	2	4	-1	0	-0.333333333333333	0.0718357685731204	TRUE	-0.30384531520393
ENSG00000065911	MTHFD2	12	2	10	8	4	1	0.2	0.333333333333333	4.46313207898446	TRUE	4.06791417061259
ENSG00000065978	YBX1	22	2	20	5	17	-1	-0.5	-0.545454545454545	1.76021770174758	TRUE	1.44786937386296
ENSG00000066044	ELAVL1	7	2	5	4	3	-1	0.6	0.142857142857143	1.47597661602104	TRUE	1.13123237253029
ENSG00000066279	ASPM	6	3	3	1	5	-1	-0.333333333333333	-0.666666666666667	5.73604573790693	TRUE	4.51402676853746
ENSG00000067057	PFKP	15	4	11	12	3	0.5	0.636363636363636	0.6	1.79848418891361	FALSE	1.48894911272524
ENSG00000067113	PLPP1	13	4	9	11	2	1	0.555555555555556	0.692307692307692	0.8330797115656	TRUE	0.399974366564665
ENSG00000067167	TRAM1	46	3	43	29	17	1	0.209302325581395	0.260869565217391	-0.230054458701971	TRUE	-0.62972101483665
ENSG00000067225	PKM	14	4	10	7	7	-0.5	0.2	0	2.96225235513176	FALSE	2.69085226274311
ENSG00000067955	CBFB	15	2	13	6	9	0	-0.230769230769231	-0.2	1.0943002670703	FALSE	0.791932628899045
ENSG00000068024	HDAC4	16	2	14	7	9	-1	0	-0.125	-1.89651087622054	TRUE	-1.98465935729528
ENSG00000068912	ERLEC1	23	4	19	20	3	1	0.68421052631579	0.739130434782609	-0.126102366271758	TRUE	-0.41021615830831
ENSG00000069275	NUCKS1	20	2	18	7	13	-1	-0.222222222222222	-0.3	0.994650423704277	TRUE	0.6833561737935
ENSG00000069493	CLEC2D	41	7	34	24	17	-0.714285714285714	0.352941176470588	0.170731707317073	-1.44613492315511	FALSE	-1.81982332731175
ENSG00000070495	JMJD6	8	2	6	5	3	1	0	0.25	0.35041482529467	TRUE	0.0260983237990446
ENSG00000070540	WIPI1	12	6	6	9	3	1	0	0.5	0.958728705447582	TRUE	0.53427298742172
ENSG00000070882	OSBPL3	8	2	6	7	1	1	0.666666666666667	0.75	-0.609183231302249	TRUE	-0.93299032774278
ENSG00000071054	MAP4K4	28	3	25	21	7	-1	0.68	0.5	-0.739917773918284	TRUE	-0.989303317630955
ENSG00000072062	PRKACA	20	2	18	15	5	0	0.555555555555556	0.5	0.578409821974236	FALSE	0.216950225139925
ENSG00000072364	AFF4	18	3	15	18	0	1	1	1	-0.482144098586521	TRUE	-0.798461239114502
ENSG00000072415	PALS1	4	2	2	2	2	1	-1	0	0.159924290867733	TRUE	-0.17911208981726
ENSG00000072571	HMMR	14	3	11	0	14	-1	-1	-1	7.47931201385929	TRUE	6.17009847691603
ENSG00000072818	ACAP1	27	2	25	17	10	0	0.28	0.259259259259259	0.355807192228982	FALSE	-0.01765928900394
ENSG00000072958	AP1M1	4	2	2	3	1	0	1	0.5	0.53138952535794	FALSE	0.21151031077165
ENSG00000073060	SCARB1	7	2	5	1	6	-1	-0.6	-0.714285714285714	2.73967421227931	TRUE	1.57289115734961
ENSG00000074266	EED	8	2	6	2	6	1	-1	-0.5	2.8084726573504	TRUE	2.46286510228161
ENSG00000074370	ATP2A3	15	3	12	3	12	-0.333333333333333	-0.666666666666667	-0.6	-0.687585811219485	FALSE	-1.01361138401147
ENSG00000074696	HACD3	7	2	5	3	4	0	-0.2	-0.142857142857143	1.13152815051178	FALSE	0.80350218287302
ENSG00000074800	ENO1	24	3	21	4	20	-1	-0.619047619047619	-0.666666666666667	3.50053099464225	TRUE	3.16290883746499
ENSG00000074935	TUBE1	6	4	2	4	2	1	-1	0.333333333333333	0.188997609728137	TRUE	-0.157154222504885
ENSG00000075151	EIF4G3	7	2	5	3	4	1	-0.6	-0.142857142857143	1.37483245351352	TRUE	1.00152858471036
ENSG00000075336	TIMM21	3	2	1	1	2	-1	1	-0.333333333333333	1.99535548089981	TRUE	1.5486027711357
ENSG00000075426	FOSL2	20	2	18	9	11	1	-0.222222222222222	-0.1	1.98529110557561	TRUE	1.64945491842873
ENSG00000076382	SPAG5	9	4	5	1	8	-1	-0.6	-0.777777777777778	3.7643327212671	TRUE	3.29621851698014
ENSG00000077044	DGKD	8	2	6	5	3	-1	0.666666666666667	0.25	-0.966046427125212	TRUE	-1.25274830951911
ENSG00000077147	TM9SF3	15	2	13	12	3	1	0.538461538461538	0.6	0.272870974181588	TRUE	-0.09565010584986
ENSG00000077420	APBB1IP	17	2	15	5	12	0	-0.466666666666667	-0.411764705882353	-0.946330306702915	FALSE	-1.2539775016909
ENSG00000077984	CST7	44	2	42	26	18	1	0.142857142857143	0.181818181818182	0.199050457216794	TRUE	-0.0488747198495103
ENSG00000078668	VDAC3	14	3	11	3	11	1	-1	-0.571428571428571	1.88877075045599	TRUE	1.54508752352797
ENSG00000079616	KIF22	6	2	4	2	4	-1	0	-0.333333333333333	0.97736155061505	TRUE	0.67960220017733
ENSG00000079785	DDX1	10	3	7	4	6	1	-0.714285714285714	-0.2	1.61023267784795	TRUE	1.3202425364305
ENSG00000080503	SMARCA2	19	2	17	14	5	0	0.529411764705882	0.473684210526316	-0.455844079474846	FALSE	-0.73278188601257
ENSG00000080822	CLDND1	23	3	20	16	7	1	0.3	0.391304347826087	-1.75752948881241	TRUE	-2.05555258579519
ENSG00000080824	HSP90AA1	24	4	20	4	20	0	-0.8	-0.666666666666667	2.33950202072247	FALSE	2.00492819430129
ENSG00000080854	IGSF9B	17	2	15	11	6	-1	0.466666666666667	0.294117647058824	-1.06979886853693	TRUE	-1.34314019467777
ENSG00000081237	PTPRC	10	2	8	10	0	1	1	1	-1.46518369596596	TRUE	-1.82705364358016
ENSG00000081320	STK17B	37	8	29	24	13	0.75	0.172413793103448	0.297297297297297	-0.471322883930409	FALSE	-0.892763367004676
ENSG00000082641	NFE2L1	16	3	13	12	4	1	0.384615384615385	0.5	0.804307718004311	TRUE	0.51417893748627
ENSG00000083223	TUT7	9	2	7	7	2	1	0.428571428571429	0.555555555555556	-0.0440698681628322	TRUE	-0.390664212572575
ENSG00000083937	CHMP2B	11	2	9	8	3	-1	0.777777777777778	0.454545454545455	0.48704682464823	TRUE	0.112218548771185
ENSG00000084733	RAB10	20	3	17	14	6	-1	0.647058823529412	0.4	0.496231203981361	TRUE	0.195394309936645
ENSG00000085063	CD59	25	3	22	16	9	-1	0.454545454545455	0.28	0.193689218944821	TRUE	-0.10254222631953
ENSG00000086300	SNX10	17	4	13	4	13	1	-1	-0.529411764705882	3.27661358323513	TRUE	2.87490462740276
ENSG00000087074	PPP1R15A	14	6	8	11	3	0.666666666666667	0.5	0.571428571428571	-0.863400485379314	FALSE	-1.12667567535963
ENSG00000087088	BAX	49	5	44	35	14	-1	0.590909090909091	0.428571428571429	0.313172443486087	TRUE	-0.00518317441034499
ENSG00000088325	TPX2	13	2	11	1	12	-1	-0.818181818181818	-0.846153846153846	7.13569309708143	TRUE	6.26735106310051
ENSG00000088826	SMOX	12	4	8	9	3	1	0.25	0.5	1.02579459619768	TRUE	0.535877041418075
ENSG00000088970	KIZ	8	2	6	7	1	1	0.666666666666667	0.75	-1.59193308619563	TRUE	-1.72670853248069
ENSG00000089127	OAS1	13	3	10	8	5	-1	0.6	0.230769230769231	1.51376840196291	TRUE	1.08100294152331
ENSG00000089220	PEBP1	8	2	6	6	2	0	0.666666666666667	0.5	0.789510842235849	FALSE	0.383177713336035
ENSG00000089818	NECAP1	3	2	1	0	3	-1	-1	-1	-0.552590904920284	TRUE	-0.874998607178745
ENSG00000090273	NUDC	10	2	8	2	8	0	-0.75	-0.6	1.55384888330859	FALSE	1.12997977020516
ENSG00000090686	USP48	16	2	14	11	5	1	0.285714285714286	0.375	0.419914743194502	TRUE	0.0765036155187904
ENSG00000090863	GLG1	5	2	3	3	2	0	0.333333333333333	0.2	-0.999289057603241	FALSE	-1.29901261059394
ENSG00000090889	KIF4A	4	2	2	0	4	-1	-1	-1	6.65740990947296	TRUE	4.52533931304268
ENSG00000091127	PUS7	3	2	1	2	1	1	-1	0.333333333333333	3.23623192924322	TRUE	2.64990531586208
ENSG00000091490	SEL1L3	12	2	10	4	8	1	-0.6	-0.333333333333333	0.694673318228031	TRUE	0.40934178604162
ENSG00000092010	PSME1	38	18	20	13	25	-0.888888888888889	0.2	-0.31578947368421	1.00455111377948	FALSE	0.712111938775825
ENSG00000093009	CDC45	6	2	4	1	5	0	-1	-0.666666666666667	9.2616841395207	FALSE	6.85359861969244
ENSG00000093072	ADA2	22	2	20	21	1	1	0.9	0.909090909090909	-5.7363462233264	TRUE	-4.90398007813281
ENSG00000093167	LRRFIP2	10	8	2	7	3	0.75	-1	0.4	-0.153274670756465	FALSE	-0.40612908928986
ENSG00000095209	TMEM38B	9	2	7	7	2	1	0.428571428571429	0.555555555555556	0.556641576502047	TRUE	0.180649924166565
ENSG00000095794	CREM	18	5	13	12	6	1	0.0769230769230769	0.333333333333333	-0.748375454148314	TRUE	-1.10346215914917
ENSG00000096968	JAK2	31	2	29	19	12	-1	0.310344827586207	0.225806451612903	0.928967917460663	TRUE	0.626699430716365
ENSG00000099985	OSM	13	4	9	4	9	1	-1	-0.384615384615385	5.07658842320353	TRUE	4.28015204742698
ENSG00000100030	MAPK1	12	3	9	5	7	-1	0.111111111111111	-0.166666666666667	-0.577143650889957	TRUE	-0.950164731625095
ENSG00000100075	SLC25A1	14	2	12	13	1	0	1	0.857142857142857	0.304498692119669	FALSE	0.0238347060401596
ENSG00000100092	SH3BP1	17	4	13	6	11	-1	-0.0769230769230769	-0.294117647058824	0.783662401093969	TRUE	0.5049215833425
ENSG00000100097	LGALS1	31	4	27	13	18	-0.5	-0.111111111111111	-0.161290322580645	2.81975718220456	FALSE	2.48431194568836
ENSG00000100100	PIK3IP1	13	2	11	10	3	-1	0.818181818181818	0.538461538461538	-4.00453728179984	TRUE	-4.24815705372654
ENSG00000100162	CENPM	14	3	11	1	13	-1	-0.818181818181818	-0.857142857142857	4.95667893201221	TRUE	4.31982019334325
ENSG00000100201	DDX17	18	4	14	13	5	-0.5	0.714285714285714	0.444444444444444	-1.13078339541482	FALSE	-1.49888440732261
ENSG00000100216	TOMM22	20	2	18	4	16	0	-0.666666666666667	-0.6	1.74944858235713	FALSE	1.4112251740878
ENSG00000100219	XBP1	16	2	14	10	6	1	0.142857142857143	0.25	0.34856803612533	TRUE	0.117690003379155
ENSG00000100304	TTLL12	8	3	5	0	8	-1	-1	-1	2.66076950959684	TRUE	2.25575948807374
ENSG00000100385	IL2RB	24	9	15	17	7	1	0.0666666666666667	0.416666666666667	2.2875630795955	TRUE	2.00810546337785
ENSG00000100485	SOS2	5	2	3	3	2	0	0.333333333333333	0.2	-1.80293652006239	FALSE	-2.06615341643356
ENSG00000100567	PSMA3	21	2	19	3	18	1	-0.894736842105263	-0.714285714285714	1.96700488467943	TRUE	1.63601720224555
ENSG00000100591	AHSA1	19	2	17	5	14	1	-0.647058823529412	-0.473684210526316	1.63521954611656	TRUE	1.32461044495889
ENSG00000100644	HIF1A	8	2	6	6	2	1	0.333333333333333	0.5	1.36768982401562	TRUE	1.01436358536298
ENSG00000100647	SUSD6	19	5	14	18	1	1	0.857142857142857	0.894736842105263	0.779912506963504	TRUE	0.46584238058698
ENSG00000100664	EIF5	18	4	14	8	10	1	-0.428571428571429	-0.111111111111111	-0.0405507584102103	TRUE	-0.368506393924445
ENSG00000100890	PRORP	13	2	11	8	5	-1	0.454545454545455	0.230769230769231	-0.698132597037174	TRUE	-0.802491473417605
ENSG00000100906	NFKBIA	12	3	9	10	2	1	0.555555555555556	0.666666666666667	2.07226630740221	TRUE	1.61598362843051
ENSG00000100911	PSME2	11	6	5	1	10	-1	-0.6	-0.818181818181818	1.54392270545426	TRUE	1.23415127239653
ENSG00000101109	STK4	17	2	15	10	7	-1	0.333333333333333	0.176470588235294	-0.822676324584449	TRUE	-1.12684823218989
ENSG00000101224	CDC25B	14	6	8	3	11	-1	-0.25	-0.571428571428571	-1.43055572315552	TRUE	-1.72866032773958
ENSG00000101255	TRIB3	18	5	13	12	6	1	0.0769230769230769	0.333333333333333	2.75278916177522	TRUE	2.28163258463021
ENSG00000101265	RASSF2	19	4	15	3	16	-0.5	-0.733333333333333	-0.68421052631579	0.39810588526462	FALSE	0.0539310144857348
ENSG00000101445	PPP1R16B	12	5	7	11	1	1	0.714285714285714	0.833333333333333	0.561936708585426	TRUE	0.257440139303745
ENSG00000101574	METTL4	3	2	1	2	1	1	-1	0.333333333333333	0.206690439317522	TRUE	-0.14903335071376
ENSG00000101695	RNF125	12	2	10	6	6	0	0	0	0.42946347454882	FALSE	0.0810295272884707
ENSG00000101782	RIOK3	12	2	10	9	3	0	0.6	0.5	0.452733150104176	FALSE	0.100935928734905
ENSG00000101940	WDR13	13	2	11	10	3	-1	0.818181818181818	0.538461538461538	-0.159797114958148	TRUE	-0.41965848912907
ENSG00000102096	PIM2	25	2	23	12	13	0	-0.0434782608695652	-0.04	2.41142256835084	FALSE	2.08356551655131
ENSG00000102144	PGK1	12	5	7	5	7	0.2	-0.428571428571429	-0.166666666666667	2.80511016768125	FALSE	2.48234894457091
ENSG00000102471	NDFIP2	14	2	12	13	1	1	0.833333333333333	0.857142857142857	5.26031244654615	TRUE	4.68798048874766
ENSG00000102575	ACP5	19	2	17	16	3	-1	0.88235294117647	0.68421052631579	-0.310952388581542	TRUE	-0.54533678356333
ENSG00000102580	DNAJC3	30	3	27	23	7	1	0.481481481481481	0.533333333333333	0.264776269844791	TRUE	-0.0858538926066799
ENSG00000102710	SUPT20H	4	2	2	4	0	1	1	1	-0.23139610971811	TRUE	-0.53286062934337
ENSG00000102760	RGCC	9	3	6	3	6	0.333333333333333	-0.666666666666667	-0.333333333333333	0.128228245493272	FALSE	-0.26186961426122
ENSG00000102871	TRADD	6	2	4	4	2	0	0.5	0.333333333333333	-0.763873648533651	FALSE	-1.0996348794681
ENSG00000102879	CORO1A	53	3	50	3	50	1	-1	-0.886792452830189	0.952468789208722	TRUE	0.644167248238339
ENSG00000103145	HCFC1R1	10	3	7	4	6	-1	0.142857142857143	-0.2	0.724529223933246	TRUE	0.36194219709114
ENSG00000103187	COTL1	31	6	25	9	22	-1	-0.28	-0.419354838709677	0.937787059036537	TRUE	0.60704906336572
ENSG00000103257	SLC7A5	10	5	5	6	4	1	-0.6	0.2	3.44378792577385	TRUE	3.10239424599103
ENSG00000103496	STX4	14	2	12	13	1	0	1	0.857142857142857	-0.667366618941229	FALSE	-0.978511765008825
ENSG00000103507	BCKDK	9	2	7	6	3	0	0.428571428571429	0.333333333333333	1.83103798358195	FALSE	1.49570561688029
ENSG00000104325	DECR1	10	2	8	4	6	-1	0	-0.2	1.07259292606127	TRUE	0.743014377530755
ENSG00000104518	GSDMD	8	4	4	3	5	-1	0.5	-0.25	0.212821118931739	TRUE	-0.0665462599562154
ENSG00000104626	ERI1	20	4	16	13	7	1	0.125	0.3	2.04705596949778	TRUE	1.67370971097086
ENSG00000104856	RELB	29	2	27	23	6	1	0.555555555555556	0.586206896551724	0.547686319069162	TRUE	0.219448072281025
ENSG00000104880	ARHGEF18	8	4	4	3	5	-1	0.5	-0.25	-0.861839232436344	TRUE	-1.15867521091704
ENSG00000104907	TRMT1	5	2	3	2	3	0	-0.333333333333333	-0.2	0.508100149721738	FALSE	0.170707998301525
ENSG00000104964	TLE5	12	8	4	3	9	-1	0.5	-0.5	-0.773263029559883	TRUE	-1.08787302284852
ENSG00000105011	ASF1B	9	2	7	2	7	0	-0.714285714285714	-0.555555555555556	5.60587811272008	FALSE	4.90317079772814
ENSG00000105063	PPP6R1	9	2	7	6	3	1	0.142857142857143	0.333333333333333	0.624251210539965	TRUE	0.28844699928979
ENSG00000105122	RASAL3	11	5	6	7	4	0.2	0.333333333333333	0.272727272727273	-1.07876998652702	FALSE	-1.40161703505639
ENSG00000105220	GPI	14	2	12	4	10	0	-0.5	-0.428571428571429	3.30799933903672	FALSE	2.88132321799934
ENSG00000105281	SLC1A5	25	7	18	12	13	1	-0.444444444444444	-0.04	3.73831783107507	TRUE	3.38690195304521
ENSG00000105374	NKG7	27	2	25	3	24	-1	-0.76	-0.777777777777778	3.62588258525996	TRUE	3.24399320025181
ENSG00000105486	LIG1	7	4	3	2	5	-0.5	-0.333333333333333	-0.428571428571429	1.45655056803927	FALSE	1.12127209627435
ENSG00000105676	ARMC6	5	2	3	2	3	-1	0.333333333333333	-0.2	1.87631902090621	TRUE	1.45231606899794
ENSG00000106089	STX1A	7	2	5	7	0	1	1	1	1.12720479293878	TRUE	0.731891281356605
ENSG00000106105	GARS1	8	2	6	3	5	1	-0.666666666666667	-0.25	2.72712470841322	TRUE	2.40873022623412
ENSG00000106460	TMEM106B	16	2	14	10	6	1	0.142857142857143	0.25	-0.424281167428157	TRUE	-0.718601814148614
ENSG00000106546	AHR	8	3	5	4	4	0.333333333333333	-0.2	0	-0.192503510616887	FALSE	-0.456446246111145
ENSG00000106560	GIMAP2	31	2	29	18	13	-1	0.241379310344828	0.161290322580645	-1.46025797593633	TRUE	-1.756278090019
ENSG00000106682	EIF4H	6	2	4	2	4	0	-0.5	-0.333333333333333	1.48546232485113	FALSE	1.15295507859335
ENSG00000106723	SPIN1	24	5	19	18	6	1	0.368421052631579	0.5	-0.78627019098337	TRUE	-1.09248414754526
ENSG00000107099	DOCK8	15	2	13	9	6	1	0.0769230769230769	0.2	-0.611089947976243	TRUE	-0.92115877480287
ENSG00000107140	TESK1	4	2	2	3	1	0	1	0.5	-0.794656801303516	FALSE	-1.05370321584742
ENSG00000107672	NSMCE4A	7	2	5	4	3	1	-0.2	0.142857142857143	0.0143932674345115	TRUE	-0.26918659027399
ENSG00000107968	MAP3K8	12	3	9	12	0	1	1	1	2.90961627954973	TRUE	2.39938335358719
ENSG00000108518	PFN1	31	4	27	2	29	-1	-0.851851851851852	-0.870967741935484	1.75742845083193	TRUE	1.46437794175233
ENSG00000108523	RNF167	29	2	27	17	12	1	0.111111111111111	0.172413793103448	0.39003353059118	TRUE	0.0673596466912301
ENSG00000108578	BLMH	19	2	17	5	14	-1	-0.411764705882353	-0.473684210526316	0.132599294227492	TRUE	-0.170287674371735
ENSG00000108582	CPD	6	5	1	6	0	1	1	1	0.251391601927726	TRUE	-0.0700557748248376
ENSG00000108599	AKAP10	4	2	2	3	1	1	0	0.5	-0.0864332993561057	TRUE	-0.392621470505747
ENSG00000108622	ICAM2	15	3	12	6	9	-1	0	-0.2	-0.429364761862004	TRUE	-0.805007859122089
ENSG00000108654	DDX5	14	2	12	12	2	0	0.833333333333333	0.714285714285714	-1.37947933234609	FALSE	-1.69257774791308
ENSG00000108774	RAB5C	10	2	8	6	4	0	0.25	0.2	-0.512503252841735	FALSE	-0.78180093636265
ENSG00000108798	ABI3	12	3	9	5	7	1	-0.555555555555556	-0.166666666666667	1.69155770865798	TRUE	1.2894692806134
ENSG00000108829	LRRC59	16	2	14	4	12	0	-0.571428571428571	-0.5	2.2592156061583	FALSE	1.87197499420492
ENSG00000108946	PRKAR1A	16	2	14	12	4	1	0.428571428571429	0.5	-0.373179938766691	TRUE	-0.7998931202581
ENSG00000109084	TMEM97	6	3	3	2	4	-0.333333333333333	-0.333333333333333	-0.333333333333333	3.11741833692653	FALSE	2.54274616953625
ENSG00000109220	CHIC2	10	3	7	3	7	-1	-0.142857142857143	-0.4	-1.2079373337195	TRUE	-1.37460945205319
ENSG00000109320	NFKB1	17	3	14	4	13	-0.333333333333333	-0.571428571428571	-0.529411764705882	0.763901141794894	FALSE	0.40369790035774
ENSG00000109572	CLCN3	9	2	7	2	7	1	-1	-0.555555555555556	-0.82790327154352	TRUE	-1.09978225506345
ENSG00000109787	KLF3	17	2	15	8	9	-1	0.0666666666666667	-0.0588235294117647	-2.72090070580741	TRUE	-2.94472090731507
ENSG00000109861	CTSC	19	2	17	17	2	1	0.764705882352941	0.789473684210526	1.05808526462808	TRUE	0.68779389443186
ENSG00000109971	HSPA8	16	3	13	6	10	0.333333333333333	-0.384615384615385	-0.25	1.9711303179219	FALSE	1.61408603671687
ENSG00000110031	LPXN	27	4	23	20	7	1	0.391304347826087	0.481481481481481	-0.490588397229489	TRUE	-0.81313327910617
ENSG00000110367	DDX6	23	2	21	16	7	-1	0.523809523809524	0.391304347826087	-0.273647401060808	TRUE	-0.6017489387701
ENSG00000110711	AIP	14	2	12	5	9	-1	-0.166666666666667	-0.285714285714286	0.520288204011316	TRUE	0.218861158598725
ENSG00000110848	CD69	25	9	16	20	5	0.111111111111111	0.875	0.6	1.2468356844875	FALSE	0.956238484731778
ENSG00000110944	IL23A	8	2	6	3	5	1	-0.666666666666667	-0.25	1.11884291462871	TRUE	0.824803283306445
ENSG00000110955	ATP5F1B	12	2	10	4	8	0	-0.4	-0.333333333333333	1.56479973520788	FALSE	1.22790325810252
ENSG00000111348	ARHGDIB	40	6	34	3	37	-1	-0.823529411764706	-0.85	-0.303931984411089	TRUE	-0.58592605403826
ENSG00000111371	SLC38A1	18	2	16	9	9	1	-0.125	0	-0.594111256244573	TRUE	-0.86704514976429
ENSG00000111424	VDR	17	2	15	13	4	0	0.6	0.529411764705882	5.47435467136531	FALSE	4.83422337144976
ENSG00000111537	IFNG	7	3	4	5	2	1	0	0.428571428571429	6.73968431968454	TRUE	6.30280317536932
ENSG00000111540	RAB5B	15	2	13	12	3	-1	0.846153846153846	0.6	-1.12620214103838	TRUE	-1.35264123472129
ENSG00000111670	GNPTAB	25	5	20	21	4	1	0.6	0.68	-0.270918276584589	TRUE	-0.61528830162623
ENSG00000111674	ENO2	19	3	16	13	6	-1	0.625	0.368421052631579	0.93299804992943	TRUE	0.456209593276075
ENSG00000111678	C12orf57	33	2	31	26	7	1	0.548387096774194	0.575757575757576	0.445020366676972	TRUE	0.0309293367478598
ENSG00000111775	COX6A1	10	3	7	7	3	-0.333333333333333	0.714285714285714	0.4	1.36432840594644	FALSE	1.08425952322225
ENSG00000111790	FGFR1OP2	6	3	3	5	1	1	0.333333333333333	0.666666666666667	-0.350755099480764	TRUE	-0.698764153053275
ENSG00000111801	BTN3A3	18	4	14	7	11	-1	0	-0.222222222222222	-1.74443379833558	TRUE	-2.04237355446072
ENSG00000111859	NEDD9	12	3	9	11	1	0.333333333333333	1	0.833333333333333	1.33776767494034	FALSE	0.974164951901625
ENSG00000111885	MAN1A1	9	4	5	9	0	1	1	1	1.17701770580471	TRUE	0.800474236180465
ENSG00000112079	STK38	15	2	13	3	12	-1	-0.538461538461538	-0.6	-2.28358274636904	TRUE	-2.5704964946983
ENSG00000112118	MCM3	9	2	7	3	6	0	-0.428571428571429	-0.333333333333333	2.80816655608236	FALSE	2.44348003799017
ENSG00000112144	CILK1	4	2	2	3	1	1	0	0.5	-0.388740211005958	TRUE	-0.6116091134564
ENSG00000112195	TREML2	9	2	7	4	5	1	-0.428571428571429	-0.111111111111111	3.37156954669267	TRUE	2.03549205940975
ENSG00000112640	PPP2R5D	7	2	5	5	2	0	0.6	0.428571428571429	0.712225953030806	FALSE	0.389235046744855
ENSG00000112667	DNPH1	21	3	18	2	19	-1	-0.777777777777778	-0.80952380952381	1.05542335456822	TRUE	0.743064178146475
ENSG00000112759	SLC29A1	6	2	4	2	4	-1	0	-0.333333333333333	5.88116131306035	TRUE	4.86761367333396
ENSG00000112972	HMGCS1	18	4	14	12	6	1	0.142857142857143	0.333333333333333	2.1881287985763	TRUE	1.85349471442003
ENSG00000112984	KIF20A	5	3	2	1	4	-1	0	-0.6	7.71955593851153	TRUE	5.67517854513823
ENSG00000113013	HSPA9	10	2	8	4	6	1	-0.5	-0.2	1.90340441898128	TRUE	1.54102774243216
ENSG00000113263	ITK	26	3	23	14	12	0.333333333333333	0.0434782608695652	0.0769230769230769	-0.429531002525847	FALSE	-0.787019477657058
ENSG00000113328	CCNG1	29	4	25	16	13	-1	0.28	0.103448275862069	0.550977608659662	TRUE	0.269767403659655
ENSG00000113368	LMNB1	13	2	11	1	12	0	-1	-0.846153846153846	2.65682539120341	FALSE	2.28795629408095
ENSG00000113460	BRIX1	11	2	9	4	7	0	-0.333333333333333	-0.272727272727273	1.95603689239994	FALSE	1.52262132359391
ENSG00000113552	GNPDA1	17	5	12	8	9	-0.6	0.166666666666667	-0.0588235294117647	1.92135791610214	FALSE	1.52072440300296
ENSG00000113648	MACROH2A1	13	2	11	6	7	1	-0.272727272727273	-0.0769230769230769	0.466595927772766	TRUE	0.129580498038785
ENSG00000113810	SMC4	13	2	11	0	13	-1	-1	-1	1.73900716721488	TRUE	1.44218475750448
ENSG00000114023	FAM162A	10	2	8	3	7	0	-0.5	-0.4	3.12060892457195	FALSE	2.7208874147004
ENSG00000114127	XRN1	16	2	14	13	3	-1	0.857142857142857	0.625	-0.368736451358836	TRUE	-0.671134344328583
ENSG00000114346	ECT2	6	3	3	2	4	-0.333333333333333	-0.333333333333333	-0.333333333333333	3.97591074799595	FALSE	3.31946421329103
ENSG00000114446	IFT57	26	3	23	24	2	1	0.826086956521739	0.846153846153846	0.45157758948177	TRUE	0.153227557366088
ENSG00000114541	FRMD4B	18	2	16	9	9	1	-0.125	0	2.27787562373338	TRUE	1.82645013963708
ENSG00000114735	HEMK1	18	2	16	4	14	1	-0.75	-0.555555555555556	1.70816581815548	TRUE	1.34350766398121
ENSG00000114850	SSR3	53	2	51	24	29	1	-0.137254901960784	-0.0943396226415094	0.667350409463581	TRUE	0.348110528883248
ENSG00000114867	EIF4G1	5	3	2	4	1	1	0	0.6	1.64258249976737	TRUE	1.28942552266007
ENSG00000115020	PIKFYVE	4	2	2	4	0	1	1	1	-0.922827323670676	TRUE	-1.18611044908678
ENSG00000115165	CYTIP	42	3	39	26	16	1	0.17948717948718	0.238095238095238	0.913539932768855	TRUE	0.561001088951476
ENSG00000115170	ACVR1	10	2	8	7	3	-1	0.75	0.4	0.0658546948569727	TRUE	-0.222760253540015
ENSG00000115523	GNLY	50	3	47	16	34	-1	-0.319148936170213	-0.36	-0.168415240952418	TRUE	-0.376476539337165
ENSG00000115541	HSPE1	22	2	20	5	17	1	-0.7	-0.545454545454545	2.72639465158153	TRUE	2.38819941593669
ENSG00000115548	KDM3A	16	3	13	8	8	-1	0.230769230769231	0	-0.320173189775371	TRUE	-0.529579128645651
ENSG00000115758	ODC1	12	2	10	5	7	1	-0.4	-0.166666666666667	2.62788930377669	TRUE	2.23822182012125
ENSG00000115935	WIPF1	16	2	14	10	6	0	0.285714285714286	0.25	-1.58516983430334	FALSE	-1.87865185596649
ENSG00000115944	COX7A2L	12	3	9	4	8	0.333333333333333	-0.555555555555556	-0.333333333333333	0.726317009261985	FALSE	0.425881493108405
ENSG00000116406	EDEM3	12	2	10	9	3	1	0.4	0.5	-1.43387433009095	TRUE	-1.7006096802719
ENSG00000116560	SFPQ	7	3	4	4	3	1	-0.5	0.142857142857143	0.635207352942139	TRUE	0.266913975909536
ENSG00000116649	SRM	14	2	12	5	9	1	-0.5	-0.285714285714286	2.38426222920414	TRUE	2.0135694188937
ENSG00000116679	IVNS1ABP	23	3	20	11	12	1	-0.2	-0.0434782608695652	0.218717280345012	TRUE	-0.0253740070998347
ENSG00000116824	CD2	32	4	28	23	9	0	0.5	0.4375	0.45998743014511	FALSE	0.156880814738995
ENSG00000116852	KIF21B	25	6	19	4	21	0	-0.894736842105263	-0.68	-0.165135217686989	FALSE	-0.424960343953635
ENSG00000116922	C1orf109	7	2	5	6	1	1	0.6	0.714285714285714	0.645461420955347	TRUE	0.32906775486602
ENSG00000117090	SLAMF1	14	2	12	9	5	1	0.166666666666667	0.285714285714286	1.46064599262727	TRUE	1.11319024551035
ENSG00000117091	CD48	39	2	37	17	22	0	-0.135135135135135	-0.128205128205128	-0.0992423988578208	FALSE	-0.385239722028705
ENSG00000117280	RAB29	6	2	4	3	3	-1	0.5	0	-0.156819066816833	TRUE	-0.43758582751536
ENSG00000117362	APH1A	6	2	4	4	2	0	0.5	0.333333333333333	0.232882038656654	FALSE	-0.0793929578698802
ENSG00000117500	TMED5	16	3	13	14	2	1	0.692307692307692	0.75	-0.0788623446593597	TRUE	-0.443183910775735
ENSG00000117632	STMN1	7	2	5	0	7	-1	-1	-1	3.58335000541421	TRUE	3.2308371527366
ENSG00000117650	NEK2	4	3	1	0	4	-1	-1	-1	7.06980994989103	TRUE	5.0739220537714
ENSG00000117724	CENPF	7	4	3	1	6	-1	-0.333333333333333	-0.714285714285714	4.35761492549024	TRUE	3.63067312195933
ENSG00000118503	TNFAIP3	19	4	15	17	2	1	0.733333333333333	0.789473684210526	-0.159723234632946	TRUE	-0.45888915856922
ENSG00000118564	FBXL5	9	3	6	8	1	1	0.666666666666667	0.777777777777778	-1.19788166343898	TRUE	-1.5588229485061
ENSG00000118640	VAMP8	10	2	8	8	2	0	0.75	0.6	0.337131286086769	FALSE	0.00148495015009953
ENSG00000119013	NDUFB3	19	3	16	11	8	1	0	0.157894736842105	1.73702864775981	TRUE	1.44581734075902
ENSG00000119138	KLF9	7	3	4	6	1	1	0.5	0.714285714285714	0.640345792903974	TRUE	0.32661073889758
ENSG00000119185	ITGB1BP1	4	2	2	2	2	1	-1	0	1.36493865451757	TRUE	0.986808737374528
ENSG00000119314	PTBP3	9	2	7	4	5	0	-0.142857142857143	-0.111111111111111	-0.363337051085163	FALSE	-0.7129936792626
ENSG00000119403	PHF19	17	3	14	2	15	-0.333333333333333	-0.857142857142857	-0.764705882352941	0.270846331769576	FALSE	-0.0442756920681298
ENSG00000119471	HSDL2	11	2	9	9	2	0	0.777777777777778	0.636363636363636	1.48021930576026	FALSE	1.17969962343571
ENSG00000119537	KDSR	13	3	10	7	6	-1	0.4	0.0769230769230769	0.396653087263488	TRUE	0.0218456198535053
ENSG00000119655	NPC2	30	3	27	25	5	-0.333333333333333	0.777777777777778	0.666666666666667	-0.33003188758599	FALSE	-0.61670558760122
ENSG00000119714	GPR68	13	2	11	6	7	1	-0.272727272727273	-0.0769230769230769	-0.36478514049444	TRUE	-0.643603356280635
ENSG00000119782	FKBP1B	6	2	4	3	3	-1	0.5	0	0.45579743319912	TRUE	0.10297990470946
ENSG00000119820	YIPF4	7	2	5	4	3	-1	0.6	0.142857142857143	-0.614636959265847	TRUE	-0.866945274462745
ENSG00000119917	IFIT3	6	2	4	5	1	1	0.5	0.666666666666667	2.69914174684058	TRUE	2.18266934003537
ENSG00000120265	PCMT1	11	2	9	4	7	1	-0.555555555555556	-0.272727272727273	1.13800800987273	TRUE	0.792790856541225
ENSG00000120437	ACAT2	19	3	16	6	13	-1	-0.25	-0.368421052631579	1.87540659987194	TRUE	1.51735059965045
ENSG00000120438	TCP1	23	2	21	6	17	1	-0.619047619047619	-0.478260869565217	2.0416288827467	TRUE	1.75483753351068
ENSG00000120686	UFM1	26	3	23	24	2	1	0.826086956521739	0.846153846153846	0.133772466353794	TRUE	-0.250733185108895
ENSG00000120694	HSPH1	17	4	13	7	10	1	-0.538461538461538	-0.176470588235294	1.59456015335958	TRUE	1.17551338920934
ENSG00000120833	SOCS2	28	2	26	14	14	-1	0.0769230769230769	0	2.21592315374744	TRUE	1.59798605132614
ENSG00000120875	DUSP4	14	3	11	11	3	1	0.454545454545455	0.571428571428571	2.09886004111177	TRUE	1.77939703623871
ENSG00000121064	SCPEP1	11	3	8	8	3	1	0.25	0.454545454545455	1.00362645277432	TRUE	0.637481720534372
ENSG00000121152	NCAPH	6	3	3	1	5	-1	-0.333333333333333	-0.666666666666667	3.10888681480457	TRUE	2.70499980486915
ENSG00000121350	PYROXD1	9	2	7	5	4	1	-0.142857142857143	0.111111111111111	0.461016351452566	TRUE	0.14255112244464
ENSG00000121858	TNFSF10	33	3	30	27	6	1	0.6	0.636363636363636	0.0931257013416631	TRUE	-0.29543091831304
ENSG00000121895	TMEM156	9	2	7	5	4	1	-0.142857142857143	0.111111111111111	1.59465136871342	TRUE	1.20517022593126
ENSG00000121957	GPSM2	5	3	2	1	4	-1	0	-0.6	2.21025823309911	TRUE	1.39856380430027
ENSG00000121966	CXCR4	28	4	24	20	8	-0.5	0.583333333333333	0.428571428571429	-2.65844349237804	FALSE	-2.87133817203806
ENSG00000122034	GTF3A	16	2	14	6	10	0	-0.285714285714286	-0.25	-0.00887068945264202	FALSE	-0.298108659349625
ENSG00000122566	HNRNPA2B1	23	3	20	4	19	-0.333333333333333	-0.7	-0.652173913043478	1.53623996239521	FALSE	1.25519719140129
ENSG00000122862	SRGN	33	9	24	29	4	0.777777777777778	0.75	0.757575757575758	1.04102399543335	FALSE	0.695372997165175
ENSG00000122884	P4HA1	11	4	7	11	0	1	1	1	2.3963462020516	TRUE	2.10609606416239
ENSG00000122966	CIT	6	2	4	1	5	-1	-0.5	-0.666666666666667	4.27276166155843	TRUE	2.85495164029232
ENSG00000123080	CDKN2C	11	3	8	4	7	-1	0	-0.272727272727273	0.235879261590852	TRUE	-0.05590148676847
ENSG00000123136	DDX39A	25	2	23	4	21	0	-0.739130434782609	-0.68	1.02737421760562	FALSE	0.682061782125255
ENSG00000123213	NLN	7	2	5	1	6	0	-1	-0.714285714285714	4.36066160954283	FALSE	2.8761468913457
ENSG00000123374	CDK2	8	3	5	5	3	-0.333333333333333	0.6	0.25	2.58957221289982	FALSE	2.27604666236175
ENSG00000123908	AGO2	14	2	12	7	7	0	0	0	0.545014535789553	FALSE	0.225823770107873
ENSG00000124151	NCOA3	19	3	16	17	2	1	0.75	0.789473684210526	0.432778163813702	TRUE	0.0887487521199697
ENSG00000124226	RNF114	7	3	4	4	3	-0.333333333333333	0.5	0.142857142857143	-0.394128106453911	FALSE	-0.696461393044344
ENSG00000124562	SNRPC	14	2	12	6	8	0	-0.166666666666667	-0.142857142857143	1.84522501827124	FALSE	1.48069074331166
ENSG00000124795	DEK	7	2	5	1	6	-1	-0.6	-0.714285714285714	0.490925616184632	TRUE	0.15255758831288
ENSG00000125124	BBS2	12	2	10	10	2	-1	1	0.666666666666667	-1.74139435098649	TRUE	-1.90413871868705
ENSG00000125148	MT2A	19	2	17	7	12	-1	-0.176470588235294	-0.263157894736842	2.22475845099574	TRUE	1.85452502812202
ENSG00000125166	GOT2	13	2	11	4	9	0	-0.454545454545455	-0.384615384615385	1.95127994124672	FALSE	1.62829955683914
ENSG00000125347	IRF1	10	3	7	6	4	-1	0.714285714285714	0.2	-0.207680296965235	TRUE	-0.44089550062793
ENSG00000125384	PTGER2	40	4	36	17	23	0.5	-0.222222222222222	-0.15	-0.903454876270942	FALSE	-1.10783356359983
ENSG00000125447	GGA3	5	2	3	3	2	-1	1	0.2	-0.305977842742889	TRUE	-0.546757223780095
ENSG00000125505	MBOAT7	13	3	10	9	4	1	0.2	0.384615384615385	0.442086031520661	TRUE	0.160759825263045
ENSG00000125629	INSIG2	7	3	4	3	4	1	-1	-0.142857142857143	2.96126136005735	TRUE	2.59259658365316
ENSG00000125637	PSD4	15	2	13	13	2	1	0.692307692307692	0.733333333333333	1.59976609357109	TRUE	1.3385317554812
ENSG00000125734	GPR108	14	7	7	13	1	1	0.714285714285714	0.857142857142857	0.0328260963878084	TRUE	-0.299331898090025
ENSG00000125735	TNFSF14	6	5	1	5	1	1	-1	0.666666666666667	2.69654626915255	TRUE	2.30061075485785
ENSG00000125753	VASP	19	2	17	16	3	1	0.647058823529412	0.68421052631579	1.04549982987833	TRUE	0.73184508570877
ENSG00000125827	TMX4	20	2	18	13	7	0	0.333333333333333	0.3	-0.844756197465967	FALSE	-1.15423819646844
ENSG00000125870	SNRPB2	16	4	12	7	9	1	-0.5	-0.125	1.57919349994116	TRUE	1.25141684261222
ENSG00000125871	MGME1	12	2	10	9	3	0	0.6	0.5	1.51299100033825	FALSE	1.11999281360561
ENSG00000125885	MCM8	5	2	3	1	4	0	-1	-0.6	2.70759507087513	FALSE	2.28679014536496
ENSG00000125967	NECAB3	4	2	2	0	4	-1	-1	-1	-0.776305528036209	TRUE	-0.96733901479015
ENSG00000125991	ERGIC3	20	2	18	13	7	-1	0.444444444444444	0.3	-0.110476434358074	TRUE	-0.403536678243885
ENSG00000125995	ROMO1	29	3	26	20	9	0.333333333333333	0.384615384615385	0.379310344827586	1.50679583845506	FALSE	1.19896494556753
ENSG00000126243	LRFN3	6	2	4	4	2	-1	1	0.333333333333333	-0.493626266724184	TRUE	-0.763776221958752
ENSG00000126246	IGFLR1	23	3	20	21	2	1	0.8	0.826086956521739	-1.18682918997795	TRUE	-1.35096340475623
ENSG00000126264	HCST	19	3	16	15	4	1	0.5	0.578947368421053	0.517819149902621	TRUE	0.26176760295451
ENSG00000126353	CCR7	12	6	6	5	7	-1	0.666666666666667	-0.166666666666667	-0.334998551270462	TRUE	-0.614320978193925
ENSG00000126602	TRAP1	15	2	13	4	11	0	-0.538461538461538	-0.466666666666667	2.5789921999907	FALSE	2.15962377502825
ENSG00000126756	UXT	31	6	25	13	18	-0.666666666666667	-0.04	-0.161290322580645	0.151583247743049	FALSE	-0.103045673152725
ENSG00000126860	EVI2A	26	2	24	19	7	0	0.5	0.461538461538462	-2.66940914416882	FALSE	-2.9358685540104
ENSG00000127124	HIVEP3	7	2	5	6	1	1	0.6	0.714285714285714	3.32401440562313	TRUE	2.57676998383925
ENSG00000127824	TUBA4A	22	2	20	7	15	0	-0.4	-0.363636363636364	1.85486133071772	FALSE	1.53736979486535
ENSG00000128228	SDF2L1	26	2	24	11	15	1	-0.25	-0.153846153846154	1.217086486466	TRUE	0.882662711384825
ENSG00000128271	ADORA2A	15	5	10	10	5	1	0	0.333333333333333	0.471974207612308	TRUE	0.109237994663597
ENSG00000128272	ATF4	22	2	20	10	12	1	-0.2	-0.0909090909090909	0.302370953614095	TRUE	-0.0463883341866547
ENSG00000128284	APOL3	9	4	5	3	6	-1	0.2	-0.333333333333333	-0.540426932599238	TRUE	-0.849930574949395
ENSG00000128590	DNAJB9	19	2	17	12	7	1	0.176470588235294	0.263157894736842	-0.287033620563638	TRUE	-0.565224790984648
ENSG00000128595	CALU	21	4	17	16	5	1	0.411764705882353	0.523809523809524	1.39519046270987	TRUE	1.12602616084942
ENSG00000128641	MYO1B	8	2	6	8	0	1	1	1	6.94909842639894	TRUE	3.70375240801753
ENSG00000128965	CHAC1	10	9	1	9	1	1	-1	0.8	4.34255181499944	TRUE	2.48831579740018
ENSG00000129226	CD68	13	5	8	12	1	1	0.75	0.846153846153846	0.762524096467625	TRUE	0.0518842977982733
ENSG00000129347	KRI1	9	2	7	4	5	-1	0.142857142857143	-0.111111111111111	0.392590872919994	TRUE	-0.00297869102675552
ENSG00000129625	REEP5	14	2	12	10	4	0	0.5	0.428571428571429	-0.0872951657447643	FALSE	-0.359176454396915
ENSG00000129667	RHBDF2	7	2	5	4	3	-1	0.6	0.142857142857143	-1.04623548666566	TRUE	-1.19398734414142
ENSG00000129675	ARHGEF6	11	2	9	7	4	1	0.111111111111111	0.272727272727273	-0.237473918932425	TRUE	-0.539257582635885
ENSG00000130204	TOMM40	6	3	3	4	2	1	-0.333333333333333	0.333333333333333	1.90326211202358	TRUE	1.48112852289817
ENSG00000130340	SNX9	7	4	3	6	1	1	0.333333333333333	0.714285714285714	0.816434602817402	TRUE	0.37717340828117
ENSG00000130522	JUND	32	2	30	17	15	-1	0.133333333333333	0.0625	0.692377865448129	TRUE	0.346919075903477
ENSG00000130707	ASS1	10	2	8	10	0	1	1	1	5.35917591861649	TRUE	0.818543529371521
ENSG00000130717	UCK1	9	2	7	6	3	-1	0.714285714285714	0.333333333333333	-0.330938897587	TRUE	-0.58688754411237
ENSG00000130731	METTL26	11	2	9	5	6	-1	0.111111111111111	-0.0909090909090909	0.79355916139315	TRUE	0.470241855202155
ENSG00000130766	SESN2	11	6	5	10	1	1	0.6	0.818181818181818	1.71893816191704	TRUE	1.32568504105026
ENSG00000130826	DKC1	8	2	6	2	6	1	-1	-0.5	1.8679911840363	TRUE	1.51284822800434
ENSG00000131238	PPT1	21	3	18	17	4	-1	0.888888888888889	0.619047619047619	0.756438204672528	TRUE	0.40770486900894
ENSG00000131323	TRAF3	7	2	5	3	4	1	-0.6	-0.142857142857143	0.908507451230985	TRUE	0.565318372448035
ENSG00000131370	SH3BP5	20	5	15	5	15	-1	-0.333333333333333	-0.5	1.17767325786219	TRUE	0.85925078451306
ENSG00000131437	KIF3A	22	2	20	22	0	1	1	1	-0.188577717631675	TRUE	-0.496784482118553
ENSG00000131495	NDUFA2	15	2	13	12	3	-1	0.846153846153846	0.6	0.912912099620561	TRUE	0.634901090163327
ENSG00000131507	NDFIP1	18	2	16	10	8	1	0	0.111111111111111	0.667323324908547	TRUE	0.28056754621805
ENSG00000131747	TOP2A	12	4	8	2	10	-1	-0.5	-0.666666666666667	6.1813435958948	TRUE	5.67379065860733
ENSG00000131966	ACTR10	4	3	1	3	1	1	-1	0.5	-0.180921121772506	TRUE	-0.51368658881622
ENSG00000131981	LGALS3	28	2	26	18	10	-1	0.384615384615385	0.285714285714286	-1.00345856404895	TRUE	-1.31187619941714
ENSG00000132256	TRIM5	14	2	12	12	2	-1	1	0.714285714285714	-0.06605961949316	TRUE	-0.41653905972417
ENSG00000132274	TRIM22	35	7	28	26	9	-1	0.857142857142857	0.485714285714286	-1.69041886667336	TRUE	-2.04784195760405
ENSG00000132330	SCLY	10	2	8	8	2	1	0.5	0.6	0.799229724116004	TRUE	0.30999195777445
ENSG00000132388	UBE2G1	12	2	10	12	0	1	1	1	0.131470230652953	TRUE	-0.230602528714245
ENSG00000132485	ZRANB2	6	2	4	5	1	1	0.5	0.666666666666667	0.0338374848665386	TRUE	-0.30261377096538
ENSG00000132530	XAF1	13	2	11	10	3	0	0.636363636363636	0.538461538461538	-1.8789738236398	FALSE	-2.11365568048621
ENSG00000132646	PCNA	7	2	5	2	5	-1	-0.2	-0.428571428571429	3.75003969959131	TRUE	3.39967582736042
ENSG00000132819	RBM38	9	4	5	9	0	1	1	1	0.311538750791824	TRUE	-0.00452236981230003
ENSG00000133059	DSTYK	12	3	9	8	4	0.333333333333333	0.333333333333333	0.333333333333333	-0.400138467231208	FALSE	-0.6791065747999
ENSG00000133574	GIMAP4	34	2	32	13	21	0	-0.25	-0.235294117647059	-0.894031844447475	FALSE	-1.23453726761295
ENSG00000133606	MKRN1	8	3	5	5	3	-1	1	0.25	0.263760743504832	TRUE	-0.0627749075788748
ENSG00000133639	BTG1	22	3	19	11	11	-1	0.157894736842105	0	-1.38775495843867	TRUE	-1.69133851277907
ENSG00000133773	CCDC59	8	2	6	3	5	0	-0.333333333333333	-0.25	0.653380360579948	FALSE	0.282145243573335
ENSG00000133816	MICAL2	25	6	19	20	5	1	0.473684210526316	0.6	2.51650064780855	TRUE	1.97084408008101
ENSG00000133874	RNF122	4	2	2	4	0	1	1	1	1.18672627364311	TRUE	0.890784251321665
ENSG00000134013	LOXL2	3	2	1	1	2	-1	1	-0.333333333333333	-1.82838299602521	TRUE	-1.16241860167944
ENSG00000134109	EDEM1	28	6	22	22	6	1	0.454545454545455	0.571428571428571	0.390177277657985	TRUE	0.0412355484703353
ENSG00000134242	PTPN22	17	7	10	16	1	1	0.8	0.88235294117647	0.0413224903497569	TRUE	-0.249628574176887
ENSG00000134262	AP4B1	4	3	1	3	1	1	-1	0.5	0.109614173183674	TRUE	-0.236468382206723
ENSG00000134294	SLC38A2	18	8	10	12	6	1	-0.2	0.333333333333333	-0.343778765211145	TRUE	-0.652526649092846
ENSG00000134440	NARS1	23	5	18	8	15	1	-0.666666666666667	-0.304347826086957	0.664846827477423	TRUE	0.377258192197415
ENSG00000134453	RBM17	9	2	7	2	7	0	-0.714285714285714	-0.555555555555556	0.867840743960705	FALSE	0.56740729265368
ENSG00000134460	IL2RA	32	11	21	25	7	1	0.333333333333333	0.5625	5.2268085290989	TRUE	4.8365815116382
ENSG00000134531	EMP1	10	2	8	7	3	1	0.25	0.4	4.24352208243376	TRUE	3.26376451425791
ENSG00000134574	DDB2	25	2	23	17	8	-1	0.478260869565217	0.36	0.850380264950354	TRUE	0.549747069758615
ENSG00000134594	RAB33A	12	2	10	10	2	1	0.6	0.666666666666667	1.86087697446736	TRUE	1.50576378417292
ENSG00000134690	CDCA8	4	2	2	0	4	-1	-1	-1	5.62294723820935	TRUE	4.93043832824172
ENSG00000134802	SLC43A3	13	2	11	7	6	1	-0.0909090909090909	0.0769230769230769	4.69566143870727	TRUE	4.32875190319384
ENSG00000134809	TIMM10	14	2	12	2	12	1	-1	-0.714285714285714	1.68965701379582	TRUE	1.43286191714781
ENSG00000134897	BIVM	10	2	8	9	1	1	0.75	0.8	0.945835816279616	TRUE	0.569938220578615
ENSG00000134954	ETS1	47	2	45	5	42	0	-0.822222222222222	-0.787234042553192	-0.398528565555892	FALSE	-0.723358712214235
ENSG00000135069	PSAT1	24	6	18	7	17	1	-0.888888888888889	-0.416666666666667	4.16422689457068	TRUE	3.7215133021835
ENSG00000135148	TRAFD1	14	2	12	14	0	1	1	1	0.961362527694607	TRUE	0.634641111082785
ENSG00000135269	TES	15	5	10	5	10	1	-1	-0.333333333333333	-0.364387915400756	TRUE	-0.73699732900966
ENSG00000135272	MDFIC	14	3	11	9	5	0.333333333333333	0.272727272727273	0.285714285714286	0.470190270505026	FALSE	0.159317108508725
ENSG00000135390	ATP5MC2	13	2	11	4	9	-1	-0.272727272727273	-0.384615384615385	1.09356179921714	TRUE	0.808705278828015
ENSG00000135426	TESPA1	18	4	14	10	8	-1	0.428571428571429	0.111111111111111	-1.16733307925427	TRUE	-1.49357525434616
ENSG00000135473	PAN2	8	3	5	3	5	-1	0.2	-0.25	-0.822229022152542	TRUE	-1.09494019452471
ENSG00000135722	FBXL8	17	7	10	9	8	-1	0.8	0.0588235294117647	0.314400147585205	TRUE	-0.056450519915775
ENSG00000135821	GLUL	18	4	14	2	16	-1	-0.714285714285714	-0.777777777777778	0.459402917070431	TRUE	0.0222984180702648
ENSG00000135829	DHX9	5	2	3	2	3	1	-1	-0.2	0.500991015308454	TRUE	0.1002029087186
ENSG00000135842	NIBAN1	10	3	7	3	7	-1	-0.142857142857143	-0.4	-1.96454654560463	TRUE	-2.22466699729051
ENSG00000135905	DOCK10	18	4	14	14	4	0.5	0.571428571428571	0.555555555555556	0.204198108078631	FALSE	-0.10150453158056
ENSG00000135926	TMBIM1	11	3	8	7	4	-1	0.75	0.272727272727273	-0.754911535917818	TRUE	-1.02162987756831
ENSG00000135930	EIF4E2	6	2	4	3	3	1	-0.5	0	0.131901769255266	TRUE	-0.181268200379075
ENSG00000135932	CAB39	24	2	22	9	15	0	-0.272727272727273	-0.25	0.687619909700366	FALSE	0.328736078965425
ENSG00000136286	MYO1G	35	7	28	13	22	-0.428571428571429	-0.214285714285714	-0.257142857142857	2.15805960828715	FALSE	1.70841849924088
ENSG00000136436	CALCOCO2	23	4	19	16	7	0.5	0.368421052631579	0.391304347826087	-0.408037449372234	FALSE	-0.77943613818456
ENSG00000136802	LRRC8A	8	2	6	5	3	-1	0.666666666666667	0.25	-0.00410219145026502	TRUE	-0.31498992638014
ENSG00000136819	C9orf78	14	2	12	7	7	1	-0.166666666666667	0	-0.693265224249731	TRUE	-0.98261310679183
ENSG00000136824	SMC2	10	2	8	1	9	-1	-0.75	-0.8	3.10177633740747	TRUE	2.71259861590795
ENSG00000136888	ATP6V1G1	8	3	5	6	2	0.333333333333333	0.6	0.5	-1.36438202507384	FALSE	-1.63279635038315
ENSG00000136997	MYC	23	3	20	3	20	0.333333333333333	-0.9	-0.739130434782609	2.39408873517727	FALSE	2.0145602564503
ENSG00000137265	IRF4	4	2	2	2	2	0	0	0	5.03610346589812	FALSE	4.65471334950852
ENSG00000137310	TCF19	10	3	7	3	7	0.333333333333333	-0.714285714285714	-0.4	3.36787613019587	FALSE	2.96688654748738
ENSG00000137331	IER3	16	3	13	8	8	1	-0.230769230769231	0	4.76416143233968	TRUE	4.24429590879373
ENSG00000137575	SDCBP	12	6	6	9	3	1	0	0.5	-0.347040656173296	TRUE	-0.69012261031269
ENSG00000137804	NUSAP1	15	6	9	4	11	-1	-0.111111111111111	-0.466666666666667	5.02295630932456	TRUE	4.63163724453937
ENSG00000138036	DYNC2LI1	8	2	6	6	2	1	0.333333333333333	0.5	1.63391291802517	TRUE	1.13705072441968
ENSG00000138095	LRPPRC	8	2	6	1	7	0	-1	-0.75	2.03514697719106	FALSE	1.7386627950922
ENSG00000138119	MYOF	10	2	8	6	4	1	0	0.2	6.45358756812755	TRUE	4.99451386724318
ENSG00000138166	DUSP5	26	2	24	23	3	0	0.833333333333333	0.769230769230769	3.5461387294648	FALSE	3.1249502737119
ENSG00000138180	CEP55	15	3	12	0	15	-1	-1	-1	7.46954758214358	TRUE	6.29010264370345
ENSG00000138378	STAT4	24	3	21	19	5	1	0.523809523809524	0.583333333333333	-1.33688350129525	TRUE	-1.66170736156724
ENSG00000138413	IDH1	22	2	20	20	2	1	0.8	0.818181818181818	0.565533318892	TRUE	0.28901277147843
ENSG00000138496	PARP9	12	2	10	7	5	-1	0.4	0.166666666666667	0.852663972317767	TRUE	0.5089251375331
ENSG00000138778	CENPE	7	2	5	0	7	-1	-1	-1	5.00582153129155	TRUE	3.90412657499613
ENSG00000138821	SLC39A8	22	2	20	6	16	-1	-0.4	-0.454545454545455	1.42305010801871	TRUE	1.11612314000021
ENSG00000139182	CLSTN3	14	4	10	13	1	1	0.8	0.857142857142857	-0.77075410111265	TRUE	-1.04733287998274
ENSG00000139218	SCAF11	8	2	6	2	6	-1	-0.333333333333333	-0.5	-0.56885285573208	TRUE	-0.88090182902403
ENSG00000139289	PHLDA1	21	2	19	14	7	0	0.368421052631579	0.333333333333333	-1.25870319140893	FALSE	-1.56714880855206
ENSG00000139318	DUSP6	11	7	4	9	2	1	0	0.636363636363636	3.94805854585712	TRUE	3.24256889875427
ENSG00000139323	POC1B	10	2	8	8	2	1	0.5	0.6	1.63256056050188	TRUE	1.22083575269991
ENSG00000139428	MMAB	6	2	4	0	6	-1	-1	-1	1.48775581637248	TRUE	1.0216565743445
ENSG00000139505	MTMR6	4	2	2	2	2	1	-1	0	-0.308924668328909	TRUE	-0.663043270326735
ENSG00000139514	SLC7A1	17	3	14	6	11	1	-0.571428571428571	-0.294117647058824	2.36671593725731	TRUE	1.99398528830889
ENSG00000139626	ITGB7	22	4	18	12	10	1	-0.111111111111111	0.0909090909090909	-0.995122583694078	TRUE	-1.27586173628226
ENSG00000139641	ESYT1	21	3	18	9	12	-0.333333333333333	-0.111111111111111	-0.142857142857143	0.339855747762595	FALSE	0.0540582650396648
ENSG00000139644	TMBIM6	11	4	7	10	1	1	0.714285714285714	0.818181818181818	0.0325652650211561	TRUE	-0.275570621276074
ENSG00000139714	MORN3	6	2	4	4	2	-1	1	0.333333333333333	-1.30743184543723	TRUE	-1.39631889112532
ENSG00000139725	RHOF	12	7	5	4	8	-0.714285714285714	0.2	-0.333333333333333	0.927683155672337	FALSE	0.57532036896559
ENSG00000139842	CUL4A	6	2	4	2	4	1	-1	-0.333333333333333	0.427550924343343	TRUE	0.11579491117956
ENSG00000140030	GPR65	17	4	13	10	7	1	-0.0769230769230769	0.176470588235294	-0.0555830913113997	TRUE	-0.378254898905845
ENSG00000140105	WARS1	15	3	12	7	8	1	-0.333333333333333	-0.0666666666666667	4.43742041733363	TRUE	4.03728512534419
ENSG00000140157	NIPA2	5	2	3	4	1	1	0.333333333333333	0.6	1.06956986525496	TRUE	0.76643624476137
ENSG00000140379	BCL2A1	4	2	2	3	1	1	0	0.5	3.00897269569355	TRUE	2.73199351828624
ENSG00000140511	HAPLN3	24	8	16	10	14	-1	0.25	-0.166666666666667	-0.0988344476912708	TRUE	-0.400888981000412
ENSG00000140525	FANCI	12	5	7	2	10	-1	-0.428571428571429	-0.666666666666667	3.62621849305224	TRUE	3.25472875839861
ENSG00000140545	MFGE8	8	2	6	5	3	-1	0.666666666666667	0.25	-2.35005617385657	TRUE	-2.41860247909516
ENSG00000140564	FURIN	25	4	21	10	15	0	-0.238095238095238	-0.2	3.42079555581589	FALSE	3.18980303018262
ENSG00000140678	ITGAX	29	2	27	16	13	0	0.111111111111111	0.103448275862069	2.20377604022843	FALSE	1.41397692632079
ENSG00000140941	MAP1LC3B	11	4	7	7	4	0.5	0.142857142857143	0.272727272727273	-0.00809550248075386	FALSE	-0.302025815332422
ENSG00000141027	NCOR1	7	2	5	4	3	0	0.2	0.142857142857143	-0.126229190034863	FALSE	-0.39279751252253
ENSG00000141127	PRPSAP2	9	3	6	5	4	1	-0.333333333333333	0.111111111111111	0.933203728864872	TRUE	0.585711477279805
ENSG00000141258	SGSM2	6	2	4	3	3	-1	0.5	0	-2.15704361042218	TRUE	-2.34060546444347
ENSG00000141378	PTRH2	4	2	2	3	1	0	1	0.5	2.29983364653728	FALSE	1.89017693095187
ENSG00000141480	ARRB2	13	2	11	4	9	-1	-0.272727272727273	-0.384615384615385	-0.53078942645624	TRUE	-0.835930755883535
ENSG00000141510	TP53	24	3	21	6	18	-1	-0.428571428571429	-0.5	1.33232420192656	TRUE	0.965568399952515
ENSG00000141522	ARHGDIA	13	2	11	4	9	0	-0.454545454545455	-0.384615384615385	0.925714937832403	FALSE	0.60443770017113
ENSG00000141526	SLC16A3	20	2	18	17	3	1	0.666666666666667	0.7	3.20521039716847	TRUE	2.7131246093925
ENSG00000141551	CSNK1D	8	2	6	5	3	0	0.333333333333333	0.25	-0.840994691350388	FALSE	-1.08421574285022
ENSG00000141552	ANAPC11	24	2	22	14	10	-1	0.272727272727273	0.166666666666667	1.38031327218258	TRUE	1.12204253525255
ENSG00000141682	PMAIP1	12	6	6	9	3	1	0	0.5	3.24949538595569	TRUE	2.82244013383932
ENSG00000141753	IGFBP4	10	2	8	6	4	-1	0.5	0.2	1.32951721345182	TRUE	1.07811202836828
ENSG00000142227	EMP3	27	7	20	16	11	-0.714285714285714	0.5	0.185185185185185	-0.424326185702744	FALSE	-0.73486423078534
ENSG00000142252	GEMIN7	5	2	3	3	2	0	0.333333333333333	0.2	2.09951359093917	FALSE	1.65491600533013
ENSG00000142347	MYO1F	18	3	15	2	16	-1	-0.733333333333333	-0.777777777777778	-1.82948130075564	TRUE	-2.12606547620101
ENSG00000142546	NOSIP	12	2	10	3	9	-1	-0.4	-0.5	-0.30074593637252	TRUE	-0.592421665141455
ENSG00000142599	RERE	11	2	9	10	1	1	0.777777777777778	0.818181818181818	-0.663310182514177	TRUE	-0.916129509752025
ENSG00000142731	PLK4	4	2	2	1	3	0	-1	-0.5	4.2812700271096	FALSE	3.75272440823512
ENSG00000142765	SYTL1	15	2	13	8	7	1	-0.0769230769230769	0.0666666666666667	-1.7937506075866	TRUE	-2.04719321549423
ENSG00000142864	SERBP1	18	2	16	2	16	0	-0.875	-0.777777777777778	1.83222974716056	FALSE	1.45347641583776
ENSG00000143119	CD53	13	2	11	7	6	1	-0.0909090909090909	0.0769230769230769	-0.177526999040793	TRUE	-0.497300430710986
ENSG00000143228	NUF2	6	2	4	2	4	0	-0.5	-0.333333333333333	5.60156320394904	FALSE	4.676370128551
ENSG00000143256	PFDN2	15	2	13	6	9	1	-0.384615384615385	-0.2	1.61112536448041	TRUE	1.26201108812766
ENSG00000143401	ANP32E	32	2	30	8	24	1	-0.6	-0.5	2.57503269563706	TRUE	2.188386436895
ENSG00000143442	POGZ	4	2	2	2	2	-1	1	0	-0.11335036839346	TRUE	-0.42085310759323
ENSG00000143515	ATP8B2	22	4	18	9	13	-1	0	-0.181818181818182	-0.601850450139733	TRUE	-0.82648858621535
ENSG00000143753	DEGS1	15	2	13	15	0	1	1	1	0.16728950670348	TRUE	-0.188385107436375
ENSG00000143756	FBXO28	4	2	2	2	2	0	0	0	0.0501483082232417	FALSE	-0.27030707656941
ENSG00000143851	PTPN7	9	2	7	3	6	1	-0.714285714285714	-0.333333333333333	1.83037428386835	TRUE	1.5132147910097
ENSG00000143862	ARL8A	19	2	17	17	2	-1	1	0.789473684210526	-0.436970818042708	TRUE	-0.76911053581361
ENSG00000143878	RHOB	10	5	5	10	0	1	1	1	1.48645714183395	TRUE	1.01358207761265
ENSG00000143891	GALM	12	3	9	9	3	1	0.333333333333333	0.5	1.78780301398602	TRUE	1.4335836042171
ENSG00000143942	CHAC2	5	2	3	2	3	0	-0.333333333333333	-0.2	3.28661140514953	FALSE	2.80274010937252
ENSG00000143970	ASXL2	6	2	4	5	1	0	1	0.666666666666667	-0.451387298970402	FALSE	-0.77875522351018
ENSG00000144320	LNPK	6	2	4	5	1	1	0.5	0.666666666666667	1.02322586854792	TRUE	0.690248958694175
ENSG00000144354	CDCA7	10	2	8	2	8	-1	-0.5	-0.6	3.19641009203576	TRUE	2.70593922562876
ENSG00000144655	CSRNP1	7	2	5	4	3	1	-0.2	0.142857142857143	0.86030245902058	TRUE	0.510281667078342
ENSG00000144746	ARL6IP5	21	4	17	20	1	0.5	1	0.904761904761905	-0.227778699075817	FALSE	-0.526296839560514
ENSG00000144749	LRIG1	5	2	3	1	4	-1	-0.333333333333333	-0.6	-1.2129492595133	TRUE	-1.46344420491678
ENSG00000144895	EIF2A	24	2	22	3	21	1	-0.909090909090909	-0.75	1.35574183504476	TRUE	1.01442914682392
ENSG00000145220	LYAR	34	4	30	3	31	-0.5	-0.866666666666667	-0.823529411764706	1.43915354182635	FALSE	1.08234642919338
ENSG00000145287	PLAC8	26	3	23	18	8	-1	0.565217391304348	0.384615384615385	-1.45098779488229	TRUE	-1.7538383215332
ENSG00000145293	ENOPH1	8	2	6	6	2	1	0.333333333333333	0.5	2.26350363268877	TRUE	1.94245465514402
ENSG00000145386	CCNA2	13	3	10	1	12	-1	-0.8	-0.846153846153846	5.83374064831962	TRUE	5.15187864301059
ENSG00000145649	GZMA	22	5	17	10	12	-0.2	-0.0588235294117647	-0.0909090909090909	0.422242303843752	FALSE	0.149894919207815
ENSG00000145779	TNFAIP8	15	2	13	3	12	-1	-0.538461538461538	-0.6	0.512360357204874	TRUE	0.15432214520241
ENSG00000146112	PPP1R18	14	2	12	5	9	0	-0.333333333333333	-0.285714285714286	0.309142657705935	FALSE	-0.0546605229115049
ENSG00000146676	PURB	9	2	7	8	1	1	0.714285714285714	0.777777777777778	0.0772025283836761	TRUE	-0.202257674717285
ENSG00000146733	PSPH	12	2	10	8	4	1	0.2	0.333333333333333	3.30824990444339	TRUE	2.74434906303172
ENSG00000146834	MEPCE	9	2	7	6	3	-1	0.714285714285714	0.333333333333333	0.342008801098914	TRUE	0.0721347498811347
ENSG00000146858	ZC3HAV1L	9	3	6	7	2	0.333333333333333	0.666666666666667	0.555555555555556	2.09662537638104	FALSE	1.62528986773405
ENSG00000146909	NOM1	3	2	1	2	1	0	1	0.333333333333333	0.725187393197028	FALSE	0.42622983621981
ENSG00000146918	NCAPG2	8	5	3	0	8	-1	-1	-1	4.01785703661126	TRUE	3.54454045494826
ENSG00000147010	SH3KBP1	15	2	13	10	5	0	0.384615384615385	0.333333333333333	-0.132752685449807	FALSE	-0.4782501248529
ENSG00000147065	MSN	20	2	18	9	11	-1	0	-0.1	0.275227669001503	TRUE	-0.0498366995287149
ENSG00000147138	GPR174	17	3	14	13	4	0.333333333333333	0.571428571428571	0.529411764705882	-2.61113177583117	FALSE	-2.84271063007255
ENSG00000147155	EBP	29	2	27	5	24	0	-0.703703703703704	-0.655172413793103	1.99802859028832	FALSE	1.69422424622983
ENSG00000147649	MTDH	27	2	25	22	5	1	0.6	0.62962962962963	0.679544775173104	TRUE	0.362585395334385
ENSG00000147677	EIF3H	8	2	6	2	6	0	-0.666666666666667	-0.5	0.66893099683859	FALSE	0.340057099520125
ENSG00000147894	C9orf72	6	2	4	6	0	1	1	1	-1.56045199057869	TRUE	-1.710842140899
ENSG00000147905	ZCCHC7	7	2	5	2	5	-1	-0.2	-0.428571428571429	0.884667640418959	TRUE	0.504294330974035
ENSG00000147955	SIGMAR1	6	2	4	1	5	-1	-0.5	-0.666666666666667	1.62621112964818	TRUE	1.24287476615503
ENSG00000148248	SURF4	18	3	15	14	4	1	0.466666666666667	0.555555555555556	1.63241965176632	TRUE	1.34771856621925
ENSG00000148334	PTGES2	7	2	5	3	4	-1	0.2	-0.142857142857143	-0.14325395401623	TRUE	-0.48773704164458
ENSG00000148688	RPP30	5	2	3	1	4	0	-1	-0.6	2.10679948802694	FALSE	1.68192606947465
ENSG00000148773	MKI67	18	2	16	2	16	-1	-0.75	-0.777777777777778	7.24053148082195	TRUE	6.0421961803444
ENSG00000149311	ATM	28	3	25	19	9	-1	0.52	0.357142857142857	-3.8901997573671	TRUE	-4.08499073914763
ENSG00000149480	MTA2	12	2	10	4	8	0	-0.4	-0.333333333333333	0.394082351018911	FALSE	0.0341892218390973
ENSG00000149636	DSN1	3	2	1	2	1	1	-1	0.333333333333333	1.85066814561936	TRUE	1.449120788312
ENSG00000150593	PDCD4	28	2	26	19	9	0	0.384615384615385	0.357142857142857	-1.9505996378199	FALSE	-2.26465786826709
ENSG00000150637	CD226	21	3	18	18	3	-0.333333333333333	0.888888888888889	0.714285714285714	1.98370327093968	FALSE	1.57721392285853
ENSG00000150687	PRSS23	14	3	11	10	4	1	0.272727272727273	0.428571428571429	1.02385464397386	TRUE	0.194858553444311
ENSG00000150753	CCT5	15	2	13	3	12	1	-0.846153846153846	-0.6	2.50371746459987	TRUE	2.10723361519911
ENSG00000150768	DLAT	3	2	1	2	1	1	-1	0.333333333333333	1.61351162296902	TRUE	1.26772093724319
ENSG00000150938	CRIM1	17	4	13	13	4	1	0.384615384615385	0.529411764705882	-0.751586960430662	TRUE	-0.96747480956376
ENSG00000150991	UBC	6	2	4	5	1	0	1	0.666666666666667	-0.0883032819255014	FALSE	-0.394051871620874
ENSG00000150995	ITPR1	12	2	10	11	1	1	0.8	0.833333333333333	-0.160155655284445	TRUE	-0.464814690409804
ENSG00000151012	SLC7A11	14	7	7	13	1	1	0.714285714285714	0.857142857142857	-1.68248151355207	TRUE	-1.6689143998571
ENSG00000151287	TEX30	13	4	9	5	8	0.5	-0.555555555555556	-0.230769230769231	1.497460300165	FALSE	1.2141272365821
ENSG00000151465	CDC123	11	2	9	6	5	1	-0.111111111111111	0.0909090909090909	1.85303539720075	TRUE	1.48030014220216
ENSG00000151503	NCAPD3	8	3	5	4	4	-0.333333333333333	0.2	0	1.74313993293612	FALSE	1.33741773282078
ENSG00000152056	AP1S3	6	2	4	5	1	0	1	0.666666666666667	2.80203517255333	FALSE	1.78899326338919
ENSG00000152270	PDE3B	38	2	36	22	16	0	0.166666666666667	0.157894736842105	-3.62430397799902	FALSE	-3.86944035579525
ENSG00000152409	JMY	16	3	13	12	4	0.333333333333333	0.538461538461538	0.5	-1.13267427918137	FALSE	-1.38537082372918
ENSG00000152455	SUV39H2	3	2	1	0	3	-1	-1	-1	4.29196665530702	TRUE	3.6040993526022
ENSG00000152465	NMT2	14	2	12	10	4	-1	0.666666666666667	0.428571428571429	-1.37029266461679	TRUE	-1.66458850360336
ENSG00000152484	USP12	16	2	14	13	3	-1	0.857142857142857	0.625	1.47742432748404	TRUE	1.13730988572195
ENSG00000152495	CAMK4	24	3	21	17	7	-0.333333333333333	0.523809523809524	0.416666666666667	-2.971967209382	FALSE	-3.22193748360095
ENSG00000152684	PELO	8	3	5	5	3	1	-0.2	0.25	1.61455017164857	TRUE	1.18658880231505
ENSG00000152749	GPR180	10	2	8	2	8	1	-1	-0.6	1.36790154996048	TRUE	0.971308938573755
ENSG00000153113	CAST	26	3	23	19	7	-0.333333333333333	0.565217391304348	0.461538461538462	0.156618111089768	FALSE	-0.170522122613848
ENSG00000153179	RASSF3	22	8	14	9	13	-1	0.285714285714286	-0.181818181818182	-1.17220694265642	TRUE	-1.42448863836807
ENSG00000153187	HNRNPU	7	2	5	2	5	1	-1	-0.428571428571429	1.074570387075	TRUE	0.789539739481974
ENSG00000153283	CD96	37	5	32	29	8	0.6	0.5625	0.567567567567568	-3.04512087140427	FALSE	-3.26258331467095
ENSG00000153310	CYRIB	15	3	12	5	10	1	-0.666666666666667	-0.333333333333333	1.0554865908254	TRUE	0.689086335576307
ENSG00000153485	LYSET	8	2	6	6	2	0	0.666666666666667	0.5	0.254938195078917	FALSE	-0.0654640398311699
ENSG00000153814	JAZF1	12	3	9	11	1	1	0.777777777777778	0.833333333333333	-2.63627204597485	TRUE	-2.53143288549348
ENSG00000153879	CEBPG	10	3	7	5	5	0.333333333333333	-0.142857142857143	0	0.311416423557318	FALSE	-0.0210917554122698
ENSG00000153944	MSI2	17	2	15	9	8	1	-0.0666666666666667	0.0588235294117647	-0.393695951410555	TRUE	-0.680268969873055
ENSG00000154127	UBASH3B	11	2	9	4	7	1	-0.555555555555556	-0.272727272727273	0.331807887959369	TRUE	-0.0568640833370602
ENSG00000154582	ELOC	11	3	8	4	7	0.333333333333333	-0.5	-0.272727272727273	1.98931455426929	FALSE	1.65130106390693
ENSG00000154822	PLCL2	13	2	11	7	6	-1	0.272727272727273	0.0769230769230769	-1.17491273484032	TRUE	-1.47593386411592
ENSG00000154839	SKA1	8	2	6	1	7	-1	-0.666666666666667	-0.75	7.79961801845048	TRUE	5.52627750063422
ENSG00000155304	HSPA13	11	2	9	7	4	1	0.111111111111111	0.272727272727273	0.965432338227068	TRUE	0.56875555455307
ENSG00000155307	SAMSN1	22	6	16	15	7	1	0.125	0.363636363636364	-1.30371405664447	TRUE	-1.57671795724645
ENSG00000155380	SLC16A1	23	2	21	7	16	0	-0.428571428571429	-0.391304347826087	3.23468439452291	FALSE	2.83345985785658
ENSG00000155393	HEATR3	7	4	3	3	4	0	-0.333333333333333	-0.142857142857143	0.765084800929116	FALSE	0.429619535221205
ENSG00000155926	SLA	11	6	5	9	2	0.333333333333333	1	0.636363636363636	0.643986686630963	FALSE	0.342788091749293
ENSG00000156110	ADK	16	3	13	6	10	0.333333333333333	-0.384615384615385	-0.25	1.31973144485876	FALSE	0.965040561621435
ENSG00000156299	TIAM1	24	4	20	11	13	-1	0.1	-0.0833333333333333	0.1583269782873	TRUE	-0.15035714915101
ENSG00000156471	PTDSS1	19	2	17	14	5	0	0.529411764705882	0.473684210526316	0.558637503435632	FALSE	0.24104693843923
ENSG00000156531	PHF6	7	3	4	4	3	1	-0.5	0.142857142857143	1.43195334217858	TRUE	1.17252611795554
ENSG00000156535	CD109	12	4	8	6	6	1	-0.5	0	2.41123539790222	TRUE	1.87115401440543
ENSG00000156587	UBE2L6	14	3	11	8	6	-1	0.454545454545455	0.142857142857143	0.843902823320177	TRUE	0.583611898589405
ENSG00000156639	ZFAND3	7	3	4	5	2	0.333333333333333	0.5	0.428571428571429	-0.0255132724648433	FALSE	-0.359278654244395
ENSG00000156675	RAB11FIP1	22	6	16	18	4	1	0.5	0.636363636363636	2.02827637307751	TRUE	1.61160962208434
ENSG00000156787	TBC1D31	6	3	3	4	2	1	-0.333333333333333	0.333333333333333	1.81918868211706	TRUE	1.3064661726457
ENSG00000157216	SSBP3	14	3	11	5	9	0.333333333333333	-0.454545454545455	-0.285714285714286	-0.256509322741932	FALSE	-0.47148630022021
ENSG00000157456	CCNB2	14	4	10	0	14	-1	-1	-1	6.24519920184566	TRUE	5.44402209182571
ENSG00000157800	SLC37A3	14	3	11	9	5	-1	0.636363636363636	0.285714285714286	1.43015948589158	TRUE	1.05422252057306
ENSG00000157873	TNFRSF14	9	2	7	5	4	-1	0.428571428571429	0.111111111111111	0.0731139249829589	TRUE	-0.171372516132855
ENSG00000158457	TSPAN33	7	2	5	4	3	-1	0.6	0.142857142857143	-0.483633526772336	TRUE	-0.712880125976875
ENSG00000158615	PPP1R15B	13	2	11	3	10	0	-0.636363636363636	-0.538461538461538	0.0189966803615977	FALSE	-0.306601032445245
ENSG00000159069	FBXW5	13	2	11	9	4	-1	0.636363636363636	0.384615384615385	-0.285029421248666	TRUE	-0.56792666069518
ENSG00000159256	MORC3	9	2	7	7	2	0	0.714285714285714	0.555555555555556	-0.947132594629366	FALSE	-1.23976469525136
ENSG00000159388	BTG2	29	2	27	25	4	1	0.703703703703704	0.724137931034483	-0.0922772104660261	TRUE	-0.36391480080985
ENSG00000159399	HK2	14	2	12	0	14	-1	-1	-1	4.71351154399891	TRUE	4.25273150787721
ENSG00000159479	MED8	10	3	7	6	4	1	-0.142857142857143	0.2	0.658592567657928	TRUE	0.298599043856255
ENSG00000160014	CALM3	14	7	7	1	13	-1	-0.714285714285714	-0.857142857142857	1.52556879266726	TRUE	1.20035086062704
ENSG00000160058	BSDC1	7	2	5	7	0	1	1	1	-1.20804694408242	TRUE	-1.51239126688457
ENSG00000160213	CSTB	9	2	7	6	3	1	0.142857142857143	0.333333333333333	0.444409937620846	TRUE	0.160277258799855
ENSG00000160218	TRAPPC10	3	2	1	3	0	1	1	1	-0.760337377695516	TRUE	-1.09151103163207
ENSG00000160593	JAML	23	4	19	12	11	-0.5	0.157894736842105	0.0434782608695652	-0.415969437756583	FALSE	-0.703802607011115
ENSG00000160654	CD3G	20	2	18	14	6	0	0.444444444444444	0.4	-0.418932586310122	FALSE	-0.674241229760066
ENSG00000160741	CRTC2	16	2	14	11	5	1	0.285714285714286	0.375	-0.643665476988315	TRUE	-0.95097044427621
ENSG00000160767	ENTREP3	8	3	5	3	5	-1	0.2	-0.25	1.48480361495754	TRUE	1.03137319029697
ENSG00000160791	CCR5	23	4	19	10	13	-0.5	-0.0526315789473684	-0.130434782608696	-2.68120736395852	FALSE	-2.78962668859884
ENSG00000160932	LY6E	21	4	17	11	10	-1	0.294117647058824	0.0476190476190476	1.27736780506779	TRUE	0.926765180086119
ENSG00000160991	ORAI2	12	3	9	6	6	-0.333333333333333	0.111111111111111	0	-0.599652679805252	FALSE	-0.915895568570652
ENSG00000161057	PSMC2	9	2	7	4	5	1	-0.428571428571429	-0.111111111111111	1.53538509942971	TRUE	1.13067403899413
ENSG00000161217	PCYT1A	12	2	10	10	2	0	0.8	0.666666666666667	0.0403329002270878	FALSE	-0.217686404126355
ENSG00000161513	FDXR	23	3	20	17	6	-1	0.7	0.478260869565217	1.21548737799141	TRUE	0.794184581387172
ENSG00000161547	SRSF2	13	3	10	2	11	-0.333333333333333	-0.8	-0.692307692307692	-0.0451525874801142	FALSE	-0.341163476657901
ENSG00000161638	ITGA5	20	2	18	8	12	-1	-0.111111111111111	-0.2	-1.24327554213719	TRUE	-1.64180164965332
ENSG00000161847	RAVER1	7	2	5	5	2	0	0.6	0.428571428571429	1.13942478998842	FALSE	0.83120323371135
ENSG00000161888	SPC24	15	3	12	3	12	-1	-0.5	-0.6	5.86369567252842	TRUE	4.16260769698799
ENSG00000161920	MED11	5	3	2	2	3	-1	1	-0.2	0.342096835154864	TRUE	-0.00396339820267011
ENSG00000161960	EIF4A1	43	3	40	4	39	0.333333333333333	-0.9	-0.813953488372093	-0.97592177835931	FALSE	-1.23306896838822
ENSG00000162191	UBXN1	6	3	3	2	4	-1	0.333333333333333	-0.333333333333333	-0.647629850999357	TRUE	-0.975077776499605
ENSG00000162613	FUBP1	20	2	18	5	15	1	-0.666666666666667	-0.5	0.433947291442858	TRUE	0.103375199184685
ENSG00000162654	GBP4	19	3	16	13	6	-1	0.625	0.368421052631579	-0.47617189982963	TRUE	-0.769298600876635
ENSG00000162676	GFI1	7	2	5	4	3	0	0.2	0.142857142857143	0.0462303842620897	FALSE	-0.2356464568865
ENSG00000162735	PEX19	12	2	10	10	2	0	0.8	0.666666666666667	0.531872406859204	FALSE	0.20201317609165
ENSG00000162739	SLAMF6	13	4	9	7	6	0	0.111111111111111	0.0769230769230769	-0.449215875079815	FALSE	-0.762668986087255
ENSG00000162923	WDR26	18	3	15	18	0	1	1	1	-0.654040494763533	TRUE	-0.997407514715983
ENSG00000162961	DPY30	7	2	5	4	3	-1	0.6	0.142857142857143	0.839263874287168	TRUE	0.477406680310375
ENSG00000163131	CTSS	13	2	11	7	6	-1	0.272727272727273	0.0769230769230769	-1.02839872413862	TRUE	-1.29402919529568
ENSG00000163162	RNF149	23	2	21	8	15	1	-0.428571428571429	-0.304347826086957	-1.00712578192848	TRUE	-1.30261612217402
ENSG00000163191	S100A11	26	2	24	16	10	-1	0.333333333333333	0.230769230769231	0.219310781729218	TRUE	-0.162760161224031
ENSG00000163378	EOGT	23	2	21	20	3	1	0.714285714285714	0.739130434782609	0.158122473980787	TRUE	-0.198037410694455
ENSG00000163513	TGFBR2	26	4	22	22	4	1	0.636363636363636	0.692307692307692	-1.19962365132887	TRUE	-1.56337000976589
ENSG00000163565	IFI16	12	6	6	6	6	-0.333333333333333	0.333333333333333	0	0.675805941460772	FALSE	0.396492027519565
ENSG00000163568	AIM2	4	3	1	3	1	1	-1	0.5	3.37858206405818	TRUE	3.06424615635768
ENSG00000163599	CTLA4	7	6	1	7	0	1	1	1	3.80383426211177	TRUE	3.39993090846319
ENSG00000163694	RBM47	4	2	2	4	0	1	1	1	-0.0391953189853865	TRUE	-0.208391393112582
ENSG00000163788	SNRK	10	2	8	8	2	1	0.5	0.6	-1.65496698264899	TRUE	-1.97630748833001
ENSG00000163823	CCR1	7	3	4	6	1	1	0.5	0.714285714285714	-0.739906151607317	TRUE	-0.834638969261105
ENSG00000163840	DTX3L	18	4	14	10	8	-1	0.428571428571429	0.111111111111111	0.156416687952253	TRUE	-0.162517496093215
ENSG00000164056	SPRY1	14	7	7	13	1	1	0.714285714285714	0.857142857142857	3.25659898571343	TRUE	2.44680026565428
ENSG00000164096	C4orf3	35	4	31	26	9	-0.5	0.612903225806452	0.485714285714286	0.508548437543608	FALSE	0.22114525629735
ENSG00000164104	HMGB2	22	5	17	0	22	-1	-1	-1	2.68606794159624	TRUE	2.41510978665097
ENSG00000164109	MAD2L1	13	3	10	2	11	-0.333333333333333	-0.8	-0.692307692307692	4.00015328735956	FALSE	3.57780040394293
ENSG00000164111	ANXA5	28	4	24	13	15	-1	0.0833333333333333	-0.0714285714285714	0.962675580565119	TRUE	0.566990409204438
ENSG00000164167	LSM6	17	3	14	3	14	-0.333333333333333	-0.714285714285714	-0.647058823529412	1.47615227149258	FALSE	1.10339580046664
ENSG00000164466	SFXN1	13	3	10	3	10	-0.333333333333333	-0.6	-0.538461538461538	1.40330062377372	FALSE	1.12150590614228
ENSG00000164506	STXBP5	10	2	8	7	3	1	0.25	0.4	0.456919901527248	TRUE	0.156528390766845
ENSG00000164597	COG5	4	2	2	3	1	1	0	0.5	-0.171885692630878	TRUE	-0.491001671581925
ENSG00000164674	SYTL3	29	5	24	22	7	1	0.416666666666667	0.517241379310345	3.11801941122988	TRUE	2.73215846246682
ENSG00000164687	FABP5	15	3	12	3	12	-0.333333333333333	-0.666666666666667	-0.6	4.05305132398709	FALSE	3.17779435449147
ENSG00000164751	PEX2	8	4	4	7	1	1	0.5	0.75	1.25163441086717	TRUE	0.937455757077805
ENSG00000164924	YWHAZ	10	2	8	4	6	0	-0.25	-0.2	0.0789711815440999	FALSE	-0.23974633167084
ENSG00000164933	SLC25A32	3	2	1	2	1	1	-1	0.333333333333333	1.48146751268187	TRUE	1.11817673551796
ENSG00000164983	TMEM65	14	2	12	6	8	1	-0.333333333333333	-0.142857142857143	1.52945942924544	TRUE	1.08314169357307
ENSG00000165030	NFIL3	16	2	14	15	1	1	0.857142857142857	0.875	4.38474268588083	TRUE	3.89227742914115
ENSG00000165071	TMEM71	15	3	12	9	6	-1	0.5	0.2	-1.15920347611405	TRUE	-1.37907484439857
ENSG00000165175	MID1IP1	14	7	7	11	3	1	0.142857142857143	0.571428571428571	0.737824731950558	TRUE	0.38686805723744
ENSG00000165272	AQP3	8	2	6	4	4	-1	0.333333333333333	0	-2.1903788473228	TRUE	-2.53669682080784
ENSG00000165283	STOML2	13	2	11	4	9	1	-0.636363636363636	-0.384615384615385	2.12329974021522	TRUE	1.73241525885373
ENSG00000165288	BRWD3	5	2	3	2	3	0	-0.333333333333333	-0.2	-0.209635572408776	FALSE	-0.530852047346035
ENSG00000165490	DDIAS	4	2	2	3	1	1	0	0.5	4.81217772797514	TRUE	3.58866661771969
ENSG00000165678	GHITM	11	2	9	5	6	0	-0.111111111111111	-0.0909090909090909	1.33586220501244	FALSE	1.02058978383544
ENSG00000165832	TRUB1	9	6	3	7	2	1	-0.333333333333333	0.555555555555556	1.42963556497646	TRUE	1.08662777901182
ENSG00000166123	GPT2	8	2	6	4	4	1	-0.333333333333333	0	3.04659047254404	TRUE	2.03537098487659
ENSG00000166128	RAB8B	8	3	5	6	2	0.333333333333333	0.6	0.5	1.10926231773193	FALSE	0.71999374127534
ENSG00000166266	CUL5	7	2	5	5	2	0	0.6	0.428571428571429	0.466945836360419	FALSE	0.125951394791665
ENSG00000166562	SEC11C	32	2	30	25	7	-1	0.666666666666667	0.5625	1.54983863863505	TRUE	1.21024586076565
ENSG00000166734	GOLM2	17	2	15	8	9	0	-0.0666666666666667	-0.0588235294117647	-0.474679140390019	FALSE	-0.767232630270055
ENSG00000166750	SLFN5	23	2	21	16	7	1	0.333333333333333	0.391304347826087	-2.71871912314381	TRUE	-3.00938576562088
ENSG00000166803	PCLAF	20	2	18	0	20	-1	-1	-1	7.81704103712641	TRUE	6.15082659805865
ENSG00000166888	STAT6	10	2	8	7	3	1	0.25	0.4	-0.211118735366923	TRUE	-0.504127547991295
ENSG00000166974	MAPRE2	21	6	15	12	9	1	-0.2	0.142857142857143	-0.574877539675757	TRUE	-0.8800711758872
ENSG00000166986	MARS1	6	2	4	2	4	1	-1	-0.333333333333333	0.571434120475941	TRUE	0.23144247895251
ENSG00000167106	EEIG1	19	3	16	14	5	-0.333333333333333	0.625	0.473684210526316	-3.47273486215567	FALSE	-3.73866695347516
ENSG00000167110	GOLGA2	10	2	8	6	4	1	0	0.2	-0.453975783040404	TRUE	-0.744295712135303
ENSG00000167118	URM1	5	2	3	3	2	0	0.333333333333333	0.2	0.626803754827785	FALSE	0.328338056724485
ENSG00000167136	ENDOG	9	3	6	3	6	-1	0	-0.333333333333333	0.00188091252583944	TRUE	-0.399899274558235
ENSG00000167470	MIDN	12	3	9	7	5	-0.333333333333333	0.333333333333333	0.166666666666667	-0.755492563612507	FALSE	-1.04957637754839
ENSG00000167522	ANKRD11	7	2	5	6	1	1	0.6	0.714285714285714	-0.628866548385794	TRUE	-0.905677208391425
ENSG00000167553	TUBA1C	16	2	14	2	14	0	-0.857142857142857	-0.75	3.45581858709942	FALSE	3.12752964072588
ENSG00000167604	NFKBID	5	3	2	4	1	1	0	0.6	1.29081186499483	TRUE	0.91379821652067
ENSG00000167615	LENG8	42	3	39	40	2	0.333333333333333	0.948717948717949	0.904761904761905	-1.76311443057462	FALSE	-1.95600619746063
ENSG00000167895	TMC8	30	2	28	11	19	1	-0.357142857142857	-0.266666666666667	-0.364972024049905	TRUE	-0.645686991628285
ENSG00000167900	TK1	14	6	8	4	10	-0.666666666666667	-0.25	-0.428571428571429	9.07489408286382	FALSE	7.60936151086933
ENSG00000167965	MLST8	11	3	8	3	8	0.333333333333333	-0.75	-0.454545454545455	1.55434410990862	FALSE	1.15992895825668
ENSG00000168003	SLC3A2	23	9	14	15	8	0.777777777777778	0	0.304347826086957	0.505476722316161	FALSE	0.2317809743048
ENSG00000168016	TRANK1	11	2	9	8	3	-1	0.777777777777778	0.454545454545455	-4.14246966184674	TRUE	-4.19719349970166
ENSG00000168118	RAB4A	6	2	4	4	2	0	0.5	0.333333333333333	-0.0017134125719811	FALSE	-0.31446375222089
ENSG00000168175	MAPK1IP1L	11	2	9	8	3	1	0.333333333333333	0.454545454545455	0.632002391899273	TRUE	0.26087279028506
ENSG00000168209	DDIT4	32	18	14	31	1	1	0.857142857142857	0.9375	3.95094254608596	TRUE	3.64101013317407
ENSG00000168264	IRF2BP2	8	2	6	5	3	1	0	0.25	-0.433782273894407	TRUE	-0.745647199866837
ENSG00000168286	THAP11	8	2	6	6	2	-1	1	0.5	-0.21943825141865	TRUE	-0.566496638021525
ENSG00000168297	PXK	13	4	9	7	6	0.5	-0.111111111111111	0.0769230769230769	0.598601786647633	FALSE	0.21893992251122
ENSG00000168300	PCMTD1	28	3	25	25	3	-1	1	0.785714285714286	-1.63539715105392	TRUE	-1.96011244935311
ENSG00000168393	DTYMK	13	2	11	2	11	0	-0.818181818181818	-0.692307692307692	2.54356045926931	FALSE	2.06784420890801
ENSG00000168394	TAP1	23	6	17	15	8	-1	0.764705882352941	0.304347826086957	1.03848538241306	TRUE	0.71508883979587
ENSG00000168439	STIP1	7	2	5	3	4	1	-0.6	-0.142857142857143	2.22076427716847	TRUE	1.79250189978869
ENSG00000168615	ADAM9	5	2	3	4	1	1	0.333333333333333	0.6	1.99107804824659	TRUE	1.47409170481341
ENSG00000168918	INPP5D	9	3	6	5	4	1	-0.333333333333333	0.111111111111111	-1.06082246919994	TRUE	-1.3272370522716
ENSG00000169032	MAP2K1	20	6	14	15	5	1	0.285714285714286	0.5	1.38278919463007	TRUE	1.09377395055449
ENSG00000169139	UBE2V2	8	2	6	2	6	1	-1	-0.5	1.75635955410691	TRUE	1.4134279356456
ENSG00000169189	NSMCE1	26	5	21	16	10	-1	0.523809523809524	0.230769230769231	0.731512091333377	TRUE	0.412908791209305
ENSG00000169194	IL13	5	2	3	3	2	1	-0.333333333333333	0.2	7.36506705320537	TRUE	5.13622405208685
ENSG00000169255	B3GALNT1	21	4	17	10	11	1	-0.294117647058824	-0.0476190476190476	1.14958767903266	TRUE	0.292516793491743
ENSG00000169607	CKAP2L	9	2	7	2	7	1	-1	-0.555555555555556	6.71263897269744	TRUE	4.61400098328825
ENSG00000169683	LRRC45	10	3	7	4	6	-1	0.142857142857143	-0.2	-0.101266806200579	TRUE	-0.347637113981845
ENSG00000169710	FASN	15	6	9	5	10	0.333333333333333	-0.777777777777778	-0.333333333333333	2.40950623087707	FALSE	1.98627715965493
ENSG00000169762	TAPT1	6	2	4	4	2	1	0	0.333333333333333	-0.442675051706401	TRUE	-0.826984557507365
ENSG00000169926	KLF13	6	3	3	2	4	-1	0.333333333333333	-0.333333333333333	-0.676795928449811	TRUE	-1.02665694537673
ENSG00000169964	TMEM42	7	2	5	4	3	-1	0.6	0.142857142857143	-1.16169963691228	TRUE	-1.38635977094592
ENSG00000170037	CNTROB	3	2	1	1	2	-1	1	-0.333333333333333	0.987924060444965	TRUE	0.61590192736749
ENSG00000170312	CDK1	13	2	11	1	12	-1	-0.818181818181818	-0.846153846153846	6.6728235562337	TRUE	5.90261195606855
ENSG00000170340	B3GNT2	7	3	4	7	0	1	1	1	0.60412090075368	TRUE	0.261899667647735
ENSG00000170525	PFKFB3	10	2	8	9	1	0	1	0.8	0.590601477104832	FALSE	0.261447593744485
ENSG00000170540	ARL6IP1	8	2	6	3	5	-1	0	-0.25	0.382039226775425	TRUE	0.09882896901322
ENSG00000170571	EMB	16	2	14	14	2	-1	1	0.75	-1.16344149589845	TRUE	-1.52619393264232
ENSG00000170832	USP32	13	2	11	10	3	-1	0.818181818181818	0.538461538461538	0.641509640503661	TRUE	0.28112787322049
ENSG00000170873	MTSS1	16	5	11	9	7	-0.2	0.272727272727273	0.125	-1.96818241524564	FALSE	-2.01464607204858
ENSG00000170899	GSTA4	4	2	2	2	2	1	-1	0	4.44594265017298	TRUE	2.42912093884348
ENSG00000170906	NDUFA3	22	3	19	17	5	-1	0.789473684210526	0.545454545454545	-0.250659126335819	TRUE	-0.498592850473605
ENSG00000170989	S1PR1	16	3	13	5	11	-0.333333333333333	-0.384615384615385	-0.375	-1.80458114299753	FALSE	-2.14679523474749
ENSG00000171055	FEZ2	7	4	3	4	3	0.5	-0.333333333333333	0.142857142857143	-0.615557861275093	FALSE	-0.777653345303222
ENSG00000171148	TADA3	13	2	11	12	1	1	0.818181818181818	0.846153846153846	1.56505325949591	TRUE	1.20866407395173
ENSG00000171174	RBKS	7	4	3	6	1	1	0.333333333333333	0.714285714285714	2.44276204462054	TRUE	1.76008407318051
ENSG00000171219	CDC42BPG	4	2	2	2	2	-1	1	0	-3.02648436492583	TRUE	-1.96111461579568
ENSG00000171314	PGAM1	3	2	1	2	1	1	-1	0.333333333333333	4.00166124527436	TRUE	3.67458617280315
ENSG00000171476	HOPX	32	3	29	8	24	-1	-0.448275862068966	-0.5	3.34948807406461	TRUE	2.84015933078714
ENSG00000171552	BCL2L1	13	6	7	13	0	1	1	1	3.51119417615536	TRUE	3.08514783481403
ENSG00000171621	SPSB1	18	6	12	11	7	-1	0.833333333333333	0.222222222222222	0.620470867843748	TRUE	0.212791534732275
ENSG00000171848	RRM2	35	2	33	4	31	1	-0.878787878787879	-0.771428571428571	9.92901688636528	TRUE	7.93850893916167
ENSG00000172005	MAL	31	4	27	8	23	-1	-0.407407407407407	-0.483870967741935	0.238584708325525	TRUE	-0.11724252169777
ENSG00000172354	GNB2	9	2	7	6	3	-1	0.714285714285714	0.333333333333333	0.77294969422038	TRUE	0.45424837877065
ENSG00000172432	GTPBP2	4	2	2	3	1	1	0	0.5	-0.103001336132976	TRUE	-0.43988203660317
ENSG00000172534	HCFC1	11	3	8	5	6	-0.333333333333333	0	-0.0909090909090909	0.820779751515867	FALSE	0.50485640728892
ENSG00000172575	RASGRP1	21	2	19	14	7	1	0.263157894736842	0.333333333333333	0.319304239739252	TRUE	-0.0806520822978394
ENSG00000172757	CFL1	30	10	20	6	24	-0.8	-0.5	-0.6	1.42756005942131	FALSE	1.0841830367056
ENSG00000172893	DHCR7	15	3	12	9	6	0.333333333333333	0.166666666666667	0.2	1.56459367969908	FALSE	1.22370501892695
ENSG00000172936	MYD88	7	2	5	3	4	-1	0.2	-0.142857142857143	-0.323318051484641	TRUE	-0.63487613502925
ENSG00000173020	GRK2	21	2	19	12	9	-1	0.263157894736842	0.142857142857143	-0.402337884307753	TRUE	-0.70333675277839
ENSG00000173083	HPSE	11	2	9	5	6	-1	0.111111111111111	-0.0909090909090909	1.06239553730993	TRUE	0.748605881181875
ENSG00000173334	TRIB1	7	2	5	5	2	0	0.6	0.428571428571429	1.2497762913167	FALSE	0.76312994024278
ENSG00000173575	CHD2	29	3	26	21	8	0.333333333333333	0.461538461538462	0.448275862068966	-0.936991932801196	FALSE	-1.2109213837604
ENSG00000173692	PSMD1	5	2	3	3	2	1	-0.333333333333333	0.2	1.86073776985505	TRUE	1.53937768843031
ENSG00000173757	STAT5B	12	3	9	6	6	-1	0.333333333333333	0	-0.361654559552586	TRUE	-0.69790838082927
ENSG00000173812	EIF1	32	2	30	21	11	1	0.266666666666667	0.3125	0.199572187999581	TRUE	-0.11357042507354
ENSG00000173821	RNF213	11	4	7	6	5	-0.5	0.428571428571429	0.0909090909090909	0.513104963709863	FALSE	0.166547833884717
ENSG00000173890	GPR160	13	2	11	9	4	-1	0.636363636363636	0.384615384615385	1.78732680285527	TRUE	1.2108363426632
ENSG00000174130	TLR6	6	4	2	4	2	1	-1	0.333333333333333	-1.6397420893739	TRUE	-1.6896029860898
ENSG00000174437	ATP2A2	14	3	11	8	6	1	-0.0909090909090909	0.142857142857143	1.34390547217954	TRUE	1.02521203591258
ENSG00000174574	AKIRIN1	7	4	3	3	4	-0.5	0.333333333333333	-0.142857142857143	0.0224004035870031	FALSE	-0.31299062537104
ENSG00000174749	FAM241A	14	2	12	12	2	1	0.666666666666667	0.714285714285714	0.727231645843231	TRUE	0.269713433079165
ENSG00000174996	KLC2	12	2	10	11	1	0	1	0.833333333333333	0.187716245373925	FALSE	-0.172460448228005
ENSG00000175054	ATR	4	2	2	2	2	-1	1	0	0.355339699045251	TRUE	0.0392829466661402
ENSG00000175197	DDIT3	21	7	14	17	4	1	0.428571428571429	0.619047619047619	-0.000401990843463818	TRUE	-0.28890528430479
ENSG00000175550	DRAP1	31	2	29	26	5	-1	0.793103448275862	0.67741935483871	0.345601390105811	TRUE	0.148637558924415
ENSG00000175582	RAB6A	9	2	7	5	4	0	0.142857142857143	0.111111111111111	0.132967796758309	FALSE	-0.198358463637045
ENSG00000175931	UBE2O	6	2	4	1	5	-1	-0.5	-0.666666666666667	-0.000942064760903971	TRUE	-0.30330036853827
ENSG00000176018	LYSMD3	8	3	5	7	1	1	0.6	0.75	-0.0105004186516529	TRUE	-0.381682187786065
ENSG00000176105	YES1	5	2	3	3	2	1	-0.333333333333333	0.2	1.97105700458358	TRUE	1.49277592197164
ENSG00000176438	SYNE3	18	3	15	16	2	0.333333333333333	0.866666666666667	0.777777777777778	0.542723888691939	FALSE	0.17074981602073
ENSG00000176624	MEX3C	10	3	7	8	2	1	0.428571428571429	0.6	0.101651732940823	TRUE	-0.17919150224019
ENSG00000177030	DEAF1	11	4	7	5	6	-1	0.428571428571429	-0.0909090909090909	-0.29055490892469	TRUE	-0.50126616437314
ENSG00000177034	MTX3	16	8	8	13	3	1	0.25	0.625	-0.418139120297501	TRUE	-0.698230412541313
ENSG00000177105	RHOG	20	3	17	10	10	0.333333333333333	-0.0588235294117647	0	0.274256172030324	FALSE	-0.0230720545935599
ENSG00000177156	TALDO1	13	3	10	6	7	-1	0.2	-0.0769230769230769	1.29729759591008	TRUE	1.03909955481247
ENSG00000177409	SAMD9L	15	3	12	11	4	0.333333333333333	0.5	0.466666666666667	-1.09021398419728	FALSE	-1.32558048563115
ENSG00000177432	NAP1L5	4	3	1	3	1	1	-1	0.5	0.515855312427698	TRUE	0.173694614479225
ENSG00000177628	GBA1	7	3	4	5	2	0.333333333333333	0.5	0.428571428571429	-0.186802163088308	FALSE	-0.510311127288023
ENSG00000177721	ANXA2R	12	4	8	4	8	-1	0	-0.333333333333333	-4.42758009867263	TRUE	-4.19724173129011
ENSG00000178127	NDUFV2	23	2	21	6	17	0	-0.523809523809524	-0.478260869565217	-0.45378218903715	FALSE	-0.72727058387689
ENSG00000178209	PLEC	23	4	19	14	9	-1	0.473684210526316	0.217391304347826	-2.22961448024699	TRUE	-2.41531285913805
ENSG00000178573	MAF	11	3	8	4	7	1	-0.75	-0.272727272727273	1.52494761023896	TRUE	1.22518579044383
ENSG00000178802	MPI	14	7	7	3	11	-1	-0.142857142857143	-0.571428571428571	1.39784488891228	TRUE	1.00234524398347
ENSG00000178927	CYBC1	11	2	9	7	4	-1	0.555555555555556	0.272727272727273	1.04059804830714	TRUE	0.730149072006925
ENSG00000178952	TUFM	21	2	19	5	16	0	-0.578947368421053	-0.523809523809524	1.63093484105646	FALSE	1.31600431789571
ENSG00000179409	GEMIN4	6	4	2	1	5	-1	0	-0.666666666666667	1.63794025325882	TRUE	1.27747411134664
ENSG00000180628	PCGF5	22	3	19	17	5	-1	0.789473684210526	0.545454545454545	-0.0620037222612453	TRUE	-0.389622585392835
ENSG00000180694	TMEM64	7	2	5	5	2	1	0.2	0.428571428571429	0.797668493341599	TRUE	0.472772946737855
ENSG00000181026	AEN	21	6	15	11	10	-1	0.466666666666667	0.0476190476190476	0.67514496140874	TRUE	0.285664818913785
ENSG00000181029	TRAPPC5	14	2	12	6	8	-1	0	-0.142857142857143	1.44524772252755	TRUE	0.249074692523115
ENSG00000181826	RELL1	25	7	18	17	8	1	0.111111111111111	0.36	-1.05631965790401	TRUE	-1.27924295104348
ENSG00000181852	RNF41	5	3	2	4	1	1	0	0.6	0.0948268424198666	TRUE	-0.212984378125174
ENSG00000181924	COA4	6	2	4	1	5	0	-1	-0.666666666666667	1.75325247714723	FALSE	1.38490884024959
ENSG00000182158	CREB3L2	16	5	11	8	8	1	-0.454545454545455	0	0.981612734326219	TRUE	0.625381142594215
ENSG00000182179	UBA7	9	2	7	3	6	-1	-0.142857142857143	-0.333333333333333	-1.1281013224703	TRUE	-1.4884191089565
ENSG00000182557	SPNS3	15	2	13	14	1	1	0.846153846153846	0.866666666666667	0.913843134612119	TRUE	0.337096260030483
ENSG00000182670	TTC3	24	2	22	17	7	-1	0.545454545454545	0.416666666666667	-0.680488750428976	TRUE	-1.04365648858386
ENSG00000182831	HAPSTR1	20	3	17	15	5	1	0.411764705882353	0.5	0.0368093959578006	TRUE	-0.272312871739975
ENSG00000183010	PYCR1	20	2	18	6	14	0	-0.444444444444444	-0.4	6.58227872867848	FALSE	4.89754894498068
ENSG00000183431	SF3A3	5	2	3	2	3	1	-1	-0.2	1.11775844027262	TRUE	0.71173054238505
ENSG00000183484	GPR132	26	4	22	17	9	-0.5	0.454545454545455	0.307692307692308	-0.661325278118182	FALSE	-0.923006121922915
ENSG00000183696	UPP1	40	2	38	7	33	0	-0.68421052631579	-0.65	-0.418271613875262	FALSE	-0.790927043454145
ENSG00000184009	ACTG1	54	6	48	7	47	-0.666666666666667	-0.75	-0.740740740740741	2.41315579196001	FALSE	2.07974698311253
ENSG00000184182	UBE2F	26	2	24	2	24	-1	-0.833333333333333	-0.846153846153846	0.385064029667693	TRUE	0.0589587449445879
ENSG00000184277	TM2D3	6	2	4	5	1	0	1	0.666666666666667	0.415517898466679	FALSE	0.107729916756335
ENSG00000184357	H1-5	13	3	10	0	13	-1	-1	-1	4.23599435029563	TRUE	1.7182912232512
ENSG00000184584	STING1	17	2	15	10	7	0	0.2	0.176470588235294	1.53577138662328	FALSE	1.15270704748409
ENSG00000184588	PDE4B	7	2	5	6	1	0	1	0.714285714285714	-1.42393098359077	FALSE	-1.70137065015117
ENSG00000184661	CDCA2	5	2	3	0	5	-1	-1	-1	6.53990457319456	TRUE	4.87585293820537
ENSG00000184730	APOBR	25	6	19	14	11	0.666666666666667	-0.0526315789473684	0.12	-0.576810114661244	FALSE	-0.87329734919631
ENSG00000184897	H1-10	33	2	31	20	13	-1	0.290322580645161	0.212121212121212	0.57205714244786	TRUE	0.20085664744443
ENSG00000184900	SUMO3	17	2	15	9	8	-1	0.2	0.0588235294117647	0.895002282084994	TRUE	0.552440140876625
ENSG00000185158	LRRC37B	5	2	3	3	2	-1	1	0.2	-1.82647002207686	TRUE	-1.94747793722029
ENSG00000185338	SOCS1	27	4	23	24	3	0.5	0.826086956521739	0.777777777777778	2.92046611281343	FALSE	2.46232280318316
ENSG00000185477	GPRIN3	13	4	9	6	7	0.5	-0.333333333333333	-0.0769230769230769	-1.24655840202998	FALSE	-1.50056049885219
ENSG00000185499	MUC1	29	2	27	22	7	0	0.555555555555556	0.517241379310345	4.6604394446205	FALSE	3.40128311800081
ENSG00000185507	IRF7	9	2	7	5	4	-1	0.428571428571429	0.111111111111111	-0.16494506936298	TRUE	-0.559955987511745
ENSG00000185800	DMWD	8	4	4	7	1	1	0.5	0.75	0.0594227166317334	TRUE	-0.24002355943963
ENSG00000185862	EVI2B	11	2	9	6	5	0	0.111111111111111	0.0909090909090909	-3.6999880424111	FALSE	-3.96960976599284
ENSG00000186350	RXRA	8	3	5	8	0	1	1	1	1.78742563607163	TRUE	1.24577056348796
ENSG00000186469	GNG2	25	5	20	7	18	-0.6	-0.4	-0.44	-0.0596950651830794	FALSE	-0.389499973996095
ENSG00000186470	BTN3A2	17	2	15	11	6	-1	0.466666666666667	0.294117647058824	-1.79902318865448	TRUE	-2.09795682297108
ENSG00000186480	INSIG1	14	5	9	6	8	1	-0.777777777777778	-0.142857142857143	1.12562440198336	TRUE	0.80732506546124
ENSG00000186591	UBE2H	8	3	5	7	1	0.333333333333333	1	0.75	-0.379608829265571	FALSE	-0.778881476640585
ENSG00000186665	C17orf58	5	2	3	4	1	1	0.333333333333333	0.6	5.99197809446047	TRUE	4.75150962040036
ENSG00000187193	MT1X	11	2	9	5	6	-1	0.111111111111111	-0.0909090909090909	1.04945938031767	TRUE	0.501558450652093
ENSG00000187688	TRPV2	11	3	8	8	3	0.333333333333333	0.5	0.454545454545455	-0.484465790711004	FALSE	-0.81088624328696
ENSG00000187778	MCRS1	13	2	11	8	5	1	0.0909090909090909	0.230769230769231	0.258821010610176	TRUE	-0.0924237377994825
ENSG00000187837	H1-2	12	3	9	0	12	-1	-1	-1	1.77755294248154	TRUE	1.51218196157461
ENSG00000187840	EIF4EBP1	15	4	11	6	9	1	-0.636363636363636	-0.2	2.79136305739587	TRUE	2.27163871090929
ENSG00000188177	ZC3H6	19	3	16	9	10	-0.333333333333333	0	-0.0526315789473684	-0.98266496486913	FALSE	-1.19291174199582
ENSG00000188322	SBK1	17	2	15	2	15	-1	-0.733333333333333	-0.764705882352941	-0.711771575898519	TRUE	-1.0346200074101
ENSG00000188486	H2AX	18	6	12	0	18	-1	-1	-1	2.92531631463391	TRUE	2.45538779887404
ENSG00000188811	NHLRC3	6	3	3	5	1	1	0.333333333333333	0.666666666666667	-0.488779265041682	TRUE	-0.73329596832781
ENSG00000189043	NDUFA4	16	2	14	11	5	-1	0.571428571428571	0.375	1.55515728644879	TRUE	1.22974158123789
ENSG00000189057	FAM111B	12	6	6	0	12	-1	-1	-1	7.51630899507691	TRUE	5.65806910100615
ENSG00000189067	LITAF	13	4	9	8	5	-1	0.777777777777778	0.230769230769231	0.27628973828781	TRUE	-0.0759345444886548
ENSG00000196083	IL1RAP	9	6	3	8	1	1	0.333333333333333	0.777777777777778	0.562526825705945	TRUE	0.219180641100417
ENSG00000196182	STK40	10	4	6	7	3	1	0	0.4	0.0353576615823155	TRUE	-0.259915050385765
ENSG00000196230	TUBB	12	3	9	0	12	-1	-1	-1	3.87893167231044	TRUE	3.47225311611633
ENSG00000196305	IARS1	6	2	4	2	4	1	-1	-0.333333333333333	2.34342600454307	TRUE	1.95770044968123
ENSG00000196396	PTPN1	8	2	6	2	6	0	-0.666666666666667	-0.5	0.976905287403588	FALSE	0.736818456243125
ENSG00000196405	EVL	38	3	35	27	11	0.333333333333333	0.428571428571429	0.421052631578947	-1.97355812251511	FALSE	-2.28868796434706
ENSG00000196517	SLC6A9	4	3	1	3	1	1	-1	0.5	4.06378065382491	TRUE	1.91241943788121
ENSG00000196535	MYO18A	8	2	6	5	3	-1	0.666666666666667	0.25	-0.118145660179813	TRUE	-0.373814050575325
ENSG00000196544	BORCS6	7	2	5	5	2	-1	1	0.428571428571429	-1.08045413677107	TRUE	-1.3199106134007
ENSG00000196636	SDHAF3	10	2	8	2	8	0	-0.75	-0.6	1.69673279351737	FALSE	1.36098652723558
ENSG00000196776	CD47	16	5	11	9	7	-1	0.636363636363636	0.125	-0.740154565946014	TRUE	-1.11076851507366
ENSG00000196924	FLNA	31	2	29	19	12	-1	0.310344827586207	0.225806451612903	0.5053889184218	TRUE	0.17249179649929
ENSG00000196937	FAM3C	23	5	18	17	6	1	0.333333333333333	0.478260869565217	0.250772394387373	TRUE	-0.0929362147834825
ENSG00000196968	FUT11	6	2	4	5	1	0	1	0.666666666666667	1.75493539031412	FALSE	1.39304657477035
ENSG00000197061	H4C3	14	3	11	0	14	-1	-1	-1	1.78686306589346	TRUE	1.16721371050601
ENSG00000197081	IGF2R	11	4	7	11	0	1	1	1	0.0873085778809064	TRUE	-0.27695121160216
ENSG00000197451	HNRNPAB	20	2	18	3	17	-1	-0.666666666666667	-0.7	2.83777256388738	TRUE	2.43426280016876
ENSG00000197471	SPN	22	2	20	11	11	-1	0.1	0	-0.309689469639141	TRUE	-0.64780052321291
ENSG00000197646	PDCD1LG2	4	2	2	2	2	-1	1	0	-0.00631021565432177	TRUE	-0.188857677778518
ENSG00000197694	SPTAN1	14	4	10	10	4	-1	1	0.428571428571429	-1.12402460471905	TRUE	-1.46542840052375
ENSG00000197747	S100A10	25	6	19	5	20	-1	-0.473684210526316	-0.6	0.113715251184164	TRUE	-0.190402443847935
ENSG00000197780	TAF13	6	2	4	4	2	1	0	0.333333333333333	0.883853230131172	TRUE	0.53727241743605
ENSG00000197785	ATAD3A	3	2	1	2	1	1	-1	0.333333333333333	1.81149458502743	TRUE	1.33415025122448
ENSG00000197956	S100A6	31	2	29	20	11	0	0.310344827586207	0.290322580645161	1.02483178008887	FALSE	0.70944597732016
ENSG00000198160	MIER1	8	3	5	7	1	0.333333333333333	1	0.75	0.510971925038433	FALSE	0.12048673776928
ENSG00000198176	TFDP1	13	2	11	2	11	0	-0.818181818181818	-0.692307692307692	3.11219176250006	FALSE	2.70060658066757
ENSG00000198265	HELZ	12	2	10	8	4	-1	0.6	0.333333333333333	-0.396476075310055	TRUE	-0.738326820338572
ENSG00000198431	TXNRD1	20	5	15	12	8	1	-0.0666666666666667	0.2	0.89030144592625	TRUE	0.61569953812633
ENSG00000198492	YTHDF2	7	2	5	4	3	-1	0.6	0.142857142857143	0.634688948465191	TRUE	0.326441536617315
ENSG00000198586	TLK1	12	2	10	7	5	-1	0.4	0.166666666666667	-1.21066441183752	TRUE	-1.49975227529338
ENSG00000198625	MDM4	18	3	15	15	3	1	0.6	0.666666666666667	-1.15217987465096	TRUE	-1.43624911660929
ENSG00000198771	RCSD1	21	2	19	5	16	0	-0.578947368421053	-0.523809523809524	0.0198101356272242	FALSE	-0.294957210098928
ENSG00000198805	PNP	21	2	19	7	14	-1	-0.263157894736842	-0.333333333333333	1.69367978936834	TRUE	1.32341181167404
ENSG00000198862	LTN1	5	4	1	5	0	1	1	1	0.540240410680142	TRUE	0.208956373582475
ENSG00000198901	PRC1	8	2	6	4	4	-1	0.333333333333333	0	4.33575317701541	TRUE	3.82715324659797
ENSG00000198911	SREBF2	18	2	16	11	7	0	0.25	0.222222222222222	0.58757786538521	FALSE	0.261093090113375
ENSG00000198931	APRT	14	3	11	2	12	-0.333333333333333	-0.818181818181818	-0.714285714285714	1.18298119148507	FALSE	0.78517965632623
ENSG00000198937	CCDC167	13	2	11	3	10	-1	-0.454545454545455	-0.538461538461538	0.761055265040493	TRUE	0.389600261410901
ENSG00000198961	PJA2	12	3	9	7	5	-0.333333333333333	0.333333333333333	0.166666666666667	0.210802399555777	FALSE	-0.19376330319815
ENSG00000204267	TAP2	23	3	20	14	9	-0.333333333333333	0.3	0.217391304347826	0.324738040791987	FALSE	0.0244069018941251
ENSG00000204304	PBX2	14	2	12	10	4	-1	0.666666666666667	0.428571428571429	-0.933674633948368	TRUE	-1.2088267145014
ENSG00000204387	SNHG32	37	2	35	26	11	0	0.428571428571429	0.405405405405405	-0.755659027987333	FALSE	-1.02219671159103
ENSG00000205220	PSMB10	17	3	14	5	12	-1	-0.285714285714286	-0.411764705882353	1.13373117599505	TRUE	0.81186379930547
ENSG00000205250	E2F4	8	3	5	3	5	0.333333333333333	-0.6	-0.25	0.690708959771383	FALSE	0.344410526041415
ENSG00000213593	TMX2	10	2	8	7	3	0	0.5	0.4	0.74143742348321	FALSE	0.40990982630766
ENSG00000213983	AP1G2	8	2	6	4	4	-1	0.333333333333333	0	-1.33749475015724	TRUE	-1.62809159164707
ENSG00000214078	CPNE1	18	4	14	10	8	-1	0.428571428571429	0.111111111111111	-0.814988261383641	TRUE	-1.07089698127921
ENSG00000214706	IFRD2	6	2	4	1	5	0	-1	-0.666666666666667	1.84068475764126	FALSE	1.50141231849102
ENSG00000221963	APOL6	22	4	18	17	5	1	0.444444444444444	0.545454545454545	-0.168941614307523	TRUE	-0.602220451832705
ENSG00000224877	NDUFAF8	15	2	13	8	7	-1	0.230769230769231	0.0666666666666667	0.781798199295298	TRUE	0.41039888219356
ENSG00000226979	LTA	16	2	14	6	10	-1	-0.142857142857143	-0.25	6.55578306474838	TRUE	6.0696122152153
ENSG00000227507	LTB	30	3	27	6	24	0.333333333333333	-0.703703703703704	-0.6	0.0898980094857542	FALSE	-0.283448232226725
ENSG00000237649	KIFC1	7	2	5	1	6	-1	-0.6	-0.714285714285714	6.92592842155917	TRUE	5.83467189012489
ENSG00000239900	ADSL	24	2	22	1	23	-1	-0.909090909090909	-0.916666666666667	1.99655707387655	TRUE	1.617331968186
ENSG00000240065	PSMB9	37	5	32	16	21	-1	0	-0.135135135135135	1.15568262678807	TRUE	0.833690628753247
ENSG00000240972	MIF	17	8	9	2	15	-0.75	-0.777777777777778	-0.764705882352941	3.04419787656402	FALSE	2.73867553921589
ENSG00000241553	ARPC4	24	3	21	13	11	-0.333333333333333	0.142857142857143	0.0833333333333333	1.0972171334764	FALSE	0.791777944460795
ENSG00000242114	MTFP1	4	2	2	2	2	-1	1	0	2.31813766633237	TRUE	1.86408810085294
ENSG00000243678	NME2	38	3	35	7	31	0.333333333333333	-0.714285714285714	-0.631578947368421	3.06022938693081	FALSE	2.42613326900842
ENSG00000253729	PRKDC	11	3	8	3	8	1	-1	-0.454545454545455	1.57147507650315	TRUE	1.27606215695114
ENSG00000254772	EEF1G	55	3	52	22	33	-0.333333333333333	-0.192307692307692	-0.2	0	FALSE	0
ENSG00000257594	GALNT4	8	2	6	8	0	1	1	1	0.72783549101488	TRUE	0.104201134542015
ENSG00000258289	CHURC1	18	3	15	8	10	-1	0.0666666666666667	-0.111111111111111	-1.79974341494067	TRUE	-1.94003635812616
ENSG00000269858	EGLN2	5	2	3	1	4	-1	-0.333333333333333	-0.6	-0.998890649918463	TRUE	-1.26312506512773
