regulator_ensg	regulator	lost_n_resolved	lost_n_rest_sign_retaining	lost_rest_sign_retaining_fraction	gained_n_resolved	gained_n_rest_sign_retaining	gained_rest_sign_retaining_fraction	lost_minus_gained_fraction	lost_minus_gained_exact_fraction
ENSG00000004487	KDM1A	7	7	1.0	2	1	0.5	0.5	1/2
ENSG00000004961	HCCS	3	3	1.0	1	1	1.0	0.0	0/1
ENSG00000005339	CREBBP	7	5	0.7142857142857143	11	2	0.18181818181818182	0.5324675324675324	41/77
ENSG00000005483	KMT2E	1	1	1.0	1	1	1.0	0.0	0/1
ENSG00000008838	MED24	7	6	0.8571428571428571	17	9	0.5294117647058824	0.3277310924369748	39/119
ENSG00000037897	METTL1	4	4	1.0	1	1	1.0	0.0	0/1
ENSG00000064995	TAF11	1	1	1.0	3	1	0.3333333333333333	0.6666666666666666	2/3
ENSG00000065615	CYB5R4	1	1	1.0	3	2	0.6666666666666666	0.3333333333333333	1/3
ENSG00000067955	CBFB	8	4	0.5	2	0	0.0	0.5	1/2
ENSG00000073584	SMARCE1	5	0	0.0	11	2	0.18181818181818182	-0.18181818181818182	-2/11
ENSG00000087302	RTRAF	1	1	1.0	2	1	0.5	0.5	1/2
ENSG00000095564	BTAF1	4	3	0.75	2	1	0.5	0.25	1/4
ENSG00000095787	WAC	4	0	0.0	2	2	1.0	-1.0	-1/1
ENSG00000099917	MED15	4	2	0.5	11	9	0.8181818181818182	-0.3181818181818182	-7/22
ENSG00000099956	SMARCB1	6	0	0.0	1	0	0.0	0.0	0/1
ENSG00000101457	DNTTIP1	2	0	0.0	2	0	0.0	0.0	0/1
ENSG00000102144	PGK1	1	1	1.0	1	0	0.0	1.0	1/1
ENSG00000102710	SUPT20H	27	21	0.7777777777777778	19	6	0.3157894736842105	0.4619883040935672	79/171
ENSG00000103363	ELOB	4	2	0.5	5	1	0.2	0.3	3/10
ENSG00000106546	AHR	15	4	0.26666666666666666	12	5	0.4166666666666667	-0.15	-3/20
ENSG00000107485	GATA3	1	0	0.0	4	1	0.25	-0.25	-1/4
ENSG00000108946	PRKAR1A	2	2	1.0	2	1	0.5	0.5	1/2
ENSG00000110321	EIF4G2	8	3	0.375	7	2	0.2857142857142857	0.08928571428571429	5/56
ENSG00000111605	CPSF6	4	3	0.75	3	1	0.3333333333333333	0.4166666666666667	5/12
ENSG00000112237	CCNC	30	20	0.6666666666666666	31	21	0.6774193548387096	-0.010752688172043012	-1/93
ENSG00000112983	BRD8	2	2	1.0	3	2	0.6666666666666666	0.3333333333333333	1/3
ENSG00000115085	ZAP70	1	1	1.0	3	0	0.0	1.0	1/1
ENSG00000118046	STK11	1	1	1.0	1	1	1.0	0.0	0/1
ENSG00000119231	SENP5	15	11	0.7333333333333333	13	7	0.5384615384615384	0.19487179487179487	38/195
ENSG00000119760	SUPT7L	55	50	0.9090909090909091	28	23	0.8214285714285714	0.08766233766233766	27/308
ENSG00000120686	UFM1	2	2	1.0	5	5	1.0	0.0	0/1
ENSG00000123338	NCKAP1L	12	6	0.5	6	0	0.0	0.5	1/2
ENSG00000124422	USP22	3	1	0.3333333333333333	1	0	0.0	0.3333333333333333	1/3
ENSG00000130165	ELOF1	14	12	0.8571428571428571	8	3	0.375	0.48214285714285715	27/56
ENSG00000133895	MEN1	3	1	0.3333333333333333	3	3	1.0	-0.6666666666666666	-2/3
ENSG00000136940	PDCL	2	1	0.5	2	1	0.5	0.0	0/1
ENSG00000138095	LRPPRC	1	1	1.0	1	1	1.0	0.0	0/1
ENSG00000139726	DENR	7	7	1.0	2	1	0.5	0.5	1/2
ENSG00000140395	SKIC8	1	1	1.0	2	2	1.0	0.0	0/1
ENSG00000141027	NCOR1	6	2	0.3333333333333333	8	5	0.625	-0.2916666666666667	-7/24
ENSG00000142197	DOP1B	1	1	1.0	1	1	1.0	0.0	0/1
ENSG00000143374	TARS2	1	0	0.0	3	3	1.0	-1.0	-1/1
ENSG00000143437	ARNT	38	27	0.7105263157894737	20	5	0.25	0.4605263157894737	35/76
ENSG00000146918	NCAPG2	2	1	0.5	2	0	0.0	0.5	1/2
ENSG00000147677	EIF3H	1	1	1.0	1	1	1.0	0.0	0/1
ENSG00000149480	MTA2	1	0	0.0	2	1	0.5	-0.5	-1/2
ENSG00000152382	TADA1	28	23	0.8214285714285714	11	6	0.5454545454545454	0.275974025974026	85/308
ENSG00000155363	MOV10	2	2	1.0	1	1	1.0	0.0	0/1
ENSG00000156127	BATF	1	0	0.0	2	2	1.0	-1.0	-1/1
ENSG00000156603	MED19	4	4	1.0	3	2	0.6666666666666666	0.3333333333333333	1/3
ENSG00000159753	CARMIL2	2	0	0.0	1	0	0.0	0.0	0/1
ENSG00000160584	SIK3	1	1	1.0	1	1	1.0	0.0	0/1
ENSG00000162191	UBXN1	3	3	1.0	3	1	0.3333333333333333	0.6666666666666666	2/3
ENSG00000162227	TAF6L	31	24	0.7741935483870968	24	9	0.375	0.39919354838709675	99/248
ENSG00000164091	WDR82	2	2	1.0	2	2	1.0	0.0	0/1
ENSG00000165671	NSD1	3	3	1.0	2	1	0.5	0.5	1/2
ENSG00000165699	TSC1	1	1	1.0	1	1	1.0	0.0	0/1
ENSG00000166477	LEO1	2	0	0.0	16	11	0.6875	-0.6875	-11/16
ENSG00000167130	DOLPP1	28	28	1.0	2	1	0.5	0.5	1/2
ENSG00000168286	THAP11	1	0	0.0	1	1	1.0	-1.0	-1/1
ENSG00000168439	STIP1	2	2	1.0	3	2	0.6666666666666666	0.3333333333333333	1/3
ENSG00000168610	STAT3	2	0	0.0	3	0	0.0	0.0	0/1
ENSG00000173011	TADA2B	96	75	0.78125	69	26	0.37681159420289856	0.40443840579710144	893/2208
ENSG00000174437	ATP2A2	12	10	0.8333333333333334	15	8	0.5333333333333333	0.3	3/10
ENSG00000174953	DHX36	1	1	1.0	15	15	1.0	0.0	0/1
ENSG00000176208	ATAD5	20	17	0.85	12	5	0.4166666666666667	0.43333333333333335	13/30
ENSG00000176476	SGF29	48	38	0.7916666666666666	12	3	0.25	0.5416666666666666	13/24
ENSG00000184634	MED12	13	11	0.8461538461538461	14	10	0.7142857142857143	0.13186813186813187	12/91
ENSG00000184840	TMED9	6	4	0.6666666666666666	1	0	0.0	0.6666666666666666	2/3
ENSG00000185651	UBE2L3	2	2	1.0	4	1	0.25	0.75	3/4
ENSG00000187555	USP7	2	1	0.5	1	1	1.0	-0.5	-1/2
ENSG00000197780	TAF13	4	3	0.75	11	8	0.7272727272727273	0.022727272727272728	1/44
ENSG00000198171	DDRGK1	2	2	1.0	1	1	1.0	0.0	0/1
ENSG00000198492	YTHDF2	2	1	0.5	2	0	0.0	0.5	1/2
ENSG00000204619	PPP1R11	4	4	1.0	2	2	1.0	0.0	0/1
